date,close,source
2010-07-18,0.08584,coinmetrics
2010-07-19,0.0808,coinmetrics
2010-07-20,0.07473572881,coinmetrics
2010-07-21,0.07919286265,coinmetrics
2010-07-22,0.05846976037,coinmetrics
2010-07-23,0.06059286967,coinmetrics
2010-07-24,0.05454,coinmetrics
2010-07-25,0.05054061835,coinmetrics
2010-07-26,0.056,coinmetrics
2010-07-27,0.05862201636,coinmetrics
2010-07-28,0.05891109877,coinmetrics
2010-07-29,0.0699,coinmetrics
2010-07-30,0.06465738165,coinmetrics
2010-07-31,0.06754579895,coinmetrics
2010-08-01,0.0611,coinmetrics
2010-08-02,0.06,coinmetrics
2010-08-03,0.06001215079,coinmetrics
2010-08-04,0.05701578025,coinmetrics
2010-08-05,0.061,coinmetrics
2010-08-06,0.06167131502,coinmetrics
2010-08-07,0.05900394506,coinmetrics
2010-08-08,0.0609,coinmetrics
2010-08-09,0.0704,coinmetrics
2010-08-10,0.06933872881,coinmetrics
2010-08-11,0.067,coinmetrics
2010-08-12,0.07,coinmetrics
2010-08-13,0.0645,coinmetrics
2010-08-14,0.06699643366,coinmetrics
2010-08-15,0.0651179322,coinmetrics
2010-08-16,0.0655,coinmetrics
2010-08-17,0.07,coinmetrics
2010-08-18,0.068,coinmetrics
2010-08-19,0.0667,coinmetrics
2010-08-20,0.0655,coinmetrics
2010-08-21,0.0664,coinmetrics
2010-08-22,0.0659289889,coinmetrics
2010-08-23,0.06491,coinmetrics
2010-08-24,0.065,coinmetrics
2010-08-25,0.0648,coinmetrics
2010-08-26,0.06407511397,coinmetrics
2010-08-27,0.065,coinmetrics
2010-08-28,0.0646,coinmetrics
2010-08-29,0.064,coinmetrics
2010-08-30,0.06497,coinmetrics
2010-08-31,0.06,coinmetrics
2010-09-01,0.06202482759,coinmetrics
2010-09-02,0.0634,coinmetrics
2010-09-03,0.06085,coinmetrics
2010-09-04,0.06217827586,coinmetrics
2010-09-05,0.06165,coinmetrics
2010-09-06,0.0616,coinmetrics
2010-09-07,0.06123911806,coinmetrics
2010-09-08,0.061,coinmetrics
2010-09-09,0.06111497078,coinmetrics
2010-09-10,0.06101152425,coinmetrics
2010-09-11,0.06362086499,coinmetrics
2010-09-12,0.0615,coinmetrics
2010-09-13,0.06218,coinmetrics
2010-09-14,0.06199,coinmetrics
2010-09-15,0.0604,coinmetrics
2010-09-16,0.0619,coinmetrics
2010-09-17,0.06000052601,coinmetrics
2010-09-18,0.061,coinmetrics
2010-09-19,0.0627,coinmetrics
2010-09-20,0.06210173583,coinmetrics
2010-09-21,0.06265,coinmetrics
2010-09-22,0.06188187025,coinmetrics
2010-09-23,0.06215351257,coinmetrics
2010-09-24,0.0622,coinmetrics
2010-09-25,0.06202,coinmetrics
2010-09-26,0.062,coinmetrics
2010-09-27,0.06220044185,coinmetrics
2010-09-28,0.06190389772,coinmetrics
2010-09-29,0.06191,coinmetrics
2010-09-30,0.0619,coinmetrics
2010-10-01,0.06197331385,coinmetrics
2010-10-02,0.0614,coinmetrics
2010-10-03,0.0610648685,coinmetrics
2010-10-04,0.06129447691,coinmetrics
2010-10-05,0.0614,coinmetrics
2010-10-06,0.06281,coinmetrics
2010-10-07,0.067,coinmetrics
2010-10-08,0.08445310812,coinmetrics
2010-10-09,0.0938,coinmetrics
2010-10-10,0.09714620105,coinmetrics
2010-10-11,0.095,coinmetrics
2010-10-12,0.0949,coinmetrics
2010-10-13,0.1048655891,coinmetrics
2010-10-14,0.102,coinmetrics
2010-10-15,0.105,coinmetrics
2010-10-16,0.101,coinmetrics
2010-10-17,0.102,coinmetrics
2010-10-18,0.1024,coinmetrics
2010-10-19,0.09754489188,coinmetrics
2010-10-20,0.099,coinmetrics
2010-10-21,0.107,coinmetrics
2010-10-22,0.1025,coinmetrics
2010-10-23,0.1045564243,coinmetrics
2010-10-24,0.11501,coinmetrics
2010-10-25,0.1391185529,coinmetrics
2010-10-26,0.151,coinmetrics
2010-10-27,0.1877,coinmetrics
2010-10-28,0.1731,coinmetrics
2010-10-29,0.19,coinmetrics
2010-10-30,0.1976105435,coinmetrics
2010-10-31,0.1925,coinmetrics
2010-11-01,0.1945250614,coinmetrics
2010-11-02,0.1938,coinmetrics
2010-11-03,0.1931,coinmetrics
2010-11-04,0.2292751607,coinmetrics
2010-11-05,0.2591124138,coinmetrics
2010-11-06,0.4009823027,coinmetrics
2010-11-07,0.34,coinmetrics
2010-11-08,0.2431846289,coinmetrics
2010-11-09,0.2172726943,coinmetrics
2010-11-10,0.2295497312,coinmetrics
2010-11-11,0.2231,coinmetrics
2010-11-12,0.2682,coinmetrics
2010-11-13,0.276,coinmetrics
2010-11-14,0.27904,coinmetrics
2010-11-15,0.2684645558,coinmetrics
2010-11-16,0.225,coinmetrics
2010-11-17,0.2419393337,coinmetrics
2010-11-18,0.2690577908,coinmetrics
2010-11-19,0.27829,coinmetrics
2010-11-20,0.2830159649,coinmetrics
2010-11-21,0.27675,coinmetrics
2010-11-22,0.285,coinmetrics
2010-11-23,0.28295,coinmetrics
2010-11-24,0.2829057364,coinmetrics
2010-11-25,0.28,coinmetrics
2010-11-26,0.2844,coinmetrics
2010-11-27,0.283,coinmetrics
2010-11-28,0.2713586791,coinmetrics
2010-11-29,0.2305594565,coinmetrics
2010-11-30,0.2082,coinmetrics
2010-12-01,0.2275,coinmetrics
2010-12-02,0.255,coinmetrics
2010-12-03,0.2510600836,coinmetrics
2010-12-04,0.205000526,coinmetrics
2010-12-05,0.2028500175,coinmetrics
2010-12-06,0.204,coinmetrics
2010-12-07,0.2334203857,coinmetrics
2010-12-08,0.2388,coinmetrics
2010-12-09,0.1999916943,coinmetrics
2010-12-10,0.204,coinmetrics
2010-12-11,0.228,coinmetrics
2010-12-12,0.2198536119,coinmetrics
2010-12-13,0.2276052367,coinmetrics
2010-12-14,0.24669,coinmetrics
2010-12-15,0.24,coinmetrics
2010-12-16,0.24996,coinmetrics
2010-12-17,0.2426558153,coinmetrics
2010-12-18,0.241,coinmetrics
2010-12-19,0.2401,coinmetrics
2010-12-20,0.267,coinmetrics
2010-12-21,0.2414360023,coinmetrics
2010-12-22,0.25,coinmetrics
2010-12-23,0.249970128,coinmetrics
2010-12-24,0.248,coinmetrics
2010-12-25,0.2499,coinmetrics
2010-12-26,0.2649621274,coinmetrics
2010-12-27,0.2647853887,coinmetrics
2010-12-28,0.281,coinmetrics
2010-12-29,0.3,coinmetrics
2010-12-30,0.3,coinmetrics
2010-12-31,0.3,coinmetrics
2011-01-01,0.3,coinmetrics
2011-01-02,0.29997,coinmetrics
2011-01-03,0.295,coinmetrics
2011-01-04,0.29895,coinmetrics
2011-01-05,0.2989163022,coinmetrics
2011-01-06,0.298,coinmetrics
2011-01-07,0.32,coinmetrics
2011-01-08,0.3229,coinmetrics
2011-01-09,0.323,coinmetrics
2011-01-10,0.32659,coinmetrics
2011-01-11,0.32659,coinmetrics
2011-01-12,0.3187996213,coinmetrics
2011-01-13,0.3176,coinmetrics
2011-01-14,0.3999900058,coinmetrics
2011-01-15,0.386,coinmetrics
2011-01-16,0.38679,coinmetrics
2011-01-17,0.3495,coinmetrics
2011-01-18,0.31299,coinmetrics
2011-01-19,0.31299,coinmetrics
2011-01-20,0.39,coinmetrics
2011-01-21,0.41991,coinmetrics
2011-01-22,0.4400355289,coinmetrics
2011-01-23,0.4424,coinmetrics
2011-01-24,0.4199,coinmetrics
2011-01-25,0.41,coinmetrics
2011-01-26,0.4150851297,coinmetrics
2011-01-27,0.4212,coinmetrics
2011-01-28,0.4444840444,coinmetrics
2011-01-29,0.439,coinmetrics
2011-01-30,0.4771420339,coinmetrics
2011-01-31,0.5251368703,coinmetrics
2011-02-01,0.7075101169,coinmetrics
2011-02-02,0.7254348217,coinmetrics
2011-02-03,0.6938983676,coinmetrics
2011-02-04,0.8109589714,coinmetrics
2011-02-05,0.9116714775,coinmetrics
2011-02-06,0.898,coinmetrics
2011-02-07,0.88942137,coinmetrics
2011-02-08,0.918,coinmetrics
2011-02-09,1.016050245,coinmetrics
2011-02-10,0.9796529632,coinmetrics
2011-02-11,1.054069454,coinmetrics
2011-02-12,1.078703284,coinmetrics
2011-02-13,1.05,coinmetrics
2011-02-14,1.070012624,coinmetrics
2011-02-15,1.05,coinmetrics
2011-02-16,1.031687629,coinmetrics
2011-02-17,1.039923198,coinmetrics
2011-02-18,0.8989559147,coinmetrics
2011-02-19,0.9440281169,coinmetrics
2011-02-20,0.865,coinmetrics
2011-02-21,0.8357474284,coinmetrics
2011-02-22,0.8770417797,coinmetrics
2011-02-23,0.9,coinmetrics
2011-02-24,0.9890952659,coinmetrics
2011-02-25,0.9146520018,coinmetrics
2011-02-26,0.958,coinmetrics
2011-02-27,0.8950331146,coinmetrics
2011-02-28,0.8602209234,coinmetrics
2011-03-01,0.9210968919,coinmetrics
2011-03-02,0.9399,coinmetrics
2011-03-03,0.9390733834,coinmetrics
2011-03-04,0.9011,coinmetrics
2011-03-05,0.9078406067,coinmetrics
2011-03-06,0.8847709731,coinmetrics
2011-03-07,0.8775838644,coinmetrics
2011-03-08,0.8660715915,coinmetrics
2011-03-09,0.86,coinmetrics
2011-03-10,0.9206703098,coinmetrics
2011-03-11,0.88,coinmetrics
2011-03-12,0.9178155132,coinmetrics
2011-03-13,0.89249,coinmetrics
2011-03-14,0.8939249229,coinmetrics
2011-03-15,0.87224,coinmetrics
2011-03-16,0.8512116657,coinmetrics
2011-03-17,0.82542,coinmetrics
2011-03-18,0.8019592081,coinmetrics
2011-03-19,0.765,coinmetrics
2011-03-20,0.7415,coinmetrics
2011-03-21,0.75897,coinmetrics
2011-03-22,0.8091302928,coinmetrics
2011-03-23,0.84971,coinmetrics
2011-03-24,0.8723743659,coinmetrics
2011-03-25,0.88377,coinmetrics
2011-03-26,0.8552,coinmetrics
2011-03-27,0.822,coinmetrics
2011-03-28,0.7947405003,coinmetrics
2011-03-29,0.7925099416,coinmetrics
2011-03-30,0.7897063121,coinmetrics
2011-03-31,0.78461,coinmetrics
2011-04-01,0.77411,coinmetrics
2011-04-02,0.78199,coinmetrics
2011-04-03,0.779,coinmetrics
2011-04-04,0.68,coinmetrics
2011-04-05,0.7156918346,coinmetrics
2011-04-06,0.74,coinmetrics
2011-04-07,0.7538,coinmetrics
2011-04-08,0.74999,coinmetrics
2011-04-09,0.7340605172,coinmetrics
2011-04-10,0.7331568206,coinmetrics
2011-04-11,0.7701139334,coinmetrics
2011-04-12,0.8613816078,coinmetrics
2011-04-13,0.9303200584,coinmetrics
2011-04-14,0.9986297662,coinmetrics
2011-04-15,0.9836731368,coinmetrics
2011-04-16,1.046632858,coinmetrics
2011-04-17,1.098122098,coinmetrics
2011-04-18,1.149433312,coinmetrics
2011-04-19,1.185162221,coinmetrics
2011-04-20,1.142125985,coinmetrics
2011-04-21,1.207338872,coinmetrics
2011-04-22,1.404505082,coinmetrics
2011-04-23,1.828852301,coinmetrics
2011-04-24,1.63198422,coinmetrics
2011-04-25,1.564483635,coinmetrics
2011-04-26,1.77084089,coinmetrics
2011-04-27,1.903175959,coinmetrics
2011-04-28,2.285744466,coinmetrics
2011-04-29,2.85060509,coinmetrics
2011-04-30,3.5,coinmetrics
2011-05-01,3.094227553,coinmetrics
2011-05-02,3.2,coinmetrics
2011-05-03,3.360585704,coinmetrics
2011-05-04,3.408673047,coinmetrics
2011-05-05,3.343736684,coinmetrics
2011-05-06,3.455075584,coinmetrics
2011-05-07,3.641262978,coinmetrics
2011-05-08,3.848668377,coinmetrics
2011-05-09,3.804089582,coinmetrics
2011-05-10,5.651667002,coinmetrics
2011-05-11,5.439751044,coinmetrics
2011-05-12,6.334878694,coinmetrics
2011-05-13,8.139034867,coinmetrics
2011-05-14,7.007243829,coinmetrics
2011-05-15,6.924924845,coinmetrics
2011-05-16,7.885140745,coinmetrics
2011-05-17,7.257199541,coinmetrics
2011-05-18,6.763163362,coinmetrics
2011-05-19,6.890143632,coinmetrics
2011-05-20,5.618096219,coinmetrics
2011-05-21,6.084800667,coinmetrics
2011-05-22,6.71195604,coinmetrics
2011-05-23,7.065256784,coinmetrics
2011-05-24,7.402660582,coinmetrics
2011-05-25,8.569289637,coinmetrics
2011-05-26,8.782155434,coinmetrics
2011-05-27,8.528658468,coinmetrics
2011-05-28,8.34926912,coinmetrics
2011-05-29,8.400953472,coinmetrics
2011-05-30,8.779342465,coinmetrics
2011-05-31,8.721576422,coinmetrics
2011-06-01,9.623777232,coinmetrics
2011-06-02,10.70276023,coinmetrics
2011-06-03,14.26464677,coinmetrics
2011-06-04,18.31273873,coinmetrics
2011-06-05,16.5433424,coinmetrics
2011-06-06,18.40209864,coinmetrics
2011-06-07,23.23787846,coinmetrics
2011-06-08,29.02992133,coinmetrics
2011-06-09,28.79054402,coinmetrics
2011-06-10,24.04939923,coinmetrics
2011-06-11,14.74974663,coinmetrics
2011-06-12,18.85014473,coinmetrics
2011-06-13,19.54232911,coinmetrics
2011-06-14,19.25773551,coinmetrics
2011-06-15,19.46414262,coinmetrics
2011-06-16,17.92936254,coinmetrics
2011-06-17,15.43636891,coinmetrics
2011-06-18,16.87540454,coinmetrics
2011-06-19,17.51071679,coinmetrics
2011-06-20,17.51071679,coinmetrics
2011-06-21,17.51071679,coinmetrics
2011-06-22,17.51071679,coinmetrics
2011-06-23,17.51071679,coinmetrics
2011-06-24,17.51071679,coinmetrics
2011-06-25,17.51071679,coinmetrics
2011-06-26,16.36134202,coinmetrics
2011-06-27,16.75228581,coinmetrics
2011-06-28,16.96183531,coinmetrics
2011-06-29,16.85456832,coinmetrics
2011-06-30,16.18526278,coinmetrics
2011-07-01,15.4203574,coinmetrics
2011-07-02,15.38284407,coinmetrics
2011-07-03,15.45755056,coinmetrics
2011-07-04,13.85279681,coinmetrics
2011-07-05,12.96481771,coinmetrics
2011-07-06,14.71478358,coinmetrics
2011-07-07,14.79728916,coinmetrics
2011-07-08,14.2990377,coinmetrics
2011-07-09,14.38150067,coinmetrics
2011-07-10,14.62293755,coinmetrics
2011-07-11,14.31015543,coinmetrics
2011-07-12,14.02127262,coinmetrics
2011-07-13,13.97145452,coinmetrics
2011-07-14,13.99797455,coinmetrics
2011-07-15,13.80639041,coinmetrics
2011-07-16,13.7130793,coinmetrics
2011-07-17,13.25813531,coinmetrics
2011-07-18,13.63052125,coinmetrics
2011-07-19,13.82479484,coinmetrics
2011-07-20,13.67833059,coinmetrics
2011-07-21,13.61180844,coinmetrics
2011-07-22,13.69854733,coinmetrics
2011-07-23,13.68171834,coinmetrics
2011-07-24,13.99251518,coinmetrics
2011-07-25,14.03342538,coinmetrics
2011-07-26,13.87803232,coinmetrics
2011-07-27,13.87822476,coinmetrics
2011-07-28,13.49159108,coinmetrics
2011-07-29,13.51231639,coinmetrics
2011-07-30,13.54028067,coinmetrics
2011-07-31,13.3729061,coinmetrics
2011-08-01,13.01911385,coinmetrics
2011-08-02,12.21415644,coinmetrics
2011-08-03,9.286356914,coinmetrics
2011-08-04,10.76850375,coinmetrics
2011-08-05,9.73015396,coinmetrics
2011-08-06,6.964169736,coinmetrics
2011-08-07,8.501793292,coinmetrics
2011-08-08,7.775337638,coinmetrics
2011-08-09,9.802499481,coinmetrics
2011-08-10,10.05125313,coinmetrics
2011-08-11,9.438412995,coinmetrics
2011-08-12,9.452993285,coinmetrics
2011-08-13,10.00402474,coinmetrics
2011-08-14,10.80682077,coinmetrics
2011-08-15,11.13069655,coinmetrics
2011-08-16,10.99196557,coinmetrics
2011-08-17,10.96396406,coinmetrics
2011-08-18,10.85847146,coinmetrics
2011-08-19,11.67047304,coinmetrics
2011-08-20,11.45973174,coinmetrics
2011-08-21,11.35448134,coinmetrics
2011-08-22,10.92089582,coinmetrics
2011-08-23,10.91724505,coinmetrics
2011-08-24,10.87044429,coinmetrics
2011-08-25,9.546093674,coinmetrics
2011-08-26,8.126920163,coinmetrics
2011-08-27,8.596497607,coinmetrics
2011-08-28,9.0308664,coinmetrics
2011-08-29,8.961157271,coinmetrics
2011-08-30,8.809948738,coinmetrics
2011-08-31,8.199151764,coinmetrics
2011-09-01,8.234281665,coinmetrics
2011-09-02,8.621424438,coinmetrics
2011-09-03,8.449653441,coinmetrics
2011-09-04,8.203470602,coinmetrics
2011-09-05,7.597332525,coinmetrics
2011-09-06,6.846530029,coinmetrics
2011-09-07,7.162970274,coinmetrics
2011-09-08,6.67818,coinmetrics
2011-09-09,4.986777042,coinmetrics
2011-09-10,4.742846655,coinmetrics
2011-09-11,5.852903973,coinmetrics
2011-09-12,6.090629472,coinmetrics
2011-09-13,5.802523277,coinmetrics
2011-09-14,5.59743261,coinmetrics
2011-09-15,4.867755185,coinmetrics
2011-09-16,4.831168101,coinmetrics
2011-09-17,4.775285635,coinmetrics
2011-09-18,5.236732278,coinmetrics
2011-09-19,5.520376692,coinmetrics
2011-09-20,6.146665552,coinmetrics
2011-09-21,5.597067498,coinmetrics
2011-09-22,5.475048777,coinmetrics
2011-09-23,5.56342142,coinmetrics
2011-09-24,5.457889687,coinmetrics
2011-09-25,5.341154881,coinmetrics
2011-09-26,4.873826081,coinmetrics
2011-09-27,4.911157793,coinmetrics
2011-09-28,4.763415321,coinmetrics
2011-09-29,4.777660978,coinmetrics
2011-09-30,5.14368591,coinmetrics
2011-10-01,5.034070545,coinmetrics
2011-10-02,5.007062597,coinmetrics
2011-10-03,5.02284486,coinmetrics
2011-10-04,4.956805621,coinmetrics
2011-10-05,4.885067131,coinmetrics
2011-10-06,4.730166296,coinmetrics
2011-10-07,4.276035757,coinmetrics
2011-10-08,3.981252994,coinmetrics
2011-10-09,4.111634643,coinmetrics
2011-10-10,4.074962484,coinmetrics
2011-10-11,4.008924496,coinmetrics
2011-10-12,4.166235342,coinmetrics
2011-10-13,4.03698109,coinmetrics
2011-10-14,3.986280885,coinmetrics
2011-10-15,3.83733856,coinmetrics
2011-10-16,3.609741717,coinmetrics
2011-10-17,2.581246722,coinmetrics
2011-10-18,2.422274738,coinmetrics
2011-10-19,2.217254713,coinmetrics
2011-10-20,2.356123508,coinmetrics
2011-10-21,2.570092305,coinmetrics
2011-10-22,3.155486139,coinmetrics
2011-10-23,3.14775093,coinmetrics
2011-10-24,2.522935998,coinmetrics
2011-10-25,2.801923831,coinmetrics
2011-10-26,2.777505239,coinmetrics
2011-10-27,3.045407828,coinmetrics
2011-10-28,3.179639437,coinmetrics
2011-10-29,3.569188969,coinmetrics
2011-10-30,3.257403723,coinmetrics
2011-10-31,3.265098213,coinmetrics
2011-11-01,3.171007743,coinmetrics
2011-11-02,3.255800567,coinmetrics
2011-11-03,3.168316385,coinmetrics
2011-11-04,3.120118172,coinmetrics
2011-11-05,2.977817598,coinmetrics
2011-11-06,2.962720577,coinmetrics
2011-11-07,3.017757687,coinmetrics
2011-11-08,3.056567111,coinmetrics
2011-11-09,2.919567224,coinmetrics
2011-11-10,2.856702085,coinmetrics
2011-11-11,3.067861733,coinmetrics
2011-11-12,3.025522996,coinmetrics
2011-11-13,2.986373303,coinmetrics
2011-11-14,2.224224464,coinmetrics
2011-11-15,2.322384116,coinmetrics
2011-11-16,2.546780931,coinmetrics
2011-11-17,2.279095836,coinmetrics
2011-11-18,2.105066003,coinmetrics
2011-11-19,2.203456722,coinmetrics
2011-11-20,2.20198951,coinmetrics
2011-11-21,2.279879165,coinmetrics
2011-11-22,2.322458596,coinmetrics
2011-11-23,2.330323568,coinmetrics
2011-11-24,2.438879,coinmetrics
2011-11-25,2.496161003,coinmetrics
2011-11-26,2.471799969,coinmetrics
2011-11-27,2.477564951,coinmetrics
2011-11-28,2.541240252,coinmetrics
2011-11-29,2.757698483,coinmetrics
2011-11-30,2.966041546,coinmetrics
2011-12-01,3.08258945,coinmetrics
2011-12-02,3.100402333,coinmetrics
2011-12-03,2.803856185,coinmetrics
2011-12-04,2.819693976,coinmetrics
2011-12-05,2.874796227,coinmetrics
2011-12-06,3.025360451,coinmetrics
2011-12-07,2.985502421,coinmetrics
2011-12-08,2.991880483,coinmetrics
2011-12-09,2.955791952,coinmetrics
2011-12-10,3.068975267,coinmetrics
2011-12-11,3.249268847,coinmetrics
2011-12-12,3.187335357,coinmetrics
2011-12-13,3.241088409,coinmetrics
2011-12-14,3.155086504,coinmetrics
2011-12-15,3.203138541,coinmetrics
2011-12-16,3.209137777,coinmetrics
2011-12-17,3.192541704,coinmetrics
2011-12-18,3.194010809,coinmetrics
2011-12-19,3.525773919,coinmetrics
2011-12-20,3.952550827,coinmetrics
2011-12-21,3.888993251,coinmetrics
2011-12-22,3.903060421,coinmetrics
2011-12-23,3.937965076,coinmetrics
2011-12-24,3.939419119,coinmetrics
2011-12-25,4.233866878,coinmetrics
2011-12-26,3.999121964,coinmetrics
2011-12-27,4.095518546,coinmetrics
2011-12-28,4.207295876,coinmetrics
2011-12-29,4.173352227,coinmetrics
2011-12-30,4.31063509,coinmetrics
2011-12-31,4.714306331,coinmetrics
2012-01-01,5.294842777,coinmetrics
2012-01-02,5.204877892,coinmetrics
2012-01-03,4.870508829,coinmetrics
2012-01-04,5.585706267,coinmetrics
2012-01-05,6.874000877,coinmetrics
2012-01-06,6.68331664,coinmetrics
2012-01-07,6.796227981,coinmetrics
2012-01-08,7.096650566,coinmetrics
2012-01-09,6.288538342,coinmetrics
2012-01-10,6.528474555,coinmetrics
2012-01-11,6.889127721,coinmetrics
2012-01-12,6.773564196,coinmetrics
2012-01-13,6.45436889,coinmetrics
2012-01-14,6.761727143,coinmetrics
2012-01-15,7.046922558,coinmetrics
2012-01-16,6.715607667,coinmetrics
2012-01-17,5.59962195,coinmetrics
2012-01-18,5.900231288,coinmetrics
2012-01-19,6.315706342,coinmetrics
2012-01-20,6.501491988,coinmetrics
2012-01-21,6.180568326,coinmetrics
2012-01-22,6.302967227,coinmetrics
2012-01-23,6.374876077,coinmetrics
2012-01-24,6.274476476,coinmetrics
2012-01-25,5.810465072,coinmetrics
2012-01-26,5.367226954,coinmetrics
2012-01-27,5.303137197,coinmetrics
2012-01-28,5.659796775,coinmetrics
2012-01-29,5.391429457,coinmetrics
2012-01-30,5.503481939,coinmetrics
2012-01-31,5.538220296,coinmetrics
2012-02-01,6.075232652,coinmetrics
2012-02-02,6.099572913,coinmetrics
2012-02-03,5.951610928,coinmetrics
2012-02-04,5.895413239,coinmetrics
2012-02-05,5.678115717,coinmetrics
2012-02-06,5.482664058,coinmetrics
2012-02-07,5.6620277,coinmetrics
2012-02-08,5.61852819,coinmetrics
2012-02-09,5.835699854,coinmetrics
2012-02-10,5.937834155,coinmetrics
2012-02-11,5.612132853,coinmetrics
2012-02-12,5.519097169,coinmetrics
2012-02-13,5.348354559,coinmetrics
2012-02-14,4.483654092,coinmetrics
2012-02-15,4.325520322,coinmetrics
2012-02-16,4.255239045,coinmetrics
2012-02-17,4.391538373,coinmetrics
2012-02-18,4.270081278,coinmetrics
2012-02-19,4.389551458,coinmetrics
2012-02-20,4.365135939,coinmetrics
2012-02-21,4.315115602,coinmetrics
2012-02-22,4.419310288,coinmetrics
2012-02-23,5.039515118,coinmetrics
2012-02-24,5.025608759,coinmetrics
2012-02-25,4.772567381,coinmetrics
2012-02-26,4.926420852,coinmetrics
2012-02-27,4.952515756,coinmetrics
2012-02-28,4.857257776,coinmetrics
2012-02-29,4.872748756,coinmetrics
2012-03-01,4.922072124,coinmetrics
2012-03-02,4.714823587,coinmetrics
2012-03-03,4.628193252,coinmetrics
2012-03-04,4.834144482,coinmetrics
2012-03-05,4.982392904,coinmetrics
2012-03-06,4.987841352,coinmetrics
2012-03-07,4.949112885,coinmetrics
2012-03-08,4.934979495,coinmetrics
2012-03-09,4.872297847,coinmetrics
2012-03-10,4.841423805,coinmetrics
2012-03-11,4.892028752,coinmetrics
2012-03-12,4.910839379,coinmetrics
2012-03-13,5.290880279,coinmetrics
2012-03-14,5.390543292,coinmetrics
2012-03-15,5.340820899,coinmetrics
2012-03-16,5.339574791,coinmetrics
2012-03-17,5.236003554,coinmetrics
2012-03-18,5.270148985,coinmetrics
2012-03-19,4.678672553,coinmetrics
2012-03-20,4.830830216,coinmetrics
2012-03-21,4.817229525,coinmetrics
2012-03-22,4.729608505,coinmetrics
2012-03-23,4.691643177,coinmetrics
2012-03-24,4.651986266,coinmetrics
2012-03-25,4.552270262,coinmetrics
2012-03-26,4.63272236,coinmetrics
2012-03-27,4.811340735,coinmetrics
2012-03-28,4.790589392,coinmetrics
2012-03-29,4.794066572,coinmetrics
2012-03-30,4.861409357,coinmetrics
2012-03-31,4.889776873,coinmetrics
2012-04-01,4.793325677,coinmetrics
2012-04-02,4.983045479,coinmetrics
2012-04-03,4.956233193,coinmetrics
2012-04-04,4.917842178,coinmetrics
2012-04-05,4.920849245,coinmetrics
2012-04-06,4.949107432,coinmetrics
2012-04-07,4.70971191,coinmetrics
2012-04-08,4.778818849,coinmetrics
2012-04-09,4.852547381,coinmetrics
2012-04-10,4.841417594,coinmetrics
2012-04-11,4.915250717,coinmetrics
2012-04-12,4.901158147,coinmetrics
2012-04-13,4.934406733,coinmetrics
2012-04-14,4.956364661,coinmetrics
2012-04-15,4.961600338,coinmetrics
2012-04-16,4.950764569,coinmetrics
2012-04-17,4.968744508,coinmetrics
2012-04-18,5.124377443,coinmetrics
2012-04-19,5.130906511,coinmetrics
2012-04-20,5.366515968,coinmetrics
2012-04-21,5.282550339,coinmetrics
2012-04-22,5.195608995,coinmetrics
2012-04-23,5.110888192,coinmetrics
2012-04-24,5.087867262,coinmetrics
2012-04-25,5.148816245,coinmetrics
2012-04-26,5.097419286,coinmetrics
2012-04-27,5.09588734,coinmetrics
2012-04-28,4.970736653,coinmetrics
2012-04-29,4.902606178,coinmetrics
2012-04-30,4.94211681,coinmetrics
2012-05-01,4.987137227,coinmetrics
2012-05-02,5.053437354,coinmetrics
2012-05-03,5.118872979,coinmetrics
2012-05-04,5.085507088,coinmetrics
2012-05-05,5.056639565,coinmetrics
2012-05-06,5.047800773,coinmetrics
2012-05-07,5.067555867,coinmetrics
2012-05-08,5.023466423,coinmetrics
2012-05-09,5.041306236,coinmetrics
2012-05-10,4.92748872,coinmetrics
2012-05-11,4.963709977,coinmetrics
2012-05-12,4.946532235,coinmetrics
2012-05-13,4.944795054,coinmetrics
2012-05-14,5.011435922,coinmetrics
2012-05-15,5.0336404,coinmetrics
2012-05-16,5.087784509,coinmetrics
2012-05-17,5.089661686,coinmetrics
2012-05-18,5.118301483,coinmetrics
2012-05-19,5.112545811,coinmetrics
2012-05-20,5.094200968,coinmetrics
2012-05-21,5.09422131,coinmetrics
2012-05-22,5.089139189,coinmetrics
2012-05-23,5.1288589,coinmetrics
2012-05-24,5.119157759,coinmetrics
2012-05-25,5.137276807,coinmetrics
2012-05-26,5.103978805,coinmetrics
2012-05-27,5.134616135,coinmetrics
2012-05-28,5.136325419,coinmetrics
2012-05-29,5.148470698,coinmetrics
2012-05-30,5.138264569,coinmetrics
2012-05-31,5.181639721,coinmetrics
2012-06-01,5.266943758,coinmetrics
2012-06-02,5.24363906,coinmetrics
2012-06-03,5.212704985,coinmetrics
2012-06-04,5.258765857,coinmetrics
2012-06-05,5.426014295,coinmetrics
2012-06-06,5.446169422,coinmetrics
2012-06-07,5.58716981,coinmetrics
2012-06-08,5.622529102,coinmetrics
2012-06-09,5.557002335,coinmetrics
2012-06-10,5.457893569,coinmetrics
2012-06-11,5.586996982,coinmetrics
2012-06-12,5.727491299,coinmetrics
2012-06-13,5.909301324,coinmetrics
2012-06-14,5.962023182,coinmetrics
2012-06-15,6.523380719,coinmetrics
2012-06-16,6.444158282,coinmetrics
2012-06-17,6.199966488,coinmetrics
2012-06-18,6.310844669,coinmetrics
2012-06-19,6.494826716,coinmetrics
2012-06-20,6.693551056,coinmetrics
2012-06-21,6.672262504,coinmetrics
2012-06-22,6.563761698,coinmetrics
2012-06-23,6.447541689,coinmetrics
2012-06-24,6.350494039,coinmetrics
2012-06-25,6.31747363,coinmetrics
2012-06-26,6.432860829,coinmetrics
2012-06-27,6.615713402,coinmetrics
2012-06-28,6.590064633,coinmetrics
2012-06-29,6.658776757,coinmetrics
2012-06-30,6.680427623,coinmetrics
2012-07-01,6.626860092,coinmetrics
2012-07-02,6.743478051,coinmetrics
2012-07-03,6.449992403,coinmetrics
2012-07-04,6.514835333,coinmetrics
2012-07-05,6.642398604,coinmetrics
2012-07-06,6.672181189,coinmetrics
2012-07-07,6.808273712,coinmetrics
2012-07-08,6.796317688,coinmetrics
2012-07-09,7.032395886,coinmetrics
2012-07-10,7.178580036,coinmetrics
2012-07-11,7.185147789,coinmetrics
2012-07-12,7.55593565,coinmetrics
2012-07-13,7.630921256,coinmetrics
2012-07-14,7.580129178,coinmetrics
2012-07-15,7.62723486,coinmetrics
2012-07-16,8.493405677,coinmetrics
2012-07-17,8.751984855,coinmetrics
2012-07-18,9.095192686,coinmetrics
2012-07-19,8.879533414,coinmetrics
2012-07-20,8.532450679,coinmetrics
2012-07-21,8.875645841,coinmetrics
2012-07-22,8.506562544,coinmetrics
2012-07-23,8.531211269,coinmetrics
2012-07-24,8.574585171,coinmetrics
2012-07-25,8.769347273,coinmetrics
2012-07-26,8.875765046,coinmetrics
2012-07-27,8.891459894,coinmetrics
2012-07-28,8.842560894,coinmetrics
2012-07-29,8.747680659,coinmetrics
2012-07-30,9.088317249,coinmetrics
2012-07-31,9.320998402,coinmetrics
2012-08-01,9.568020904,coinmetrics
2012-08-02,10.5510397,coinmetrics
2012-08-03,10.91586475,coinmetrics
2012-08-04,10.91971488,coinmetrics
2012-08-05,10.80511738,coinmetrics
2012-08-06,10.8694465,coinmetrics
2012-08-07,10.94127944,coinmetrics
2012-08-08,11.0703916,coinmetrics
2012-08-09,11.10372474,coinmetrics
2012-08-10,11.4475688,coinmetrics
2012-08-11,11.54253553,coinmetrics
2012-08-12,11.59255239,coinmetrics
2012-08-13,11.98496299,coinmetrics
2012-08-14,12.18709748,coinmetrics
2012-08-15,13.17007735,coinmetrics
2012-08-16,13.45079082,coinmetrics
2012-08-17,12.07700554,coinmetrics
2012-08-18,11.57750716,coinmetrics
2012-08-19,7.830621842,coinmetrics
2012-08-20,9.979876649,coinmetrics
2012-08-21,9.902982018,coinmetrics
2012-08-22,9.772554579,coinmetrics
2012-08-23,10.08865743,coinmetrics
2012-08-24,10.59404259,coinmetrics
2012-08-25,10.58367667,coinmetrics
2012-08-26,10.54553074,coinmetrics
2012-08-27,10.90038008,coinmetrics
2012-08-28,10.93295853,coinmetrics
2012-08-29,10.8677839,coinmetrics
2012-08-30,10.72774884,coinmetrics
2012-08-31,10.10240982,coinmetrics
2012-09-01,10.00653294,coinmetrics
2012-09-02,10.2261162,coinmetrics
2012-09-03,10.49713431,coinmetrics
2012-09-04,10.36400189,coinmetrics
2012-09-05,11.02552288,coinmetrics
2012-09-06,11.16076902,coinmetrics
2012-09-07,11.07612234,coinmetrics
2012-09-08,11.04327003,coinmetrics
2012-09-09,11.06209549,coinmetrics
2012-09-10,11.1252888,coinmetrics
2012-09-11,11.26809296,coinmetrics
2012-09-12,11.31528591,coinmetrics
2012-09-13,11.38029929,coinmetrics
2012-09-14,11.73010762,coinmetrics
2012-09-15,11.71839342,coinmetrics
2012-09-16,11.88691122,coinmetrics
2012-09-17,11.90831716,coinmetrics
2012-09-18,12.25965084,coinmetrics
2012-09-19,12.5048541,coinmetrics
2012-09-20,12.36717665,coinmetrics
2012-09-21,12.33365784,coinmetrics
2012-09-22,12.21372763,coinmetrics
2012-09-23,12.16546303,coinmetrics
2012-09-24,12.11358872,coinmetrics
2012-09-25,12.18240539,coinmetrics
2012-09-26,12.31981686,coinmetrics
2012-09-27,12.3187514,coinmetrics
2012-09-28,12.38145739,coinmetrics
2012-09-29,12.40475151,coinmetrics
2012-09-30,12.39162247,coinmetrics
2012-10-01,12.38939516,coinmetrics
2012-10-02,12.8072381,coinmetrics
2012-10-03,12.95543049,coinmetrics
2012-10-04,12.86238578,coinmetrics
2012-10-05,12.75221942,coinmetrics
2012-10-06,12.50512971,coinmetrics
2012-10-07,11.87399709,coinmetrics
2012-10-08,11.73332975,coinmetrics
2012-10-09,11.82866344,coinmetrics
2012-10-10,12.10918848,coinmetrics
2012-10-11,12.06755181,coinmetrics
2012-10-12,12.02806816,coinmetrics
2012-10-13,11.92680383,coinmetrics
2012-10-14,11.65057796,coinmetrics
2012-10-15,11.90830953,coinmetrics
2012-10-16,11.84801807,coinmetrics
2012-10-17,11.91938816,coinmetrics
2012-10-18,11.92593284,coinmetrics
2012-10-19,11.7574858,coinmetrics
2012-10-20,11.69437755,coinmetrics
2012-10-21,11.65741141,coinmetrics
2012-10-22,11.74107791,coinmetrics
2012-10-23,11.70778173,coinmetrics
2012-10-24,11.63435239,coinmetrics
2012-10-25,10.75362982,coinmetrics
2012-10-26,10.13061949,coinmetrics
2012-10-27,10.4581863,coinmetrics
2012-10-28,10.70996208,coinmetrics
2012-10-29,10.63073898,coinmetrics
2012-10-30,10.85932306,coinmetrics
2012-10-31,11.14607184,coinmetrics
2012-11-01,10.61353575,coinmetrics
2012-11-02,10.53050364,coinmetrics
2012-11-03,10.65074702,coinmetrics
2012-11-04,10.79688289,coinmetrics
2012-11-05,10.74082074,coinmetrics
2012-11-06,10.8681975,coinmetrics
2012-11-07,10.95409894,coinmetrics
2012-11-08,10.89269937,coinmetrics
2012-11-09,10.81586722,coinmetrics
2012-11-10,10.86326044,coinmetrics
2012-11-11,10.84184064,coinmetrics
2012-11-12,11.03134246,coinmetrics
2012-11-13,10.99800278,coinmetrics
2012-11-14,10.95895242,coinmetrics
2012-11-15,11.17510986,coinmetrics
2012-11-16,11.70504483,coinmetrics
2012-11-17,11.7500424,coinmetrics
2012-11-18,11.66563103,coinmetrics
2012-11-19,11.75052935,coinmetrics
2012-11-20,11.69917032,coinmetrics
2012-11-21,11.72913518,coinmetrics
2012-11-22,12.29199795,coinmetrics
2012-11-23,12.28028762,coinmetrics
2012-11-24,12.4132044,coinmetrics
2012-11-25,12.52968949,coinmetrics
2012-11-26,12.18462624,coinmetrics
2012-11-27,12.15927538,coinmetrics
2012-11-28,12.33165983,coinmetrics
2012-11-29,12.49766165,coinmetrics
2012-11-30,12.58613893,coinmetrics
2012-12-01,12.59238687,coinmetrics
2012-12-02,12.49794476,coinmetrics
2012-12-03,12.65695784,coinmetrics
2012-12-04,13.36958958,coinmetrics
2012-12-05,13.31275022,coinmetrics
2012-12-06,13.47792454,coinmetrics
2012-12-07,13.47728245,coinmetrics
2012-12-08,13.49998441,coinmetrics
2012-12-09,13.34651089,coinmetrics
2012-12-10,13.49225658,coinmetrics
2012-12-11,13.61541567,coinmetrics
2012-12-12,13.66821364,coinmetrics
2012-12-13,13.75525152,coinmetrics
2012-12-14,13.60092225,coinmetrics
2012-12-15,13.53094829,coinmetrics
2012-12-16,13.33286108,coinmetrics
2012-12-17,13.32007195,coinmetrics
2012-12-18,13.27203387,coinmetrics
2012-12-19,13.53854318,coinmetrics
2012-12-20,13.57002703,coinmetrics
2012-12-21,13.428968,coinmetrics
2012-12-22,13.42721391,coinmetrics
2012-12-23,13.31810576,coinmetrics
2012-12-24,13.42666267,coinmetrics
2012-12-25,13.365567,coinmetrics
2012-12-26,13.45469902,coinmetrics
2012-12-27,13.39930318,coinmetrics
2012-12-28,13.45550722,coinmetrics
2012-12-29,13.37400386,coinmetrics
2012-12-30,13.4450138,coinmetrics
2012-12-31,13.54555244,coinmetrics
2013-01-01,13.33137142,coinmetrics
2013-01-02,13.28060681,coinmetrics
2013-01-03,13.38408115,coinmetrics
2013-01-04,13.45172115,coinmetrics
2013-01-05,13.45940677,coinmetrics
2013-01-06,13.50449651,coinmetrics
2013-01-07,13.55606166,coinmetrics
2013-01-08,13.78035063,coinmetrics
2013-01-09,13.82095526,coinmetrics
2013-01-10,14.12317286,coinmetrics
2013-01-11,14.22762112,coinmetrics
2013-01-12,14.21428566,coinmetrics
2013-01-13,14.16078827,coinmetrics
2013-01-14,14.31797032,coinmetrics
2013-01-15,14.31363775,coinmetrics
2013-01-16,14.70781405,coinmetrics
2013-01-17,15.59859974,coinmetrics
2013-01-18,15.71579112,coinmetrics
2013-01-19,15.5881264,coinmetrics
2013-01-20,15.71959214,coinmetrics
2013-01-21,16.78101952,coinmetrics
2013-01-22,17.30017884,coinmetrics
2013-01-23,17.53639542,coinmetrics
2013-01-24,16.90108607,coinmetrics
2013-01-25,17.40720203,coinmetrics
2013-01-26,17.55362918,coinmetrics
2013-01-27,17.86462801,coinmetrics
2013-01-28,18.79426487,coinmetrics
2013-01-29,19.51471419,coinmetrics
2013-01-30,19.73744669,coinmetrics
2013-01-31,20.51164303,coinmetrics
2013-02-01,20.44309196,coinmetrics
2013-02-02,19.63590171,coinmetrics
2013-02-03,20.57893968,coinmetrics
2013-02-04,20.44048796,coinmetrics
2013-02-05,20.65934473,coinmetrics
2013-02-06,21.20856553,coinmetrics
2013-02-07,22.11776518,coinmetrics
2013-02-08,22.78736505,coinmetrics
2013-02-09,23.73386015,coinmetrics
2013-02-10,23.90028936,coinmetrics
2013-02-11,24.49727269,coinmetrics
2013-02-12,24.97973641,coinmetrics
2013-02-13,24.64165093,coinmetrics
2013-02-14,27.28238982,coinmetrics
2013-02-15,27.17126923,coinmetrics
2013-02-16,27.34616356,coinmetrics
2013-02-17,26.92725138,coinmetrics
2013-02-18,26.92886764,coinmetrics
2013-02-19,29.41362438,coinmetrics
2013-02-20,29.81980723,coinmetrics
2013-02-21,29.81806892,coinmetrics
2013-02-22,30.47265653,coinmetrics
2013-02-23,29.80645455,coinmetrics
2013-02-24,29.88284849,coinmetrics
2013-02-25,30.35203309,coinmetrics
2013-02-26,31.15553735,coinmetrics
2013-02-27,31.24026108,coinmetrics
2013-02-28,33.37529394,coinmetrics
2013-03-01,34.60625703,coinmetrics
2013-03-02,34.14351592,coinmetrics
2013-03-03,34.45174048,coinmetrics
2013-03-04,36.37626525,coinmetrics
2013-03-05,40.67295399,coinmetrics
2013-03-06,43.28499619,coinmetrics
2013-03-07,41.94744072,coinmetrics
2013-03-08,43.90292891,coinmetrics
2013-03-09,46.88858661,coinmetrics
2013-03-10,46.06603846,coinmetrics
2013-03-11,48.27507458,coinmetrics
2013-03-12,44.41354526,coinmetrics
2013-03-13,47.01619085,coinmetrics
2013-03-14,46.92556255,coinmetrics
2013-03-15,46.90251725,coinmetrics
2013-03-16,47.1570157,coinmetrics
2013-03-17,47.33349978,coinmetrics
2013-03-18,51.36543639,coinmetrics
2013-03-19,59.49860111,coinmetrics
2013-03-20,63.6874855,coinmetrics
2013-03-21,70.91752501,coinmetrics
2013-03-22,69.84608454,coinmetrics
2013-03-23,64.38311637,coinmetrics
2013-03-24,71.69042421,coinmetrics
2013-03-25,74.31408925,coinmetrics
2013-03-26,78.61419743,coinmetrics
2013-03-27,88.85207991,coinmetrics
2013-03-28,87.67317396,coinmetrics
2013-03-29,90.29569936,coinmetrics
2013-03-30,92.18995999,coinmetrics
2013-03-31,93.89923842,coinmetrics
2013-04-01,103.5803469,coinmetrics
2013-04-02,116.6799442,coinmetrics
2013-04-03,131.3848094,coinmetrics
2013-04-04,133.0071205,coinmetrics
2013-04-05,142.6260655,coinmetrics
2013-04-06,143.081823,coinmetrics
2013-04-07,162.8522146,coinmetrics
2013-04-08,186.3511618,coinmetrics
2013-04-09,230.6829967,coinmetrics
2013-04-10,161.1928897,coinmetrics
2013-04-11,82.90158504,coinmetrics
2013-04-12,111.4763732,coinmetrics
2013-04-13,97.60907187,coinmetrics
2013-04-14,88.8614914,coinmetrics
2013-04-15,80.87469317,coinmetrics
2013-04-16,68.28313873,coinmetrics
2013-04-17,92.86403691,coinmetrics
2013-04-18,108.6283451,coinmetrics
2013-04-19,119.0122832,coinmetrics
2013-04-20,128.2082889,coinmetrics
2013-04-21,118.4832438,coinmetrics
2013-04-22,126.3142718,coinmetrics
2013-04-23,142.1272181,coinmetrics
2013-04-24,154.1332778,coinmetrics
2013-04-25,141.0086593,coinmetrics
2013-04-26,137.2096004,coinmetrics
2013-04-27,128.2266696,coinmetrics
2013-04-28,134.6235696,coinmetrics
2013-04-29,143.8103782,coinmetrics
2013-04-30,139.1296475,coinmetrics
2013-05-01,116.113801,coinmetrics
2013-05-02,106.3409847,coinmetrics
2013-05-03,96.31684027,coinmetrics
2013-05-04,112.4976364,coinmetrics
2013-05-05,116.4887158,coinmetrics
2013-05-06,112.1185962,coinmetrics
2013-05-07,111.6092129,coinmetrics
2013-05-08,113.1360619,coinmetrics
2013-05-09,111.9745327,coinmetrics
2013-05-10,117.6910369,coinmetrics
2013-05-11,115.4997777,coinmetrics
2013-05-12,114.8856756,coinmetrics
2013-05-13,117.4044566,coinmetrics
2013-05-14,107.8655666,coinmetrics
2013-05-15,108.9868524,coinmetrics
2013-05-16,112.9178741,coinmetrics
2013-05-17,117.284616,coinmetrics
2013-05-18,118.1698767,coinmetrics
2013-05-19,117.0338802,coinmetrics
2013-05-20,117.8186365,coinmetrics
2013-05-21,117.2520409,coinmetrics
2013-05-22,118.9781736,coinmetrics
2013-05-23,123.726156,coinmetrics
2013-05-24,128.9710807,coinmetrics
2013-05-25,128.8449153,coinmetrics
2013-05-26,130.1586011,coinmetrics
2013-05-27,126.3929059,coinmetrics
2013-05-28,125.9045953,coinmetrics
2013-05-29,129.5648124,coinmetrics
2013-05-30,126.5130684,coinmetrics
2013-05-31,127.8164889,coinmetrics
2013-06-01,128.7911511,coinmetrics
2013-06-02,122.6267089,coinmetrics
2013-06-03,122.9491879,coinmetrics
2013-06-04,120.1899687,coinmetrics
2013-06-05,120.8699238,coinmetrics
2013-06-06,119.0539757,coinmetrics
2013-06-07,110.1977314,coinmetrics
2013-06-08,109.1785453,coinmetrics
2013-06-09,99.90360345,coinmetrics
2013-06-10,104.3575666,coinmetrics
2013-06-11,107.5075205,coinmetrics
2013-06-12,106.3781163,coinmetrics
2013-06-13,101.3238977,coinmetrics
2013-06-14,99.2132443,coinmetrics
2013-06-15,99.87503741,coinmetrics
2013-06-16,99.03835126,coinmetrics
2013-06-17,100.1263051,coinmetrics
2013-06-18,104.2891764,coinmetrics
2013-06-19,104.4171508,coinmetrics
2013-06-20,104.3234997,coinmetrics
2013-06-21,101.4168574,coinmetrics
2013-06-22,100.0395085,coinmetrics
2013-06-23,100.3147446,coinmetrics
2013-06-24,99.04568323,coinmetrics
2013-06-25,97.83278872,coinmetrics
2013-06-26,98.65170076,coinmetrics
2013-06-27,96.8039496,coinmetrics
2013-06-28,89.42450672,coinmetrics
2013-06-29,88.79729106,coinmetrics
2013-06-30,89.48090766,coinmetrics
2013-07-01,82.86757013,coinmetrics
2013-07-02,87.81646669,coinmetrics
2013-07-03,77.6913308,coinmetrics
2013-07-04,79.13487084,coinmetrics
2013-07-05,67.44762385,coinmetrics
2013-07-06,66.34168089,coinmetrics
2013-07-07,72.10952237,coinmetrics
2013-07-08,73.98855377,coinmetrics
2013-07-09,74.89191087,coinmetrics
2013-07-10,85.01367914,coinmetrics
2013-07-11,87.49754939,coinmetrics
2013-07-12,90.04669871,coinmetrics
2013-07-13,91.5925979,coinmetrics
2013-07-14,89.89226928,coinmetrics
2013-07-15,93.79615254,coinmetrics
2013-07-16,91.78103565,coinmetrics
2013-07-17,91.03135126,coinmetrics
2013-07-18,84.96172912,coinmetrics
2013-07-19,86.2387946,coinmetrics
2013-07-20,84.91085915,coinmetrics
2013-07-21,85.66435026,coinmetrics
2013-07-22,85.64902864,coinmetrics
2013-07-23,86.97705669,coinmetrics
2013-07-24,88.15173057,coinmetrics
2013-07-25,90.16609223,coinmetrics
2013-07-26,89.98398597,coinmetrics
2013-07-27,88.16527586,coinmetrics
2013-07-28,92.7458422,coinmetrics
2013-07-29,93.29869725,coinmetrics
2013-07-30,96.65955289,coinmetrics
2013-07-31,98.02441993,coinmetrics
2013-08-01,96.56801783,coinmetrics
2013-08-02,96.07453068,coinmetrics
2013-08-03,95.50670953,coinmetrics
2013-08-04,96.36548217,coinmetrics
2013-08-05,97.52713384,coinmetrics
2013-08-06,97.6712066,coinmetrics
2013-08-07,97.0542069,coinmetrics
2013-08-08,94.25727177,coinmetrics
2013-08-09,92.47277674,coinmetrics
2013-08-10,93.29355289,coinmetrics
2013-08-11,94.27131239,coinmetrics
2013-08-12,95.44647078,coinmetrics
2013-08-13,97.75907508,coinmetrics
2013-08-14,99.12128755,coinmetrics
2013-08-15,98.10633314,coinmetrics
2013-08-16,98.29096026,coinmetrics
2013-08-17,99.63050438,coinmetrics
2013-08-18,99.17803974,coinmetrics
2013-08-19,102.7840123,coinmetrics
2013-08-20,104.500211,coinmetrics
2013-08-21,110.8016037,coinmetrics
2013-08-22,109.5232168,coinmetrics
2013-08-23,107.6975716,coinmetrics
2013-08-24,108.882675,coinmetrics
2013-08-25,113.0825634,coinmetrics
2013-08-26,112.1181148,coinmetrics
2013-08-27,117.7597908,coinmetrics
2013-08-28,118.3174144,coinmetrics
2013-08-29,118.8356382,coinmetrics
2013-08-30,124.8853796,coinmetrics
2013-08-31,128.377979,coinmetrics
2013-09-01,130.536372,coinmetrics
2013-09-02,129.5653717,coinmetrics
2013-09-03,129.1828036,coinmetrics
2013-09-04,122.5292387,coinmetrics
2013-09-05,122.370085,coinmetrics
2013-09-06,117.8611464,coinmetrics
2013-09-07,119.8149895,coinmetrics
2013-09-08,118.0573863,coinmetrics
2013-09-09,121.2592726,coinmetrics
2013-09-10,122.2155302,coinmetrics
2013-09-11,127.0882271,coinmetrics
2013-09-12,126.7807236,coinmetrics
2013-09-13,127.4077452,coinmetrics
2013-09-14,124.3484775,coinmetrics
2013-09-15,125.0764179,coinmetrics
2013-09-16,126.204666,coinmetrics
2013-09-17,126.8972501,coinmetrics
2013-09-18,126.9038194,coinmetrics
2013-09-19,124.1809573,coinmetrics
2013-09-20,122.9216359,coinmetrics
2013-09-21,123.5082569,coinmetrics
2013-09-22,123.1249351,coinmetrics
2013-09-23,122.865699,coinmetrics
2013-09-24,123.7973577,coinmetrics
2013-09-25,123.6140786,coinmetrics
2013-09-26,124.6856745,coinmetrics
2013-09-27,126.6053477,coinmetrics
2013-09-28,126.7965517,coinmetrics
2013-09-29,127.1086277,coinmetrics
2013-09-30,126.0902618,coinmetrics
2013-10-01,127.5754243,coinmetrics
2013-10-02,104.1050929,coinmetrics
2013-10-03,117.575495,coinmetrics
2013-10-04,121.9303477,coinmetrics
2013-10-05,121.3934027,coinmetrics
2013-10-06,122.4752613,coinmetrics
2013-10-07,123.9068726,coinmetrics
2013-10-08,124.7665289,coinmetrics
2013-10-09,125.9335203,coinmetrics
2013-10-10,126.7046505,coinmetrics
2013-10-11,127.2552992,coinmetrics
2013-10-12,127.851263,coinmetrics
2013-10-13,132.4156587,coinmetrics
2013-10-14,135.3391949,coinmetrics
2013-10-15,141.4939085,coinmetrics
2013-10-16,138.3279219,coinmetrics
2013-10-17,143.7471338,coinmetrics
2013-10-18,152.7755722,coinmetrics
2013-10-19,165.7727171,coinmetrics
2013-10-20,166.5001511,coinmetrics
2013-10-21,179.9106286,coinmetrics
2013-10-22,190.4027814,coinmetrics
2013-10-23,204.600351,coinmetrics
2013-10-24,194.4100438,coinmetrics
2013-10-25,185.6437876,coinmetrics
2013-10-26,179.808218,coinmetrics
2013-10-27,194.5461333,coinmetrics
2013-10-28,196.2746873,coinmetrics
2013-10-29,204.4281742,coinmetrics
2013-10-30,197.9005994,coinmetrics
2013-10-31,203.2836499,coinmetrics
2013-11-01,203.0371098,coinmetrics
2013-11-02,204.7928814,coinmetrics
2013-11-03,210.2753826,coinmetrics
2013-11-04,228.7910389,coinmetrics
2013-11-05,243.6416689,coinmetrics
2013-11-06,263.209584,coinmetrics
2013-11-07,290.1242262,coinmetrics
2013-11-08,333.7506565,coinmetrics
2013-11-09,331.0511485,coinmetrics
2013-11-10,327.5586535,coinmetrics
2013-11-11,342.6976929,coinmetrics
2013-11-12,354.6454883,coinmetrics
2013-11-13,394.5044952,coinmetrics
2013-11-14,416.7063033,coinmetrics
2013-11-15,408.3987973,coinmetrics
2013-11-16,435.7984428,coinmetrics
2013-11-17,485.3365769,coinmetrics
2013-11-18,657.7785039,coinmetrics
2013-11-19,546.8783973,coinmetrics
2013-11-20,595.3390996,coinmetrics
2013-11-21,720.7644253,coinmetrics
2013-11-22,802.9169337,coinmetrics
2013-11-23,834.29534,coinmetrics
2013-11-24,807.1666955,coinmetrics
2013-11-25,816.2433866,coinmetrics
2013-11-26,916.0971601,coinmetrics
2013-11-27,962.9105609,coinmetrics
2013-11-28,1007.387164,coinmetrics
2013-11-29,1128.725488,coinmetrics
2013-11-30,1119.296715,coinmetrics
2013-12-01,964.4857937,coinmetrics
2013-12-02,1040.808218,coinmetrics
2013-12-03,1053.621027,coinmetrics
2013-12-04,1134.932231,coinmetrics
2013-12-05,1027.411773,coinmetrics
2013-12-06,824.5817103,coinmetrics
2013-12-07,703.748376,coinmetrics
2013-12-08,783.5733483,coinmetrics
2013-12-09,896.0792899,coinmetrics
2013-12-10,977.1653673,coinmetrics
2013-12-11,875.4640343,coinmetrics
2013-12-12,873.324806,coinmetrics
2013-12-13,879.1561353,coinmetrics
2013-12-14,852.8561205,coinmetrics
2013-12-15,864.0616579,coinmetrics
2013-12-16,677.8941068,coinmetrics
2013-12-17,682.6267727,coinmetrics
2013-12-18,526.1209763,coinmetrics
2013-12-19,685.525129,coinmetrics
2013-12-20,600.2169543,coinmetrics
2013-12-21,597.0335025,coinmetrics
2013-12-22,615.0130353,coinmetrics
2013-12-23,657.9266342,coinmetrics
2013-12-24,650.6647452,coinmetrics
2013-12-25,678.2901581,coinmetrics
2013-12-26,749.996595,coinmetrics
2013-12-27,722.5705675,coinmetrics
2013-12-28,715.8523631,coinmetrics
2013-12-29,727.2712157,coinmetrics
2013-12-30,735.7419971,coinmetrics
2013-12-31,729.5575829,coinmetrics
2014-01-01,752.4045499,coinmetrics
2014-01-02,784.9549213,coinmetrics
2014-01-03,807.222939,coinmetrics
2014-01-04,828.6020626,coinmetrics
2014-01-05,902.4873803,coinmetrics
2014-01-06,914.4599608,coinmetrics
2014-01-07,803.3517962,coinmetrics
2014-01-08,820.6900095,coinmetrics
2014-01-09,831.3347505,coinmetrics
2014-01-10,853.2988548,coinmetrics
2014-01-11,889.5558371,coinmetrics
2014-01-12,845.1913322,coinmetrics
2014-01-13,822.8770122,coinmetrics
2014-01-14,815.2936027,coinmetrics
2014-01-15,841.0898574,coinmetrics
2014-01-16,815.8548003,coinmetrics
2014-01-17,792.8295065,coinmetrics
2014-01-18,809.7835284,coinmetrics
2014-01-19,838.4284747,coinmetrics
2014-01-20,828.8852166,coinmetrics
2014-01-21,823.8179638,coinmetrics
2014-01-22,818.9763863,coinmetrics
2014-01-23,810.9224252,coinmetrics
2014-01-24,781.042514,coinmetrics
2014-01-25,804.4032408,coinmetrics
2014-01-26,814.4993814,coinmetrics
2014-01-27,742.701375,coinmetrics
2014-01-28,790.1764019,coinmetrics
2014-01-29,793.3844249,coinmetrics
2014-01-30,799.4744798,coinmetrics
2014-01-31,803.2375988,coinmetrics
2014-02-01,813.2195492,coinmetrics
2014-02-02,814.4908704,coinmetrics
2014-02-03,806.9974284,coinmetrics
2014-02-04,800.0782319,coinmetrics
2014-02-05,784.4736928,coinmetrics
2014-02-06,763.5693822,coinmetrics
2014-02-07,711.5712734,coinmetrics
2014-02-08,677.6823009,coinmetrics
2014-02-09,687.4060546,coinmetrics
2014-02-10,685.4574988,coinmetrics
2014-02-11,671.8996917,coinmetrics
2014-02-12,653.7657809,coinmetrics
2014-02-13,612.918415,coinmetrics
2014-02-14,668.7886027,coinmetrics
2014-02-15,654.3770602,coinmetrics
2014-02-16,623.2503219,coinmetrics
2014-02-17,631.3345963,coinmetrics
2014-02-18,627.2717614,coinmetrics
2014-02-19,623.5401369,coinmetrics
2014-02-20,563.7685611,coinmetrics
2014-02-21,580.324316,coinmetrics
2014-02-22,607.1246333,coinmetrics
2014-02-23,610.0823237,coinmetrics
2014-02-24,542.2666508,coinmetrics
2014-02-25,533.7076444,coinmetrics
2014-02-26,587.5785883,coinmetrics
2014-02-27,585.3939257,coinmetrics
2014-02-28,551.2947703,coinmetrics
2014-03-01,567.5342354,coinmetrics
2014-03-02,558.5277072,coinmetrics
2014-03-03,676.5057328,coinmetrics
2014-03-04,674.5113994,coinmetrics
2014-03-05,670.3388511,coinmetrics
2014-03-06,667.712834,coinmetrics
2014-03-07,631.7702952,coinmetrics
2014-03-08,621.5241145,coinmetrics
2014-03-09,640.5788893,coinmetrics
2014-03-10,628.1512412,coinmetrics
2014-03-11,633.7338382,coinmetrics
2014-03-12,634.6468237,coinmetrics
2014-03-13,643.4321009,coinmetrics
2014-03-14,628.30859,coinmetrics
2014-03-15,636.2186501,coinmetrics
2014-03-16,634.168901,coinmetrics
2014-03-17,622.7602086,coinmetrics
2014-03-18,614.3095137,coinmetrics
2014-03-19,610.5112035,coinmetrics
2014-03-20,586.6075957,coinmetrics
2014-03-21,569.694518,coinmetrics
2014-03-22,564.7000267,coinmetrics
2014-03-23,558.9588617,coinmetrics
2014-03-24,585.0232505,coinmetrics
2014-03-25,583.7711891,coinmetrics
2014-03-26,579.2438504,coinmetrics
2014-03-27,483.1640126,coinmetrics
2014-03-28,498.6613289,coinmetrics
2014-03-29,489.5170235,coinmetrics
2014-03-30,458.9663283,coinmetrics
2014-03-31,455.3553541,coinmetrics
2014-04-01,479.0084659,coinmetrics
2014-04-02,439.0114925,coinmetrics
2014-04-03,449.4411515,coinmetrics
2014-04-04,449.7198697,coinmetrics
2014-04-05,461.6753315,coinmetrics
2014-04-06,458.6334805,coinmetrics
2014-04-07,448.6552751,coinmetrics
2014-04-08,452.8030988,coinmetrics
2014-04-09,442.8379849,coinmetrics
2014-04-10,366.9118661,coinmetrics
2014-04-11,421.9435281,coinmetrics
2014-04-12,424.2742126,coinmetrics
2014-04-13,416.3623217,coinmetrics
2014-04-14,461.1082466,coinmetrics
2014-04-15,521.6152996,coinmetrics
2014-04-16,531.4818467,coinmetrics
2014-04-17,499.8375515,coinmetrics
2014-04-18,483.0200135,coinmetrics
2014-04-19,504.3655952,coinmetrics
2014-04-20,501.5571844,coinmetrics
2014-04-21,498.0845303,coinmetrics
2014-04-22,489.50351,coinmetrics
2014-04-23,490.6329675,coinmetrics
2014-04-24,503.291801,coinmetrics
2014-04-25,466.4261713,coinmetrics
2014-04-26,459.2267098,coinmetrics
2014-04-27,438.7093637,coinmetrics
2014-04-28,441.5478055,coinmetrics
2014-04-29,447.7099308,coinmetrics
2014-04-30,448.8757155,coinmetrics
2014-05-01,460.1946983,coinmetrics
2014-05-02,452.2397798,coinmetrics
2014-05-03,438.978588,coinmetrics
2014-05-04,436.6753986,coinmetrics
2014-05-05,432.338179,coinmetrics
2014-05-06,430.1282054,coinmetrics
2014-05-07,442.1828761,coinmetrics
2014-05-08,440.4027627,coinmetrics
2014-05-09,452.6979997,coinmetrics
2014-05-10,456.7558463,coinmetrics
2014-05-11,439.114476,coinmetrics
2014-05-12,441.2809556,coinmetrics
2014-05-13,439.005775,coinmetrics
2014-05-14,444.8482057,coinmetrics
2014-05-15,446.9615587,coinmetrics
2014-05-16,448.7421537,coinmetrics
2014-05-17,449.2222893,coinmetrics
2014-05-18,446.9626414,coinmetrics
2014-05-19,447.4048568,coinmetrics
2014-05-20,490.3356482,coinmetrics
2014-05-21,493.9334918,coinmetrics
2014-05-22,526.8142884,coinmetrics
2014-05-23,523.6993203,coinmetrics
2014-05-24,527.6912431,coinmetrics
2014-05-25,573.3124588,coinmetrics
2014-05-26,584.8479749,coinmetrics
2014-05-27,573.9282692,coinmetrics
2014-05-28,579.1893188,coinmetrics
2014-05-29,570.3493109,coinmetrics
2014-05-30,620.8463606,coinmetrics
2014-05-31,627.8924207,coinmetrics
2014-06-01,630.0749535,coinmetrics
2014-06-02,663.5057238,coinmetrics
2014-06-03,672.3878971,coinmetrics
2014-06-04,643.8873688,coinmetrics
2014-06-05,661.5035582,coinmetrics
2014-06-06,650.1333159,coinmetrics
2014-06-07,656.8002718,coinmetrics
2014-06-08,657.8199749,coinmetrics
2014-06-09,648.3363223,coinmetrics
2014-06-10,650.9366096,coinmetrics
2014-06-11,631.4890222,coinmetrics
2014-06-12,591.9750771,coinmetrics
2014-06-13,597.0449997,coinmetrics
2014-06-14,575.5594617,coinmetrics
2014-06-15,589.7246464,coinmetrics
2014-06-16,590.5674822,coinmetrics
2014-06-17,609.0800029,coinmetrics
2014-06-18,607.629796,coinmetrics
2014-06-19,595.7514769,coinmetrics
2014-06-20,591.5315228,coinmetrics
2014-06-21,592.7643495,coinmetrics
2014-06-22,599.6346335,coinmetrics
2014-06-23,589.5522998,coinmetrics
2014-06-24,579.9737186,coinmetrics
2014-06-25,562.23678,coinmetrics
2014-06-26,580.7492303,coinmetrics
2014-06-27,600.6383054,coinmetrics
2014-06-28,594.3903042,coinmetrics
2014-06-29,600.8405184,coinmetrics
2014-06-30,638.946114,coinmetrics
2014-07-01,642.9565967,coinmetrics
2014-07-02,651.2983477,coinmetrics
2014-07-03,646.4133891,coinmetrics
2014-07-04,630.6355029,coinmetrics
2014-07-05,630.4683419,coinmetrics
2014-07-06,634.6726745,coinmetrics
2014-07-07,622.854979,coinmetrics
2014-07-08,624.8943311,coinmetrics
2014-07-09,621.9390918,coinmetrics
2014-07-10,616.5228498,coinmetrics
2014-07-11,634.4943781,coinmetrics
2014-07-12,636.9239579,coinmetrics
2014-07-13,629.8757504,coinmetrics
2014-07-14,619.1974591,coinmetrics
2014-07-15,621.9346014,coinmetrics
2014-07-16,616.3518822,coinmetrics
2014-07-17,624.259275,coinmetrics
2014-07-18,630.7501403,coinmetrics
2014-07-19,629.1733644,coinmetrics
2014-07-20,625.2486762,coinmetrics
2014-07-21,621.3053314,coinmetrics
2014-07-22,619.8232645,coinmetrics
2014-07-23,619.7728168,coinmetrics
2014-07-24,602.8796455,coinmetrics
2014-07-25,601.5785143,coinmetrics
2014-07-26,594.7026072,coinmetrics
2014-07-27,591.5754442,coinmetrics
2014-07-28,587.493005,coinmetrics
2014-07-29,584.1123933,coinmetrics
2014-07-30,562.9146251,coinmetrics
2014-07-31,581.975562,coinmetrics
2014-08-01,596.5067592,coinmetrics
2014-08-02,589.7572615,coinmetrics
2014-08-03,586.7537367,coinmetrics
2014-08-04,587.6083355,coinmetrics
2014-08-05,581.8819886,coinmetrics
2014-08-06,582.2483714,coinmetrics
2014-08-07,586.0466335,coinmetrics
2014-08-08,589.0244126,coinmetrics
2014-08-09,588.9785213,coinmetrics
2014-08-10,589.373502,coinmetrics
2014-08-11,573.4414839,coinmetrics
2014-08-12,568.3075202,coinmetrics
2014-08-13,548.3701753,coinmetrics
2014-08-14,505.1074997,coinmetrics
2014-08-15,500.3230601,coinmetrics
2014-08-16,521.7479629,coinmetrics
2014-08-17,497.764659,coinmetrics
2014-08-18,468.9579182,coinmetrics
2014-08-19,486.7943507,coinmetrics
2014-08-20,515.1203539,coinmetrics
2014-08-21,519.3078521,coinmetrics
2014-08-22,516.1593688,coinmetrics
2014-08-23,497.1257595,coinmetrics
2014-08-24,508.430742,coinmetrics
2014-08-25,501.6102867,coinmetrics
2014-08-26,511.8523217,coinmetrics
2014-08-27,510.1623238,coinmetrics
2014-08-28,506.2851517,coinmetrics
2014-08-29,508.8665719,coinmetrics
2014-08-30,501.2757233,coinmetrics
2014-08-31,478.5114255,coinmetrics
2014-09-01,474.5414898,coinmetrics
2014-09-02,474.4306707,coinmetrics
2014-09-03,473.9592034,coinmetrics
2014-09-04,489.5552013,coinmetrics
2014-09-05,478.7497829,coinmetrics
2014-09-06,480.6424918,coinmetrics
2014-09-07,478.3655009,coinmetrics
2014-09-08,468.9754959,coinmetrics
2014-09-09,473.5120272,coinmetrics
2014-09-10,477.7784176,coinmetrics
2014-09-11,477.2706821,coinmetrics
2014-09-12,473.9972823,coinmetrics
2014-09-13,477.960974,coinmetrics
2014-09-14,475.648064,coinmetrics
2014-09-15,472.6556297,coinmetrics
2014-09-16,464.1777545,coinmetrics
2014-09-17,456.3398913,coinmetrics
2014-09-18,426.880107,coinmetrics
2014-09-19,393.8938907,coinmetrics
2014-09-20,411.0413428,coinmetrics
2014-09-21,400.4045307,coinmetrics
2014-09-22,400.8816222,coinmetrics
2014-09-23,438.491801,coinmetrics
2014-09-24,423.7000918,coinmetrics
2014-09-25,409.5377499,coinmetrics
2014-09-26,405.2982519,coinmetrics
2014-09-27,400.5993346,coinmetrics
2014-09-28,375.5499898,coinmetrics
2014-09-29,373.0645579,coinmetrics
2014-09-30,389.2640404,coinmetrics
2014-10-01,382.9093659,coinmetrics
2014-10-02,372.525699,coinmetrics
2014-10-03,357.6657136,coinmetrics
2014-10-04,328.8261131,coinmetrics
2014-10-05,322.8262615,coinmetrics
2014-10-06,326.8035327,coinmetrics
2014-10-07,333.5701949,coinmetrics
2014-10-08,354.4073343,coinmetrics
2014-10-09,361.7164249,coinmetrics
2014-10-10,358.8903908,coinmetrics
2014-10-11,361.908377,coinmetrics
2014-10-12,377.8712437,coinmetrics
2014-10-13,391.9942089,coinmetrics
2014-10-14,400.8805921,coinmetrics
2014-10-15,394.6258799,coinmetrics
2014-10-16,382.3214763,coinmetrics
2014-10-17,382.2007896,coinmetrics
2014-10-18,391.2931771,coinmetrics
2014-10-19,388.684498,coinmetrics
2014-10-20,381.1908586,coinmetrics
2014-10-21,385.2046335,coinmetrics
2014-10-22,380.7787633,coinmetrics
2014-10-23,357.3447931,coinmetrics
2014-10-24,357.488434,coinmetrics
2014-10-25,345.8112466,coinmetrics
2014-10-26,353.0819562,coinmetrics
2014-10-27,350.0157119,coinmetrics
2014-10-28,354.6538051,coinmetrics
2014-10-29,333.5993501,coinmetrics
2014-10-30,344.6093822,coinmetrics
2014-10-31,337.1829126,coinmetrics
2014-11-01,324.371315,coinmetrics
2014-11-02,324.2485666,coinmetrics
2014-11-03,325.3618656,coinmetrics
2014-11-04,329.657704,coinmetrics
2014-11-05,338.8057653,coinmetrics
2014-11-06,349.6899117,coinmetrics
2014-11-07,342.1332881,coinmetrics
2014-11-08,345.7163326,coinmetrics
2014-11-09,363.6100517,coinmetrics
2014-11-10,365.5022539,coinmetrics
2014-11-11,367.825467,coinmetrics
2014-11-12,422.5914196,coinmetrics
2014-11-13,421.9144717,coinmetrics
2014-11-14,398.3888828,coinmetrics
2014-11-15,377.9938407,coinmetrics
2014-11-16,390.2058235,coinmetrics
2014-11-17,387.5010316,coinmetrics
2014-11-18,373.8645646,coinmetrics
2014-11-19,377.613398,coinmetrics
2014-11-20,356.1812653,coinmetrics
2014-11-21,350.7488589,coinmetrics
2014-11-22,352.4555146,coinmetrics
2014-11-23,367.7732423,coinmetrics
2014-11-24,376.9942238,coinmetrics
2014-11-25,376.75563,coinmetrics
2014-11-26,367.5302081,coinmetrics
2014-11-27,369.5302274,coinmetrics
2014-11-28,377.8969319,coinmetrics
2014-11-29,376.0763355,coinmetrics
2014-11-30,378.6903971,coinmetrics
2014-12-01,379.111979,coinmetrics
2014-12-02,382.9467963,coinmetrics
2014-12-03,375.9160193,coinmetrics
2014-12-04,368.8455681,coinmetrics
2014-12-05,378.4283296,coinmetrics
2014-12-06,375.1379512,coinmetrics
2014-12-07,376.6397931,coinmetrics
2014-12-08,363.2156768,coinmetrics
2014-12-09,351.1068378,coinmetrics
2014-12-10,347.8813939,coinmetrics
2014-12-11,348.5930061,coinmetrics
2014-12-12,353.1906125,coinmetrics
2014-12-13,349.2429451,coinmetrics
2014-12-14,356.0797215,coinmetrics
2014-12-15,347.0951815,coinmetrics
2014-12-16,328.6133203,coinmetrics
2014-12-17,320.2976134,coinmetrics
2014-12-18,313.5116512,coinmetrics
2014-12-19,318.2428887,coinmetrics
2014-12-20,330.0657583,coinmetrics
2014-12-21,320.9926701,coinmetrics
2014-12-22,331.8425845,coinmetrics
2014-12-23,336.0841286,coinmetrics
2014-12-24,323.0322978,coinmetrics
2014-12-25,318.9961444,coinmetrics
2014-12-26,329.2103419,coinmetrics
2014-12-27,315.9684439,coinmetrics
2014-12-28,317.0104804,coinmetrics
2014-12-29,313.0655316,coinmetrics
2014-12-30,310.4420041,coinmetrics
2014-12-31,320.6622873,coinmetrics
2015-01-01,314.7764719,coinmetrics
2015-01-02,315.9427317,coinmetrics
2015-01-03,285.6473098,coinmetrics
2015-01-04,263.3345748,coinmetrics
2015-01-05,275.0038515,coinmetrics
2015-01-06,287.549521,coinmetrics
2015-01-07,297.5355652,coinmetrics
2015-01-08,284.3423919,coinmetrics
2015-01-09,292.5011146,coinmetrics
2015-01-10,276.2305321,coinmetrics
2015-01-11,268.7555155,coinmetrics
2015-01-12,268.617232,coinmetrics
2015-01-13,224.1081178,coinmetrics
2015-01-14,175.6376406,coinmetrics
2015-01-15,212.3410114,coinmetrics
2015-01-16,207.5952049,coinmetrics
2015-01-17,199.8248366,coinmetrics
2015-01-18,211.1325184,coinmetrics
2015-01-19,216.8946949,coinmetrics
2015-01-20,211.9198539,coinmetrics
2015-01-21,227.9042104,coinmetrics
2015-01-22,233.6473828,coinmetrics
2015-01-23,233.1328524,coinmetrics
2015-01-24,249.0821239,coinmetrics
2015-01-25,254.5179413,coinmetrics
2015-01-26,273.9522449,coinmetrics
2015-01-27,264.7538045,coinmetrics
2015-01-28,235.7358404,coinmetrics
2015-01-29,233.9573735,coinmetrics
2015-01-30,228.8961899,coinmetrics
2015-01-31,217.332156,coinmetrics
2015-02-01,227.1113013,coinmetrics
2015-02-02,240.0924199,coinmetrics
2015-02-03,227.7756958,coinmetrics
2015-02-04,226.7811341,coinmetrics
2015-02-05,217.0111511,coinmetrics
2015-02-06,222.7249693,coinmetrics
2015-02-07,228.6471274,coinmetrics
2015-02-08,224.0359889,coinmetrics
2015-02-09,220.7684939,coinmetrics
2015-02-10,220.8881543,coinmetrics
2015-02-11,219.4958597,coinmetrics
2015-02-12,222.5832279,coinmetrics
2015-02-13,236.5553638,coinmetrics
2015-02-14,257.6276958,coinmetrics
2015-02-15,234.445803,coinmetrics
2015-02-16,235.0861268,coinmetrics
2015-02-17,243.9057943,coinmetrics
2015-02-18,235.9952323,coinmetrics
2015-02-19,241.8722539,coinmetrics
2015-02-20,245.5307753,coinmetrics
2015-02-21,245.5960026,coinmetrics
2015-02-22,236.6906683,coinmetrics
2015-02-23,239.0660178,coinmetrics
2015-02-24,239.8692621,coinmetrics
2015-02-25,238.236111,coinmetrics
2015-02-26,237.0444024,coinmetrics
2015-02-27,255.1167744,coinmetrics
2015-02-28,254.9484486,coinmetrics
2015-03-01,260.6513308,coinmetrics
2015-03-02,276.3226137,coinmetrics
2015-03-03,282.7059009,coinmetrics
2015-03-04,273.4475365,coinmetrics
2015-03-05,276.2688092,coinmetrics
2015-03-06,273.3181148,coinmetrics
2015-03-07,276.4033574,coinmetrics
2015-03-08,275.3380339,coinmetrics
2015-03-09,290.130059,coinmetrics
2015-03-10,292.3203831,coinmetrics
2015-03-11,296.6933293,coinmetrics
2015-03-12,295.8003448,coinmetrics
2015-03-13,285.9110263,coinmetrics
2015-03-14,283.6083063,coinmetrics
2015-03-15,287.270142,coinmetrics
2015-03-16,291.3921181,coinmetrics
2015-03-17,285.2483966,coinmetrics
2015-03-18,257.2861601,coinmetrics
2015-03-19,262.092948,coinmetrics
2015-03-20,262.9664921,coinmetrics
2015-03-21,261.1842975,coinmetrics
2015-03-22,268.8994158,coinmetrics
2015-03-23,266.777993,coinmetrics
2015-03-24,246.835083,coinmetrics
2015-03-25,246.7191368,coinmetrics
2015-03-26,249.5329936,coinmetrics
2015-03-27,247.3788983,coinmetrics
2015-03-28,253.231614,coinmetrics
2015-03-29,242.9676143,coinmetrics
2015-03-30,248.3369345,coinmetrics
2015-03-31,244.7124857,coinmetrics
2015-04-01,247.1858194,coinmetrics
2015-04-02,253.6300704,coinmetrics
2015-04-03,254.8331636,coinmetrics
2015-04-04,253.9458486,coinmetrics
2015-04-05,261.1121362,coinmetrics
2015-04-06,256.3673869,coinmetrics
2015-04-07,254.831898,coinmetrics
2015-04-08,245.8252104,coinmetrics
2015-04-09,243.8606362,coinmetrics
2015-04-10,235.8719006,coinmetrics
2015-04-11,237.4090678,coinmetrics
2015-04-12,237.1410424,coinmetrics
2015-04-13,225.5056359,coinmetrics
2015-04-14,219.7572367,coinmetrics
2015-04-15,223.3139079,coinmetrics
2015-04-16,228.4938153,coinmetrics
2015-04-17,222.7850602,coinmetrics
2015-04-18,223.3980441,coinmetrics
2015-04-19,223.2841353,coinmetrics
2015-04-20,224.8949036,coinmetrics
2015-04-21,234.9393565,coinmetrics
2015-04-22,233.8224188,coinmetrics
2015-04-23,235.9332937,coinmetrics
2015-04-24,231.4585923,coinmetrics
2015-04-25,226.445993,coinmetrics
2015-04-26,220.5034068,coinmetrics
2015-04-27,227.3259904,coinmetrics
2015-04-28,225.5493688,coinmetrics
2015-04-29,225.6692884,coinmetrics
2015-04-30,236.327976,coinmetrics
2015-05-01,232.7465827,coinmetrics
2015-05-02,235.5400771,coinmetrics
2015-05-03,240.464249,coinmetrics
2015-05-04,238.9766613,coinmetrics
2015-05-05,236.0233834,coinmetrics
2015-05-06,229.4812193,coinmetrics
2015-05-07,237.1306873,coinmetrics
2015-05-08,244.3834728,coinmetrics
2015-05-09,242.70595,coinmetrics
2015-05-10,240.7314839,coinmetrics
2015-05-11,242.2498372,coinmetrics
2015-05-12,242.2090921,coinmetrics
2015-05-13,236.5502659,coinmetrics
2015-05-14,236.9489167,coinmetrics
2015-05-15,237.4845023,coinmetrics
2015-05-16,235.8121344,coinmetrics
2015-05-17,236.9636829,coinmetrics
2015-05-18,232.8838496,coinmetrics
2015-05-19,231.9744468,coinmetrics
2015-05-20,234.1903063,coinmetrics
2015-05-21,235.5538217,coinmetrics
2015-05-22,240.3232037,coinmetrics
2015-05-23,238.9632817,coinmetrics
2015-05-24,240.7117583,coinmetrics
2015-05-25,237.0035432,coinmetrics
2015-05-26,236.7962613,coinmetrics
2015-05-27,237.2035964,coinmetrics
2015-05-28,236.9568819,coinmetrics
2015-05-29,236.6465266,coinmetrics
2015-05-30,232.78877,coinmetrics
2015-05-31,229.4505479,coinmetrics
2015-06-01,223.2827019,coinmetrics
2015-06-02,225.320801,coinmetrics
2015-06-03,225.2130634,coinmetrics
2015-06-04,223.5400769,coinmetrics
2015-06-05,224.7310719,coinmetrics
2015-06-06,225.1605132,coinmetrics
2015-06-07,223.4116859,coinmetrics
2015-06-08,228.7742914,coinmetrics
2015-06-09,229.3705295,coinmetrics
2015-06-10,228.5884874,coinmetrics
2015-06-11,229.5844117,coinmetrics
2015-06-12,229.8112185,coinmetrics
2015-06-13,233.0153445,coinmetrics
2015-06-14,232.5071087,coinmetrics
2015-06-15,236.7909629,coinmetrics
2015-06-16,251.4326768,coinmetrics
2015-06-17,247.9693177,coinmetrics
2015-06-18,249.0124795,coinmetrics
2015-06-19,244.8034842,coinmetrics
2015-06-20,245.5825132,coinmetrics
2015-06-21,244.3002601,coinmetrics
2015-06-22,247.0178925,coinmetrics
2015-06-23,244.1847633,coinmetrics
2015-06-24,240.4515453,coinmetrics
2015-06-25,242.3478577,coinmetrics
2015-06-26,242.9679974,coinmetrics
2015-06-27,251.5293267,coinmetrics
2015-06-28,249.0582858,coinmetrics
2015-06-29,256.6502224,coinmetrics
2015-06-30,263.8543569,coinmetrics
2015-07-01,258.0426476,coinmetrics
2015-07-02,254.7471134,coinmetrics
2015-07-03,256.0870428,coinmetrics
2015-07-04,260.5092396,coinmetrics
2015-07-05,271.3024582,coinmetrics
2015-07-06,269.1379401,coinmetrics
2015-07-07,266.4699191,coinmetrics
2015-07-08,270.5761429,coinmetrics
2015-07-09,269.6803048,coinmetrics
2015-07-10,285.5587808,coinmetrics
2015-07-11,293.9174538,coinmetrics
2015-07-12,311.4818799,coinmetrics
2015-07-13,292.6492238,coinmetrics
2015-07-14,287.7409515,coinmetrics
2015-07-15,285.9228854,coinmetrics
2015-07-16,278.5327493,coinmetrics
2015-07-17,280.0647247,coinmetrics
2015-07-18,277.3546353,coinmetrics
2015-07-19,275.2819895,coinmetrics
2015-07-20,279.114393,coinmetrics
2015-07-21,276.6524126,coinmetrics
2015-07-22,277.7643691,coinmetrics
2015-07-23,276.8116286,coinmetrics
2015-07-24,289.3059763,coinmetrics
2015-07-25,289.50764,coinmetrics
2015-07-26,293.3148428,coinmetrics
2015-07-27,294.4267618,coinmetrics
2015-07-28,295.4101253,coinmetrics
2015-07-29,289.8558364,coinmetrics
2015-07-30,288.2362607,coinmetrics
2015-07-31,284.5973244,coinmetrics
2015-08-01,281.6688463,coinmetrics
2015-08-02,282.4230064,coinmetrics
2015-08-03,282.1850523,coinmetrics
2015-08-04,285.2866175,coinmetrics
2015-08-05,282.3388869,coinmetrics
2015-08-06,278.9957487,coinmetrics
2015-08-07,279.4887151,coinmetrics
2015-08-08,261.4502756,coinmetrics
2015-08-09,266.3420205,coinmetrics
2015-08-10,264.9288252,coinmetrics
2015-08-11,271.4217361,coinmetrics
2015-08-12,268.1438685,coinmetrics
2015-08-13,264.691628,coinmetrics
2015-08-14,266.3559416,coinmetrics
2015-08-15,261.9368366,coinmetrics
2015-08-16,258.9308174,coinmetrics
2015-08-17,258.0093983,coinmetrics
2015-08-18,217.8858831,coinmetrics
2015-08-19,227.2182519,coinmetrics
2015-08-20,235.5238831,coinmetrics
2015-08-21,232.8006178,coinmetrics
2015-08-22,230.6391733,coinmetrics
2015-08-23,228.6730739,coinmetrics
2015-08-24,211.9559176,coinmetrics
2015-08-25,222.6550395,coinmetrics
2015-08-26,226.1167002,coinmetrics
2015-08-27,224.9398773,coinmetrics
2015-08-28,232.1708083,coinmetrics
2015-08-29,229.8262002,coinmetrics
2015-08-30,229.0195725,coinmetrics
2015-08-31,230.6894661,coinmetrics
2015-09-01,227.9555704,coinmetrics
2015-09-02,229.5021807,coinmetrics
2015-09-03,227.1071216,coinmetrics
2015-09-04,231.1775634,coinmetrics
2015-09-05,235.9030061,coinmetrics
2015-09-06,240.8054722,coinmetrics
2015-09-07,240.6336157,coinmetrics
2015-09-08,244.1749527,coinmetrics
2015-09-09,238.7224632,coinmetrics
2015-09-10,238.7504772,coinmetrics
2015-09-11,240.8450081,coinmetrics
2015-09-12,236.3518322,coinmetrics
2015-09-13,230.5488373,coinmetrics
2015-09-14,230.948794,coinmetrics
2015-09-15,230.39859,coinmetrics
2015-09-16,229.0432858,coinmetrics
2015-09-17,233.2026978,coinmetrics
2015-09-18,233.1751309,coinmetrics
2015-09-19,232.2415681,coinmetrics
2015-09-20,231.3623238,coinmetrics
2015-09-21,226.773448,coinmetrics
2015-09-22,230.6263048,coinmetrics
2015-09-23,230.1324378,coinmetrics
2015-09-24,234.3198685,coinmetrics
2015-09-25,235.5382218,coinmetrics
2015-09-26,234.5918144,coinmetrics
2015-09-27,233.2433098,coinmetrics
2015-09-28,240.0172653,coinmetrics
2015-09-29,237.3362338,coinmetrics
2015-09-30,236.739848,coinmetrics
2015-10-01,238.2298139,coinmetrics
2015-10-02,237.9370073,coinmetrics
2015-10-03,239.7358977,coinmetrics
2015-10-04,239.5169249,coinmetrics
2015-10-05,240.9612138,coinmetrics
2015-10-06,246.9404982,coinmetrics
2015-10-07,243.7344868,coinmetrics
2015-10-08,243.029633,coinmetrics
2015-10-09,244.4488875,coinmetrics
2015-10-10,245.9559243,coinmetrics
2015-10-11,248.5281654,coinmetrics
2015-10-12,246.0936373,coinmetrics
2015-10-13,250.4713007,coinmetrics
2015-10-14,253.1423255,coinmetrics
2015-10-15,254.693015,coinmetrics
2015-10-16,262.7373632,coinmetrics
2015-10-17,271.9309389,coinmetrics
2015-10-18,263.4816774,coinmetrics
2015-10-19,264.3627282,coinmetrics
2015-10-20,270.8322119,coinmetrics
2015-10-21,268.0402177,coinmetrics
2015-10-22,275.4149565,coinmetrics
2015-10-23,278.612778,coinmetrics
2015-10-24,283.6111429,coinmetrics
2015-10-25,286.0496935,coinmetrics
2015-10-26,286.7033828,coinmetrics
2015-10-27,295.5629138,coinmetrics
2015-10-28,304.442097,coinmetrics
2015-10-29,314.8794623,coinmetrics
2015-10-30,328.4923212,coinmetrics
2015-10-31,314.1195082,coinmetrics
2015-11-01,329.8542276,coinmetrics
2015-11-02,364.616628,coinmetrics
2015-11-03,400.9231052,coinmetrics
2015-11-04,405.4816815,coinmetrics
2015-11-05,384.341223,coinmetrics
2015-11-06,372.9754179,coinmetrics
2015-11-07,386.5045508,coinmetrics
2015-11-08,372.4001297,coinmetrics
2015-11-09,380.4956444,coinmetrics
2015-11-10,337.8305023,coinmetrics
2015-11-11,308.9221859,coinmetrics
2015-11-12,337.5229886,coinmetrics
2015-11-13,337.2789582,coinmetrics
2015-11-14,333.0471175,coinmetrics
2015-11-15,319.9280216,coinmetrics
2015-11-16,331.132725,coinmetrics
2015-11-17,335.8497861,coinmetrics
2015-11-18,335.744505,coinmetrics
2015-11-19,326.2321455,coinmetrics
2015-11-20,321.9404755,coinmetrics
2015-11-21,325.9052312,coinmetrics
2015-11-22,323.7169661,coinmetrics
2015-11-23,323.0125563,coinmetrics
2015-11-24,319.9613565,coinmetrics
2015-11-25,328.9604573,coinmetrics
2015-11-26,356.2552925,coinmetrics
2015-11-27,359.2688244,coinmetrics
2015-11-28,356.5673226,coinmetrics
2015-11-29,371.7076125,coinmetrics
2015-11-30,377.3898399,coinmetrics
2015-12-01,362.5323758,coinmetrics
2015-12-02,359.2224041,coinmetrics
2015-12-03,361.2100681,coinmetrics
2015-12-04,363.2416318,coinmetrics
2015-12-05,389.3629588,coinmetrics
2015-12-06,393.3191297,coinmetrics
2015-12-07,395.3465883,coinmetrics
2015-12-08,413.7986604,coinmetrics
2015-12-09,417.6326712,coinmetrics
2015-12-10,415.7299243,coinmetrics
2015-12-11,453.8614801,coinmetrics
2015-12-12,435.8557224,coinmetrics
2015-12-13,434.4034664,coinmetrics
2015-12-14,442.9916897,coinmetrics
2015-12-15,464.6178717,coinmetrics
2015-12-16,454.1424924,coinmetrics
2015-12-17,456.2401346,coinmetrics
2015-12-18,463.1757697,coinmetrics
2015-12-19,461.3999079,coinmetrics
2015-12-20,442.1539901,coinmetrics
2015-12-21,437.6401295,coinmetrics
2015-12-22,435.268379,coinmetrics
2015-12-23,442.6657271,coinmetrics
2015-12-24,455.878713,coinmetrics
2015-12-25,455.7188258,coinmetrics
2015-12-26,418.2215316,coinmetrics
2015-12-27,422.7058945,coinmetrics
2015-12-28,421.0528796,coinmetrics
2015-12-29,431.3400213,coinmetrics
2015-12-30,426.043647,coinmetrics
2015-12-31,429.6771534,coinmetrics
2016-01-01,434.6780064,coinmetrics
2016-01-02,434.4398773,coinmetrics
2016-01-03,430.13618,coinmetrics
2016-01-04,433.4489711,coinmetrics
2016-01-05,432.6695026,coinmetrics
2016-01-06,430.6778697,coinmetrics
2016-01-07,459.2089401,coinmetrics
2016-01-08,454.1344237,coinmetrics
2016-01-09,449.8452162,coinmetrics
2016-01-10,448.5802162,coinmetrics
2016-01-11,449.033059,coinmetrics
2016-01-12,441.7681572,coinmetrics
2016-01-13,432.3106452,coinmetrics
2016-01-14,429.8232247,coinmetrics
2016-01-15,367.8231999,coinmetrics
2016-01-16,388.0712046,coinmetrics
2016-01-17,382.4820865,coinmetrics
2016-01-18,384.8651666,coinmetrics
2016-01-19,378.161725,coinmetrics
2016-01-20,420.6229242,coinmetrics
2016-01-21,409.2984597,coinmetrics
2016-01-22,381.0464594,coinmetrics
2016-01-23,386.3706026,coinmetrics
2016-01-24,403.4469267,coinmetrics
2016-01-25,391.9860973,coinmetrics
2016-01-26,391.1429351,coinmetrics
2016-01-27,394.6275304,coinmetrics
2016-01-28,378.9009956,coinmetrics
2016-01-29,378.9999948,coinmetrics
2016-01-30,377.2627791,coinmetrics
2016-01-31,366.3416876,coinmetrics
2016-02-01,371.2234351,coinmetrics
2016-02-02,372.9276312,coinmetrics
2016-02-03,368.0982066,coinmetrics
2016-02-04,389.7230812,coinmetrics
2016-02-05,384.398414,coinmetrics
2016-02-06,374.6315555,coinmetrics
2016-02-07,375.1539176,coinmetrics
2016-02-08,370.8143503,coinmetrics
2016-02-09,373.5116129,coinmetrics
2016-02-10,379.0826116,coinmetrics
2016-02-11,377.6391651,coinmetrics
2016-02-12,382.2944565,coinmetrics
2016-02-13,389.5984325,coinmetrics
2016-02-14,406.1506695,coinmetrics
2016-02-15,399.2676186,coinmetrics
2016-02-16,407.0353095,coinmetrics
2016-02-17,415.3241134,coinmetrics
2016-02-18,421.289663,coinmetrics
2016-02-19,419.6265285,coinmetrics
2016-02-20,440.1957601,coinmetrics
2016-02-21,438.7186127,coinmetrics
2016-02-22,437.5352951,coinmetrics
2016-02-23,420.0325926,coinmetrics
2016-02-24,423.9951125,coinmetrics
2016-02-25,424.0908703,coinmetrics
2016-02-26,431.762242,coinmetrics
2016-02-27,432.947846,coinmetrics
2016-02-28,433.1022627,coinmetrics
2016-02-29,437.7758726,coinmetrics
2016-03-01,432.8078672,coinmetrics
2016-03-02,423.0797894,coinmetrics
2016-03-03,419.2688213,coinmetrics
2016-03-04,407.9901543,coinmetrics
2016-03-05,397.3144539,coinmetrics
2016-03-06,403.7051875,coinmetrics
2016-03-07,413.2293662,coinmetrics
2016-03-08,411.4259532,coinmetrics
2016-03-09,412.5407035,coinmetrics
2016-03-10,416.3409287,coinmetrics
2016-03-11,419.5119342,coinmetrics
2016-03-12,410.2641633,coinmetrics
2016-03-13,411.8058825,coinmetrics
2016-03-14,415.0269573,coinmetrics
2016-03-15,415.2664003,coinmetrics
2016-03-16,417.0241185,coinmetrics
2016-03-17,418.6053638,coinmetrics
2016-03-18,408.9015874,coinmetrics
2016-03-19,409.1244299,coinmetrics
2016-03-20,412.0569538,coinmetrics
2016-03-21,411.6017741,coinmetrics
2016-03-22,416.5816538,coinmetrics
2016-03-23,417.3782995,coinmetrics
2016-03-24,413.5602399,coinmetrics
2016-03-25,416.3732438,coinmetrics
2016-03-26,416.8230967,coinmetrics
2016-03-27,425.4549598,coinmetrics
2016-03-28,422.9174468,coinmetrics
2016-03-29,415.8638288,coinmetrics
2016-03-30,412.7776978,coinmetrics
2016-03-31,415.9568112,coinmetrics
2016-04-01,417.2006603,coinmetrics
2016-04-02,419.7630567,coinmetrics
2016-04-03,420.0735789,coinmetrics
2016-04-04,419.5407279,coinmetrics
2016-04-05,422.5013644,coinmetrics
2016-04-06,421.9071912,coinmetrics
2016-04-07,421.46722,coinmetrics
2016-04-08,418.6434605,coinmetrics
2016-04-09,418.7586354,coinmetrics
2016-04-10,421.9544885,coinmetrics
2016-04-11,423.273044,coinmetrics
2016-04-12,427.4276646,coinmetrics
2016-04-13,424.8725181,coinmetrics
2016-04-14,425.856595,coinmetrics
2016-04-15,430.7244188,coinmetrics
2016-04-16,432.216313,coinmetrics
2016-04-17,429.3399687,coinmetrics
2016-04-18,429.6569337,coinmetrics
2016-04-19,437.5687262,coinmetrics
2016-04-20,442.6616533,coinmetrics
2016-04-21,452.1647028,coinmetrics
2016-04-22,448.1344213,coinmetrics
2016-04-23,453.914723,coinmetrics
2016-04-24,463.3828714,coinmetrics
2016-04-25,465.3160067,coinmetrics
2016-04-26,469.6087645,coinmetrics
2016-04-27,445.7411131,coinmetrics
2016-04-28,451.0600618,coinmetrics
2016-04-29,457.0099652,coinmetrics
2016-04-30,449.9004845,coinmetrics
2016-05-01,455.0107312,coinmetrics
2016-05-02,444.9330612,coinmetrics
2016-05-03,451.6288504,coinmetrics
2016-05-04,448.3679676,coinmetrics
2016-05-05,449.3360725,coinmetrics
2016-05-06,461.6938624,coinmetrics
2016-05-07,461.3618425,coinmetrics
2016-05-08,461.3788723,coinmetrics
2016-05-09,463.4622317,coinmetrics
2016-05-10,451.0796683,coinmetrics
2016-05-11,453.8963053,coinmetrics
2016-05-12,455.6072559,coinmetrics
2016-05-13,457.2419027,coinmetrics
2016-05-14,458.1195248,coinmetrics
2016-05-15,460.8577206,coinmetrics
2016-05-16,455.2240773,coinmetrics
2016-05-17,453.545777,coinmetrics
2016-05-18,454.4861841,coinmetrics
2016-05-19,437.7241871,coinmetrics
2016-05-20,442.3967992,coinmetrics
2016-05-21,444.0782072,coinmetrics
2016-05-22,440.5586688,coinmetrics
2016-05-23,444.2050573,coinmetrics
2016-05-24,445.6744549,coinmetrics
2016-05-25,450.5495272,coinmetrics
2016-05-26,454.4337224,coinmetrics
2016-05-27,471.8201173,coinmetrics
2016-05-28,530.9105979,coinmetrics
2016-05-29,527.5497124,coinmetrics
2016-05-30,533.493149,coinmetrics
2016-05-31,530.9436928,coinmetrics
2016-06-01,537.6136788,coinmetrics
2016-06-02,538.7712432,coinmetrics
2016-06-03,570.1759883,coinmetrics
2016-06-04,574.2662016,coinmetrics
2016-06-05,575.137638,coinmetrics
2016-06-06,585.857149,coinmetrics
2016-06-07,578.4692407,coinmetrics
2016-06-08,583.0975853,coinmetrics
2016-06-09,577.1016997,coinmetrics
2016-06-10,579.8149936,coinmetrics
2016-06-11,605.449557,coinmetrics
2016-06-12,670.3923743,coinmetrics
2016-06-13,704.3217781,coinmetrics
2016-06-14,684.9483194,coinmetrics
2016-06-15,695.0014684,coinmetrics
2016-06-16,767.4200313,coinmetrics
2016-06-17,750.0146339,coinmetrics
2016-06-18,758.2887801,coinmetrics
2016-06-19,766.7671327,coinmetrics
2016-06-20,722.4974524,coinmetrics
2016-06-21,669.6042047,coinmetrics
2016-06-22,594.8329746,coinmetrics
2016-06-23,627.6778556,coinmetrics
2016-06-24,664.1269857,coinmetrics
2016-06-25,668.8726841,coinmetrics
2016-06-26,630.4342421,coinmetrics
2016-06-27,652.2448077,coinmetrics
2016-06-28,647.2187684,coinmetrics
2016-06-29,638.5863456,coinmetrics
2016-06-30,674.2848147,coinmetrics
2016-07-01,677.5123857,coinmetrics
2016-07-02,702.7393168,coinmetrics
2016-07-03,662.5500859,coinmetrics
2016-07-04,679.8424534,coinmetrics
2016-07-05,668.1659813,coinmetrics
2016-07-06,677.6513331,coinmetrics
2016-07-07,640.0532361,coinmetrics
2016-07-08,665.0517084,coinmetrics
2016-07-09,651.941914,coinmetrics
2016-07-10,649.959341,coinmetrics
2016-07-11,650.2725947,coinmetrics
2016-07-12,670.023128,coinmetrics
2016-07-13,658.3336134,coinmetrics
2016-07-14,660.9059602,coinmetrics
2016-07-15,666.7586711,coinmetrics
2016-07-16,665.2756222,coinmetrics
2016-07-17,681.089602,coinmetrics
2016-07-18,675.1185792,coinmetrics
2016-07-19,674.6603603,coinmetrics
2016-07-20,667.3053649,coinmetrics
2016-07-21,666.8517393,coinmetrics
2016-07-22,650.5629116,coinmetrics
2016-07-23,657.377943,coinmetrics
2016-07-24,661.3939798,coinmetrics
2016-07-25,655.1195778,coinmetrics
2016-07-26,654.6263392,coinmetrics
2016-07-27,656.2751469,coinmetrics
2016-07-28,656.1964534,coinmetrics
2016-07-29,657.5575675,coinmetrics
2016-07-30,655.3617302,coinmetrics
2016-07-31,624.8044871,coinmetrics
2016-08-01,606.5092479,coinmetrics
2016-08-02,526.9811483,coinmetrics
2016-08-03,570.3470409,coinmetrics
2016-08-04,583.542158,coinmetrics
2016-08-05,581.2798057,coinmetrics
2016-08-06,590.795403,coinmetrics
2016-08-07,594.732324,coinmetrics
2016-08-08,591.6292839,coinmetrics
2016-08-09,587.9321382,coinmetrics
2016-08-10,589.9687583,coinmetrics
2016-08-11,589.5858847,coinmetrics
2016-08-12,587.1916496,coinmetrics
2016-08-13,585.3635816,coinmetrics
2016-08-14,571.3870625,coinmetrics
2016-08-15,566.5644413,coinmetrics
2016-08-16,578.4149241,coinmetrics
2016-08-17,573.6637444,coinmetrics
2016-08-18,573.263192,coinmetrics
2016-08-19,573.9584579,coinmetrics
2016-08-20,581.7970701,coinmetrics
2016-08-21,580.7921926,coinmetrics
2016-08-22,584.9718977,coinmetrics
2016-08-23,582.6277474,coinmetrics
2016-08-24,578.7018317,coinmetrics
2016-08-25,576.0334366,coinmetrics
2016-08-26,578.8746534,coinmetrics
2016-08-27,570.2009937,coinmetrics
2016-08-28,575.1052326,coinmetrics
2016-08-29,573.4292676,coinmetrics
2016-08-30,575.6956984,coinmetrics
2016-08-31,572.2727583,coinmetrics
2016-09-01,572.221702,coinmetrics
2016-09-02,576.8467674,coinmetrics
2016-09-03,600.3744068,coinmetrics
2016-09-04,610.5389133,coinmetrics
2016-09-05,607.5269642,coinmetrics
2016-09-06,612.9954583,coinmetrics
2016-09-07,615.6598191,coinmetrics
2016-09-08,630.550172,coinmetrics
2016-09-09,622.977884,coinmetrics
2016-09-10,624.7526404,coinmetrics
2016-09-11,608.2466759,coinmetrics
2016-09-12,607.7073727,coinmetrics
2016-09-13,608.6942963,coinmetrics
2016-09-14,609.4130877,coinmetrics
2016-09-15,607.0702626,coinmetrics
2016-09-16,607.806438,coinmetrics
2016-09-17,607.3814497,coinmetrics
2016-09-18,611.5334603,coinmetrics
2016-09-19,608.8713063,coinmetrics
2016-09-20,608.3717486,coinmetrics
2016-09-21,596.9457566,coinmetrics
2016-09-22,595.5647165,coinmetrics
2016-09-23,602.3787849,coinmetrics
2016-09-24,602.6873597,coinmetrics
2016-09-25,600.6100549,coinmetrics
2016-09-26,606.7788106,coinmetrics
2016-09-27,605.1516137,coinmetrics
2016-09-28,604.6864944,coinmetrics
2016-09-29,605.202562,coinmetrics
2016-09-30,608.8658407,coinmetrics
2016-10-01,615.4084788,coinmetrics
2016-10-02,611.7485783,coinmetrics
2016-10-03,612.5903474,coinmetrics
2016-10-04,610.0078814,coinmetrics
2016-10-05,612.1477809,coinmetrics
2016-10-06,611.7608628,coinmetrics
2016-10-07,617.9057051,coinmetrics
2016-10-08,619.3010018,coinmetrics
2016-10-09,617.1010413,coinmetrics
2016-10-10,618.0852,coinmetrics
2016-10-11,642.9813873,coinmetrics
2016-10-12,636.5979322,coinmetrics
2016-10-13,635.4440953,coinmetrics
2016-10-14,639.5860903,coinmetrics
2016-10-15,637.2837593,coinmetrics
2016-10-16,642.9130425,coinmetrics
2016-10-17,639.1375365,coinmetrics
2016-10-18,635.5765086,coinmetrics
2016-10-19,629.640708,coinmetrics
2016-10-20,628.5989011,coinmetrics
2016-10-21,630.9062034,coinmetrics
2016-10-22,654.508631,coinmetrics
2016-10-23,651.9619568,coinmetrics
2016-10-24,650.0271672,coinmetrics
2016-10-25,655.7925051,coinmetrics
2016-10-26,675.1098693,coinmetrics
2016-10-27,686.5233271,coinmetrics
2016-10-28,690.3906549,coinmetrics
2016-10-29,715.4454693,coinmetrics
2016-10-30,699.333411,coinmetrics
2016-10-31,698.897728,coinmetrics
2016-11-01,730.57848,coinmetrics
2016-11-02,740.3670555,coinmetrics
2016-11-03,689.939207,coinmetrics
2016-11-04,705.4320167,coinmetrics
2016-11-05,706.8193256,coinmetrics
2016-11-06,715.8968798,coinmetrics
2016-11-07,706.1812168,coinmetrics
2016-11-08,711.8358466,coinmetrics
2016-11-09,721.5015099,coinmetrics
2016-11-10,713.4076156,coinmetrics
2016-11-11,715.7033106,coinmetrics
2016-11-12,703.8475511,coinmetrics
2016-11-13,703.6264353,coinmetrics
2016-11-14,705.6435842,coinmetrics
2016-11-15,712.3471528,coinmetrics
2016-11-16,742.0501176,coinmetrics
2016-11-17,735.3180805,coinmetrics
2016-11-18,749.5787273,coinmetrics
2016-11-19,751.2138194,coinmetrics
2016-11-20,730.3508136,coinmetrics
2016-11-21,736.5069839,coinmetrics
2016-11-22,747.997678,coinmetrics
2016-11-23,741.2403179,coinmetrics
2016-11-24,737.354976,coinmetrics
2016-11-25,739.6852002,coinmetrics
2016-11-26,734.6529259,coinmetrics
2016-11-27,727.7411158,coinmetrics
2016-11-28,730.0824838,coinmetrics
2016-11-29,731.6464357,coinmetrics
2016-11-30,742.2044513,coinmetrics
2016-12-01,753.6749101,coinmetrics
2016-12-02,772.3023827,coinmetrics
2016-12-03,766.1104681,coinmetrics
2016-12-04,766.3801391,coinmetrics
2016-12-05,752.6707262,coinmetrics
2016-12-06,759.1173258,coinmetrics
2016-12-07,764.9876501,coinmetrics
2016-12-08,767.6592246,coinmetrics
2016-12-09,771.9023211,coinmetrics
2016-12-10,775.4745613,coinmetrics
2016-12-11,770.4961505,coinmetrics
2016-12-12,778.5065991,coinmetrics
2016-12-13,778.9306946,coinmetrics
2016-12-14,776.9639615,coinmetrics
2016-12-15,776.176782,coinmetrics
2016-12-16,782.2302159,coinmetrics
2016-12-17,789.6029322,coinmetrics
2016-12-18,790.6329665,coinmetrics
2016-12-19,790.2790317,coinmetrics
2016-12-20,799.7775207,coinmetrics
2016-12-21,828.4836793,coinmetrics
2016-12-22,858.501434,coinmetrics
2016-12-23,915.5624383,coinmetrics
2016-12-24,891.1552721,coinmetrics
2016-12-25,896.0032793,coinmetrics
2016-12-26,903.2012466,coinmetrics
2016-12-27,925.9508105,coinmetrics
2016-12-28,979.960974,coinmetrics
2016-12-29,973.4625594,coinmetrics
2016-12-30,961.1826582,coinmetrics
2016-12-31,968.970597,coinmetrics
2017-01-01,997.257358,coinmetrics
2017-01-02,1017.077886,coinmetrics
2017-01-03,1032.609053,coinmetrics
2017-01-04,1134.496445,coinmetrics
2017-01-05,1000.498129,coinmetrics
2017-01-06,892.4639556,coinmetrics
2017-01-07,903.4532836,coinmetrics
2017-01-08,912.4849971,coinmetrics
2017-01-09,903.5086668,coinmetrics
2017-01-10,906.4989474,coinmetrics
2017-01-11,788.314656,coinmetrics
2017-01-12,807.1098335,coinmetrics
2017-01-13,826.7469274,coinmetrics
2017-01-14,820.0451573,coinmetrics
2017-01-15,824.5470652,coinmetrics
2017-01-16,830.8380351,coinmetrics
2017-01-17,906.0268281,coinmetrics
2017-01-18,881.2598154,coinmetrics
2017-01-19,902.26387,coinmetrics
2017-01-20,895.1745162,coinmetrics
2017-01-21,924.4682595,coinmetrics
2017-01-22,922.4670774,coinmetrics
2017-01-23,919.1157441,coinmetrics
2017-01-24,887.7431938,coinmetrics
2017-01-25,895.6900333,coinmetrics
2017-01-26,916.6674686,coinmetrics
2017-01-27,920.4544635,coinmetrics
2017-01-28,922.7749486,coinmetrics
2017-01-29,915.6320231,coinmetrics
2017-01-30,920.3132608,coinmetrics
2017-01-31,968.4991057,coinmetrics
2017-02-01,987.5325904,coinmetrics
2017-02-02,1007.704366,coinmetrics
2017-02-03,1015.302039,coinmetrics
2017-02-04,1033.785973,coinmetrics
2017-02-05,1014.567876,coinmetrics
2017-02-06,1023.317481,coinmetrics
2017-02-07,1053.624459,coinmetrics
2017-02-08,1052.367645,coinmetrics
2017-02-09,982.7519395,coinmetrics
2017-02-10,996.6501531,coinmetrics
2017-02-11,1011.375322,coinmetrics
2017-02-12,1006.296465,coinmetrics
2017-02-13,999.953185,coinmetrics
2017-02-14,1012.213464,coinmetrics
2017-02-15,1013.903841,coinmetrics
2017-02-16,1036.806865,coinmetrics
2017-02-17,1058.66992,coinmetrics
2017-02-18,1060.668805,coinmetrics
2017-02-19,1058.7864,coinmetrics
2017-02-20,1088.688429,coinmetrics
2017-02-21,1128.855293,coinmetrics
2017-02-22,1129.701791,coinmetrics
2017-02-23,1188.861786,coinmetrics
2017-02-24,1185.488892,coinmetrics
2017-02-25,1151.604737,coinmetrics
2017-02-26,1181.710866,coinmetrics
2017-02-27,1194.15245,coinmetrics
2017-02-28,1188.399941,coinmetrics
2017-03-01,1228.459651,coinmetrics
2017-03-02,1262.931467,coinmetrics
2017-03-03,1289.363191,coinmetrics
2017-03-04,1268.940664,coinmetrics
2017-03-05,1276.273683,coinmetrics
2017-03-06,1282.254657,coinmetrics
2017-03-07,1234.476462,coinmetrics
2017-03-08,1152.139389,coinmetrics
2017-03-09,1193.455527,coinmetrics
2017-03-10,1098.530149,coinmetrics
2017-03-11,1176.822921,coinmetrics
2017-03-12,1231.748357,coinmetrics
2017-03-13,1239.396296,coinmetrics
2017-03-14,1246.536565,coinmetrics
2017-03-15,1258.651381,coinmetrics
2017-03-16,1178.02075,coinmetrics
2017-03-17,1072.082538,coinmetrics
2017-03-18,962.5690562,coinmetrics
2017-03-19,1020.220254,coinmetrics
2017-03-20,1037.756346,coinmetrics
2017-03-21,1111.818264,coinmetrics
2017-03-22,1037.30257,coinmetrics
2017-03-23,1028.172856,coinmetrics
2017-03-24,935.0634962,coinmetrics
2017-03-25,968.5433293,coinmetrics
2017-03-26,962.9580546,coinmetrics
2017-03-27,1042.919198,coinmetrics
2017-03-28,1045.162932,coinmetrics
2017-03-29,1039.688616,coinmetrics
2017-03-30,1037.987661,coinmetrics
2017-03-31,1081.743531,coinmetrics
2017-04-01,1089.524772,coinmetrics
2017-04-02,1105.562956,coinmetrics
2017-04-03,1144.664771,coinmetrics
2017-04-04,1141.921919,coinmetrics
2017-04-05,1135.811644,coinmetrics
2017-04-06,1194.596459,coinmetrics
2017-04-07,1191.731451,coinmetrics
2017-04-08,1184.41772,coinmetrics
2017-04-09,1213.63414,coinmetrics
2017-04-10,1211.649876,coinmetrics
2017-04-11,1229.784933,coinmetrics
2017-04-12,1216.114368,coinmetrics
2017-04-13,1172.55834,coinmetrics
2017-04-14,1174.333234,coinmetrics
2017-04-15,1175.562189,coinmetrics
2017-04-16,1173.69138,coinmetrics
2017-04-17,1191.901201,coinmetrics
2017-04-18,1202.131458,coinmetrics
2017-04-19,1209.560909,coinmetrics
2017-04-20,1235.803075,coinmetrics
2017-04-21,1247.33607,coinmetrics
2017-04-22,1243.550393,coinmetrics
2017-04-23,1250.001483,coinmetrics
2017-04-24,1257.239442,coinmetrics
2017-04-25,1279.864717,coinmetrics
2017-04-26,1296.485457,coinmetrics
2017-04-27,1345.889956,coinmetrics
2017-04-28,1347.985156,coinmetrics
2017-04-29,1357.715253,coinmetrics
2017-04-30,1381.956372,coinmetrics
2017-05-01,1436.941488,coinmetrics
2017-05-02,1463.819068,coinmetrics
2017-05-03,1519.408944,coinmetrics
2017-05-04,1539.830052,coinmetrics
2017-05-05,1529.850443,coinmetrics
2017-05-06,1573.28551,coinmetrics
2017-05-07,1526.267772,coinmetrics
2017-05-08,1685.086496,coinmetrics
2017-05-09,1719.228014,coinmetrics
2017-05-10,1782.499,coinmetrics
2017-05-11,1835.487548,coinmetrics
2017-05-12,1704.661641,coinmetrics
2017-05-13,1779.840257,coinmetrics
2017-05-14,1794.593551,coinmetrics
2017-05-15,1736.882846,coinmetrics
2017-05-16,1757.026949,coinmetrics
2017-05-17,1808.746065,coinmetrics
2017-05-18,1894.247265,coinmetrics
2017-05-19,1967.545548,coinmetrics
2017-05-20,2048.117678,coinmetrics
2017-05-21,2045.222493,coinmetrics
2017-05-22,2078.9435,coinmetrics
2017-05-23,2257.288364,coinmetrics
2017-05-24,2415.007227,coinmetrics
2017-05-25,2319.601379,coinmetrics
2017-05-26,2279.418584,coinmetrics
2017-05-27,2044.3005,coinmetrics
2017-05-28,2225.700867,coinmetrics
2017-05-29,2284.715797,coinmetrics
2017-05-30,2167.264478,coinmetrics
2017-05-31,2299.43261,coinmetrics
2017-06-01,2399.887632,coinmetrics
2017-06-02,2479.423894,coinmetrics
2017-06-03,2549.551952,coinmetrics
2017-06-04,2524.993834,coinmetrics
2017-06-05,2685.318917,coinmetrics
2017-06-06,2871.341677,coinmetrics
2017-06-07,2706.760009,coinmetrics
2017-06-08,2802.563547,coinmetrics
2017-06-09,2804.872267,coinmetrics
2017-06-10,2916.32786,coinmetrics
2017-06-11,2974.214559,coinmetrics
2017-06-12,2665.43327,coinmetrics
2017-06-13,2707.137824,coinmetrics
2017-06-14,2443.824451,coinmetrics
2017-06-15,2409.886764,coinmetrics
2017-06-16,2476.359095,coinmetrics
2017-06-17,2652.755363,coinmetrics
2017-06-18,2508.214207,coinmetrics
2017-06-19,2589.642213,coinmetrics
2017-06-20,2733.226556,coinmetrics
2017-06-21,2639.261314,coinmetrics
2017-06-22,2686.647514,coinmetrics
2017-06-23,2685.870471,coinmetrics
2017-06-24,2562.189149,coinmetrics
2017-06-25,2497.728941,coinmetrics
2017-06-26,2426.365051,coinmetrics
2017-06-27,2530.345536,coinmetrics
2017-06-28,2562.792264,coinmetrics
2017-06-29,2540.443032,coinmetrics
2017-06-30,2452.712064,coinmetrics
2017-07-01,2412.366213,coinmetrics
2017-07-02,2518.872187,coinmetrics
2017-07-03,2551.927432,coinmetrics
2017-07-04,2599.74475,coinmetrics
2017-07-05,2608.104891,coinmetrics
2017-07-06,2603.195474,coinmetrics
2017-07-07,2495.780922,coinmetrics
2017-07-08,2553.494158,coinmetrics
2017-07-09,2506.173214,coinmetrics
2017-07-10,2319.366897,coinmetrics
2017-07-11,2319.167441,coinmetrics
2017-07-12,2374.886266,coinmetrics
2017-07-13,2343.738348,coinmetrics
2017-07-14,2214.825237,coinmetrics
2017-07-15,1989.63319,coinmetrics
2017-07-16,1910.749542,coinmetrics
2017-07-17,2215.746296,coinmetrics
2017-07-18,2303.761146,coinmetrics
2017-07-19,2257.065236,coinmetrics
2017-07-20,2823.897926,coinmetrics
2017-07-21,2666.139718,coinmetrics
2017-07-22,2829.754055,coinmetrics
2017-07-23,2753.243865,coinmetrics
2017-07-24,2755.159524,coinmetrics
2017-07-25,2558.692999,coinmetrics
2017-07-26,2522.324646,coinmetrics
2017-07-27,2665.147546,coinmetrics
2017-07-28,2793.833485,coinmetrics
2017-07-29,2706.450765,coinmetrics
2017-07-30,2749.384528,coinmetrics
2017-07-31,2862.611291,coinmetrics
2017-08-01,2727.389182,coinmetrics
2017-08-02,2690.145672,coinmetrics
2017-08-03,2789.746312,coinmetrics
2017-08-04,2860.272843,coinmetrics
2017-08-05,3237.423363,coinmetrics
2017-08-06,3230.116709,coinmetrics
2017-08-07,3392.562419,coinmetrics
2017-08-08,3425.676617,coinmetrics
2017-08-09,3347.215432,coinmetrics
2017-08-10,3437.032155,coinmetrics
2017-08-11,3660.520537,coinmetrics
2017-08-12,3871.082406,coinmetrics
2017-08-13,4063.801053,coinmetrics
2017-08-14,4304.603931,coinmetrics
2017-08-15,4160.030546,coinmetrics
2017-08-16,4364.678575,coinmetrics
2017-08-17,4308.516861,coinmetrics
2017-08-18,4108.507162,coinmetrics
2017-08-19,4160.332457,coinmetrics
2017-08-20,4085.810394,coinmetrics
2017-08-21,3992.626035,coinmetrics
2017-08-22,4074.330461,coinmetrics
2017-08-23,4146.915345,coinmetrics
2017-08-24,4325.816428,coinmetrics
2017-08-25,4353.131773,coinmetrics
2017-08-26,4341.978717,coinmetrics
2017-08-27,4344.903445,coinmetrics
2017-08-28,4379.763921,coinmetrics
2017-08-29,4600.456831,coinmetrics
2017-08-30,4586.632737,coinmetrics
2017-08-31,4740.356218,coinmetrics
2017-09-01,4918.166245,coinmetrics
2017-09-02,4595.020018,coinmetrics
2017-09-03,4625.296314,coinmetrics
2017-09-04,4374.753496,coinmetrics
2017-09-05,4454.052538,coinmetrics
2017-09-06,4607.51653,coinmetrics
2017-09-07,4635.111876,coinmetrics
2017-09-08,4345.457656,coinmetrics
2017-09-09,4335.59345,coinmetrics
2017-09-10,4261.843521,coinmetrics
2017-09-11,4212.547573,coinmetrics
2017-09-12,4164.319434,coinmetrics
2017-09-13,3887.118587,coinmetrics
2017-09-14,3247.468739,coinmetrics
2017-09-15,3699.222944,coinmetrics
2017-09-16,3711.234351,coinmetrics
2017-09-17,3711.856204,coinmetrics
2017-09-18,4080.428443,coinmetrics
2017-09-19,3925.73619,coinmetrics
2017-09-20,3895.777079,coinmetrics
2017-09-21,3617.243466,coinmetrics
2017-09-22,3619.213718,coinmetrics
2017-09-23,3775.600594,coinmetrics
2017-09-24,3676.896944,coinmetrics
2017-09-25,3918.738071,coinmetrics
2017-09-26,3890.090937,coinmetrics
2017-09-27,4207.787485,coinmetrics
2017-09-28,4187.769796,coinmetrics
2017-09-29,4155.01012,coinmetrics
2017-09-30,4334.544613,coinmetrics
2017-10-01,4382.086898,coinmetrics
2017-10-02,4386.875715,coinmetrics
2017-10-03,4306.564642,coinmetrics
2017-10-04,4216.684821,coinmetrics
2017-10-05,4319.420916,coinmetrics
2017-10-06,4365.91571,coinmetrics
2017-10-07,4438.855933,coinmetrics
2017-10-08,4600.739797,coinmetrics
2017-10-09,4777.534657,coinmetrics
2017-10-10,4741.077915,coinmetrics
2017-10-11,4814.967118,coinmetrics
2017-10-12,5393.668983,coinmetrics
2017-10-13,5614.077515,coinmetrics
2017-10-14,5785.738315,coinmetrics
2017-10-15,5689.86506,coinmetrics
2017-10-16,5756.148812,coinmetrics
2017-10-17,5590.416324,coinmetrics
2017-10-18,5583.870426,coinmetrics
2017-10-19,5708.312991,coinmetrics
2017-10-20,6000.88313,coinmetrics
2017-10-21,6030.207893,coinmetrics
2017-10-22,5996.598139,coinmetrics
2017-10-23,5888.250017,coinmetrics
2017-10-24,5517.775353,coinmetrics
2017-10-25,5736.017802,coinmetrics
2017-10-26,5900.317729,coinmetrics
2017-10-27,5771.945046,coinmetrics
2017-10-28,5762.388577,coinmetrics
2017-10-29,6174.728845,coinmetrics
2017-10-30,6119.256384,coinmetrics
2017-10-31,6428.514637,coinmetrics
2017-11-01,6726.411835,coinmetrics
2017-11-02,7043.777939,coinmetrics
2017-11-03,7198.632111,coinmetrics
2017-11-04,7420.498079,coinmetrics
2017-11-05,7371.13903,coinmetrics
2017-11-06,6985.263844,coinmetrics
2017-11-07,7118.202544,coinmetrics
2017-11-08,7451.212787,coinmetrics
2017-11-09,7117.73805,coinmetrics
2017-11-10,6620.567336,coinmetrics
2017-11-11,6346.721449,coinmetrics
2017-11-12,5829.097828,coinmetrics
2017-11-13,6519.445172,coinmetrics
2017-11-14,6592.374397,coinmetrics
2017-11-15,7257.373212,coinmetrics
2017-11-16,7833.704433,coinmetrics
2017-11-17,7729.03327,coinmetrics
2017-11-18,7796.154241,coinmetrics
2017-11-19,8018.320688,coinmetrics
2017-11-20,8269.874257,coinmetrics
2017-11-21,8091.998084,coinmetrics
2017-11-22,8249.59733,coinmetrics
2017-11-23,8071.669821,coinmetrics
2017-11-24,8232.422333,coinmetrics
2017-11-25,8760.165442,coinmetrics
2017-11-26,9319.903315,coinmetrics
2017-11-27,9730.728579,coinmetrics
2017-11-28,9932.19418,coinmetrics
2017-11-29,9800.027552,coinmetrics
2017-11-30,9996.714972,coinmetrics
2017-12-01,10808.95833,coinmetrics
2017-12-02,10934.85999,coinmetrics
2017-12-03,11213.94266,coinmetrics
2017-12-04,11562.12857,coinmetrics
2017-12-05,11736.75407,coinmetrics
2017-12-06,13992.13234,coinmetrics
2017-12-07,17032.29338,coinmetrics
2017-12-08,16298.48734,coinmetrics
2017-12-09,15050.02195,coinmetrics
2017-12-10,15474.99954,coinmetrics
2017-12-11,16873.49778,coinmetrics
2017-12-12,17433.93074,coinmetrics
2017-12-13,16515.15257,coinmetrics
2017-12-14,16602.8928,coinmetrics
2017-12-15,17702.00217,coinmetrics
2017-12-16,19640.51388,coinmetrics
2017-12-17,19250.46765,coinmetrics
2017-12-18,18982.02502,coinmetrics
2017-12-19,17653.32609,coinmetrics
2017-12-20,16453.62726,coinmetrics
2017-12-21,15633.83365,coinmetrics
2017-12-22,14305.71834,coinmetrics
2017-12-23,14910.8581,coinmetrics
2017-12-24,14026.34687,coinmetrics
2017-12-25,14080.94226,coinmetrics
2017-12-26,15727.14548,coinmetrics
2017-12-27,15389.00057,coinmetrics
2017-12-28,14289.45221,coinmetrics
2017-12-29,14571.74608,coinmetrics
2017-12-30,12948.71588,coinmetrics
2017-12-31,13921.48064,coinmetrics
2018-01-01,13464.65361,coinmetrics
2018-01-02,14754.3222,coinmetrics
2018-01-03,15010.28616,coinmetrics
2018-01-04,15070.3008,coinmetrics
2018-01-05,16997.22741,coinmetrics
2018-01-06,17103.58928,coinmetrics
2018-01-07,16231.695,coinmetrics
2018-01-08,14937.41509,coinmetrics
2018-01-09,14378.58622,coinmetrics
2018-01-10,14669.08827,coinmetrics
2018-01-11,13186.75494,coinmetrics
2018-01-12,13789.44366,coinmetrics
2018-01-13,14231.22506,coinmetrics
2018-01-14,13681.06546,coinmetrics
2018-01-15,13591.6962,coinmetrics
2018-01-16,11431.04011,coinmetrics
2018-01-17,11159.60859,coinmetrics
2018-01-18,11246.03973,coinmetrics
2018-01-19,11440.25556,coinmetrics
2018-01-20,12768.40459,coinmetrics
2018-01-21,11422.39426,coinmetrics
2018-01-22,10737.35058,coinmetrics
2018-01-23,10849.39188,coinmetrics
2018-01-24,11225.89617,coinmetrics
2018-01-25,11130.46495,coinmetrics
2018-01-26,11035.55461,coinmetrics
2018-01-27,11320.97019,coinmetrics
2018-01-28,11615.95871,coinmetrics
2018-01-29,11132.55431,coinmetrics
2018-01-30,9959.546715,coinmetrics
2018-01-31,10050.0958,coinmetrics
2018-02-01,9039.865075,coinmetrics
2018-02-02,8786.07738,coinmetrics
2018-02-03,9132.100322,coinmetrics
2018-02-04,8250.526896,coinmetrics
2018-02-05,6849.542559,coinmetrics
2018-02-06,7738.64396,coinmetrics
2018-02-07,7624.59539,coinmetrics
2018-02-08,8218.580852,coinmetrics
2018-02-09,8660.453468,coinmetrics
2018-02-10,8530.292805,coinmetrics
2018-02-11,8096.728481,coinmetrics
2018-02-12,8907.670179,coinmetrics
2018-02-13,8523.966932,coinmetrics
2018-02-14,9467.301033,coinmetrics
2018-02-15,10106.73308,coinmetrics
2018-02-16,10189.31648,coinmetrics
2018-02-17,11085.59841,coinmetrics
2018-02-18,10452.09198,coinmetrics
2018-02-19,11139.35573,coinmetrics
2018-02-20,11245.93232,coinmetrics
2018-02-21,10458.86509,coinmetrics
2018-02-22,9878.158943,coinmetrics
2018-02-23,10159.06561,coinmetrics
2018-02-24,9686.60178,coinmetrics
2018-02-25,9603.227477,coinmetrics
2018-02-26,10312.36571,coinmetrics
2018-02-27,10654.10729,coinmetrics
2018-02-28,10307.02497,coinmetrics
2018-03-01,10923.63086,coinmetrics
2018-03-02,11014.05847,coinmetrics
2018-03-03,11425.68057,coinmetrics
2018-03-04,11462.5832,coinmetrics
2018-03-05,11540.66232,coinmetrics
2018-03-06,10677.03523,coinmetrics
2018-03-07,9903.085049,coinmetrics
2018-03-08,9330.475453,coinmetrics
2018-03-09,9278.139184,coinmetrics
2018-03-10,8786.560423,coinmetrics
2018-03-11,9513.5354,coinmetrics
2018-03-12,9147.890181,coinmetrics
2018-03-13,9160.542933,coinmetrics
2018-03-14,8222.127239,coinmetrics
2018-03-15,8268.589122,coinmetrics
2018-03-16,8376.904498,coinmetrics
2018-03-17,7881.661921,coinmetrics
2018-03-18,8189.016719,coinmetrics
2018-03-19,8537.015623,coinmetrics
2018-03-20,8895.547179,coinmetrics
2018-03-21,8879.594257,coinmetrics
2018-03-22,8710.664935,coinmetrics
2018-03-23,8771.746323,coinmetrics
2018-03-24,8610.988516,coinmetrics
2018-03-25,8440.610923,coinmetrics
2018-03-26,8171.184354,coinmetrics
2018-03-27,7837.265319,coinmetrics
2018-03-28,7933.64273,coinmetrics
2018-03-29,7108.570813,coinmetrics
2018-03-30,6832.149066,coinmetrics
2018-03-31,6922.281297,coinmetrics
2018-04-01,6804.524879,coinmetrics
2018-04-02,7033.25961,coinmetrics
2018-04-03,7420.800515,coinmetrics
2018-04-04,6780.543601,coinmetrics
2018-04-05,6798.422617,coinmetrics
2018-04-06,6610.49235,coinmetrics
2018-04-07,6886.469472,coinmetrics
2018-04-08,7009.996104,coinmetrics
2018-04-09,6736.892824,coinmetrics
2018-04-10,6816.718615,coinmetrics
2018-04-11,6944.785857,coinmetrics
2018-04-12,7904.330275,coinmetrics
2018-04-13,7919.064695,coinmetrics
2018-04-14,8006.417943,coinmetrics
2018-04-15,8342.271101,coinmetrics
2018-04-16,8046.982134,coinmetrics
2018-04-17,7887.737958,coinmetrics
2018-04-18,8162.834862,coinmetrics
2018-04-19,8272.967316,coinmetrics
2018-04-20,8839.501132,coinmetrics
2018-04-21,8863.540829,coinmetrics
2018-04-22,8800.959087,coinmetrics
2018-04-23,8930.784634,coinmetrics
2018-04-24,9652.213789,coinmetrics
2018-04-25,8855.508937,coinmetrics
2018-04-26,9264.727427,coinmetrics
2018-04-27,8981.33079,coinmetrics
2018-04-28,9341.824685,coinmetrics
2018-04-29,9396.99763,coinmetrics
2018-04-30,9228.726484,coinmetrics
2018-05-01,9072.168757,coinmetrics
2018-05-02,9204.127641,coinmetrics
2018-05-03,9750.700146,coinmetrics
2018-05-04,9696.64291,coinmetrics
2018-05-05,9795.925772,coinmetrics
2018-05-06,9595.086819,coinmetrics
2018-05-07,9339.510847,coinmetrics
2018-05-08,9212.369635,coinmetrics
2018-05-09,9293.042274,coinmetrics
2018-05-10,9037.530509,coinmetrics
2018-05-11,8419.758587,coinmetrics
2018-05-12,8485.775267,coinmetrics
2018-05-13,8695.833094,coinmetrics
2018-05-14,8671.074175,coinmetrics
2018-05-15,8488.463421,coinmetrics
2018-05-16,8327.756201,coinmetrics
2018-05-17,8050.516239,coinmetrics
2018-05-18,8233.086455,coinmetrics
2018-05-19,8229.482936,coinmetrics
2018-05-20,8511.44883,coinmetrics
2018-05-21,8398.623127,coinmetrics
2018-05-22,8007.526532,coinmetrics
2018-05-23,7520.867679,coinmetrics
2018-05-24,7575.624486,coinmetrics
2018-05-25,7425.375674,coinmetrics
2018-05-26,7326.303186,coinmetrics
2018-05-27,7338.193044,coinmetrics
2018-05-28,7110.823882,coinmetrics
2018-05-29,7453.633725,coinmetrics
2018-05-30,7374.669049,coinmetrics
2018-05-31,7478.741867,coinmetrics
2018-06-01,7519.835737,coinmetrics
2018-06-02,7637.448253,coinmetrics
2018-06-03,7702.157933,coinmetrics
2018-06-04,7486.6532,coinmetrics
2018-06-05,7611.149853,coinmetrics
2018-06-06,7650.775807,coinmetrics
2018-06-07,7665.947896,coinmetrics
2018-06-08,7622.60233,coinmetrics
2018-06-09,7556.171698,coinmetrics
2018-06-10,6744.735801,coinmetrics
2018-06-11,6849.452687,coinmetrics
2018-06-12,6526.69968,coinmetrics
2018-06-13,6306.513168,coinmetrics
2018-06-14,6629.770124,coinmetrics
2018-06-15,6399.674046,coinmetrics
2018-06-16,6495.315309,coinmetrics
2018-06-17,6450.693973,coinmetrics
2018-06-18,6703.81259,coinmetrics
2018-06-19,6732.508809,coinmetrics
2018-06-20,6753.206826,coinmetrics
2018-06-21,6720.373234,coinmetrics
2018-06-22,6059.575859,coinmetrics
2018-06-23,6174.225779,coinmetrics
2018-06-24,6146.487195,coinmetrics
2018-06-25,6243.535441,coinmetrics
2018-06-26,6096.128766,coinmetrics
2018-06-27,6139.189683,coinmetrics
2018-06-28,5858.635778,coinmetrics
2018-06-29,6220.913715,coinmetrics
2018-06-30,6375.541231,coinmetrics
2018-07-01,6361.402539,coinmetrics
2018-07-02,6608.367157,coinmetrics
2018-07-03,6498.307859,coinmetrics
2018-07-04,6579.333376,coinmetrics
2018-07-05,6535.298403,coinmetrics
2018-07-06,6598.459096,coinmetrics
2018-07-07,6737.85608,coinmetrics
2018-07-08,6704.91998,coinmetrics
2018-07-09,6664.024094,coinmetrics
2018-07-10,6309.084004,coinmetrics
2018-07-11,6377.976511,coinmetrics
2018-07-12,6159.466676,coinmetrics
2018-07-13,6208.985572,coinmetrics
2018-07-14,6255.112479,coinmetrics
2018-07-15,6347.604274,coinmetrics
2018-07-16,6710.807437,coinmetrics
2018-07-17,7320.594828,coinmetrics
2018-07-18,7376.038339,coinmetrics
2018-07-19,7467.034298,coinmetrics
2018-07-20,7327.256683,coinmetrics
2018-07-21,7410.56562,coinmetrics
2018-07-22,7399.483747,coinmetrics
2018-07-23,7716.158627,coinmetrics
2018-07-24,8397.616522,coinmetrics
2018-07-25,8202.720395,coinmetrics
2018-07-26,7913.930778,coinmetrics
2018-07-27,8173.774611,coinmetrics
2018-07-28,8190.360057,coinmetrics
2018-07-29,8229.605839,coinmetrics
2018-07-30,8171.839519,coinmetrics
2018-07-31,7725.133036,coinmetrics
2018-08-01,7596.698012,coinmetrics
2018-08-02,7542.694662,coinmetrics
2018-08-03,7411.34425,coinmetrics
2018-08-04,7002.208653,coinmetrics
2018-08-05,7031.587751,coinmetrics
2018-08-06,6929.990894,coinmetrics
2018-08-07,6722.578433,coinmetrics
2018-08-08,6267.388674,coinmetrics
2018-08-09,6558.096908,coinmetrics
2018-08-10,6135.751859,coinmetrics
2018-08-11,6313.749312,coinmetrics
2018-08-12,6314.691656,coinmetrics
2018-08-13,6265.848044,coinmetrics
2018-08-14,6184.829086,coinmetrics
2018-08-15,6270.214799,coinmetrics
2018-08-16,6290.750455,coinmetrics
2018-08-17,6563.078289,coinmetrics
2018-08-18,6399.287447,coinmetrics
2018-08-19,6490.716127,coinmetrics
2018-08-20,6272.952729,coinmetrics
2018-08-21,6473.076039,coinmetrics
2018-08-22,6365.009832,coinmetrics
2018-08-23,6516.409025,coinmetrics
2018-08-24,6697.731879,coinmetrics
2018-08-25,6745.438939,coinmetrics
2018-08-26,6689.869333,coinmetrics
2018-08-27,6839.158952,coinmetrics
2018-08-28,7092.973808,coinmetrics
2018-08-29,7033.428068,coinmetrics
2018-08-30,6966.963744,coinmetrics
2018-08-31,7025.14078,coinmetrics
2018-09-01,7192.352547,coinmetrics
2018-09-02,7286.667791,coinmetrics
2018-09-03,7257.470214,coinmetrics
2018-09-04,7358.811479,coinmetrics
2018-09-05,6790.897328,coinmetrics
2018-09-06,6488.075937,coinmetrics
2018-09-07,6408.653622,coinmetrics
2018-09-08,6187.790502,coinmetrics
2018-09-09,6249.24631,coinmetrics
2018-09-10,6295.388603,coinmetrics
2018-09-11,6278.42464,coinmetrics
2018-09-12,6327.536363,coinmetrics
2018-09-13,6490.912316,coinmetrics
2018-09-14,6494.695479,coinmetrics
2018-09-15,6524.165667,coinmetrics
2018-09-16,6497.404701,coinmetrics
2018-09-17,6258.594875,coinmetrics
2018-09-18,6340.34779,coinmetrics
2018-09-19,6383.951876,coinmetrics
2018-09-20,6498.607111,coinmetrics
2018-09-21,6741.142899,coinmetrics
2018-09-22,6705.476051,coinmetrics
2018-09-23,6703.13685,coinmetrics
2018-09-24,6576.545003,coinmetrics
2018-09-25,6416.444022,coinmetrics
2018-09-26,6463.250404,coinmetrics
2018-09-27,6677.900489,coinmetrics
2018-09-28,6623.12616,coinmetrics
2018-09-29,6584.499148,coinmetrics
2018-09-30,6604.485028,coinmetrics
2018-10-01,6561.813832,coinmetrics
2018-10-02,6508.720939,coinmetrics
2018-10-03,6464.456844,coinmetrics
2018-10-04,6545.285668,coinmetrics
2018-10-05,6585.14958,coinmetrics
2018-10-06,6550.478316,coinmetrics
2018-10-07,6564.56826,coinmetrics
2018-10-08,6604.685274,coinmetrics
2018-10-09,6590.428622,coinmetrics
2018-10-10,6529.102436,coinmetrics
2018-10-11,6159.251643,coinmetrics
2018-10-12,6191.677223,coinmetrics
2018-10-13,6197.685696,coinmetrics
2018-10-14,6182.879344,coinmetrics
2018-10-15,6442.715414,coinmetrics
2018-10-16,6461.937159,coinmetrics
2018-10-17,6442.7307,coinmetrics
2018-10-18,6396.479812,coinmetrics
2018-10-19,6383.07784,coinmetrics
2018-10-20,6408.252746,coinmetrics
2018-10-21,6415.340503,coinmetrics
2018-10-22,6408.033636,coinmetrics
2018-10-23,6395.987667,coinmetrics
2018-10-24,6413.803641,coinmetrics
2018-10-25,6402.324859,coinmetrics
2018-10-26,6404.108552,coinmetrics
2018-10-27,6409.405328,coinmetrics
2018-10-28,6406.633253,coinmetrics
2018-10-29,6263.041735,coinmetrics
2018-10-30,6272.167728,coinmetrics
2018-10-31,6306.316931,coinmetrics
2018-11-01,6342.977501,coinmetrics
2018-11-02,6348.168583,coinmetrics
2018-11-03,6332.434133,coinmetrics
2018-11-04,6420.422,coinmetrics
2018-11-05,6402.946839,coinmetrics
2018-11-06,6441.145219,coinmetrics
2018-11-07,6500.869805,coinmetrics
2018-11-08,6406.752937,coinmetrics
2018-11-09,6331.378767,coinmetrics
2018-11-10,6353.112734,coinmetrics
2018-11-11,6335.414204,coinmetrics
2018-11-12,6320.656054,coinmetrics
2018-11-13,6267.937991,coinmetrics
2018-11-14,5574.258349,coinmetrics
2018-11-15,5538.560608,coinmetrics
2018-11-16,5496.016231,coinmetrics
2018-11-17,5501.09234,coinmetrics
2018-11-18,5555.376338,coinmetrics
2018-11-19,4792.200024,coinmetrics
2018-11-20,4317.53067,coinmetrics
2018-11-21,4549.32201,coinmetrics
2018-11-22,4303.615549,coinmetrics
2018-11-23,4289.892853,coinmetrics
2018-11-24,3806.316925,coinmetrics
2018-11-25,3946.850874,coinmetrics
2018-11-26,3700.285993,coinmetrics
2018-11-27,3776.555905,coinmetrics
2018-11-28,4208.475269,coinmetrics
2018-11-29,4239.039488,coinmetrics
2018-11-30,3973.334052,coinmetrics
2018-12-01,4148.073726,coinmetrics
2018-12-02,4098.746764,coinmetrics
2018-12-03,3843.976666,coinmetrics
2018-12-04,3892.951647,coinmetrics
2018-12-05,3709.520858,coinmetrics
2018-12-06,3511.968982,coinmetrics
2018-12-07,3372.995693,coinmetrics
2018-12-08,3407.951195,coinmetrics
2018-12-09,3540.439576,coinmetrics
2018-12-10,3413.592584,coinmetrics
2018-12-11,3352.5642,coinmetrics
2018-12-12,3423.012918,coinmetrics
2018-12-13,3260.341582,coinmetrics
2018-12-14,3198.947474,coinmetrics
2018-12-15,3185.074044,coinmetrics
2018-12-16,3195.414555,coinmetrics
2018-12-17,3499.156482,coinmetrics
2018-12-18,3659.527379,coinmetrics
2018-12-19,3697.725303,coinmetrics
2018-12-20,4067.737708,coinmetrics
2018-12-21,3839.085108,coinmetrics
2018-12-22,3964.946116,coinmetrics
2018-12-23,3942.666996,coinmetrics
2018-12-24,4040.04579,coinmetrics
2018-12-25,3761.584011,coinmetrics
2018-12-26,3807.657454,coinmetrics
2018-12-27,3585.460536,coinmetrics
2018-12-28,3881.054885,coinmetrics
2018-12-29,3823.138326,coinmetrics
2018-12-30,3825.407463,coinmetrics
2018-12-31,3687.19994,coinmetrics
2019-01-01,3808.117832,coinmetrics
2019-01-02,3898.197488,coinmetrics
2019-01-03,3784.388635,coinmetrics
2019-01-04,3827.524594,coinmetrics
2019-01-05,3798.613955,coinmetrics
2019-01-06,4045.993775,coinmetrics
2019-01-07,4001.018278,coinmetrics
2019-01-08,3992.622789,coinmetrics
2019-01-09,4004.259036,coinmetrics
2019-01-10,3627.90345,coinmetrics
2019-01-11,3624.161421,coinmetrics
2019-01-12,3617.022078,coinmetrics
2019-01-13,3508.670108,coinmetrics
2019-01-14,3666.945194,coinmetrics
2019-01-15,3581.293015,coinmetrics
2019-01-16,3606.986576,coinmetrics
2019-01-17,3640.129131,coinmetrics
2019-01-18,3609.426736,coinmetrics
2019-01-19,3687.301961,coinmetrics
2019-01-20,3538.313723,coinmetrics
2019-01-21,3535.623393,coinmetrics
2019-01-22,3577.30835,coinmetrics
2019-01-23,3551.893821,coinmetrics
2019-01-24,3567.588934,coinmetrics
2019-01-25,3561.350498,coinmetrics
2019-01-26,3557.039915,coinmetrics
2019-01-27,3537.614131,coinmetrics
2019-01-28,3435.052514,coinmetrics
2019-01-29,3395.823763,coinmetrics
2019-01-30,3437.895866,coinmetrics
2019-01-31,3410.131616,coinmetrics
2019-02-01,3445.049891,coinmetrics
2019-02-02,3461.935117,coinmetrics
2019-02-03,3413.021616,coinmetrics
2019-02-04,3411.387962,coinmetrics
2019-02-05,3426.465011,coinmetrics
2019-02-06,3367.506365,coinmetrics
2019-02-07,3358.873599,coinmetrics
2019-02-08,3612.479619,coinmetrics
2019-02-09,3621.268121,coinmetrics
2019-02-10,3642.022359,coinmetrics
2019-02-11,3590.618484,coinmetrics
2019-02-12,3587.902466,coinmetrics
2019-02-13,3576.085373,coinmetrics
2019-02-14,3561.916383,coinmetrics
2019-02-15,3565.006924,coinmetrics
2019-02-16,3584.736003,coinmetrics
2019-02-17,3622.757429,coinmetrics
2019-02-18,3866.129217,coinmetrics
2019-02-19,3895.435211,coinmetrics
2019-02-20,3931.613829,coinmetrics
2019-02-21,3892.261794,coinmetrics
2019-02-22,3948.300511,coinmetrics
2019-02-23,4110.151121,coinmetrics
2019-02-24,3754.18379,coinmetrics
2019-02-25,3822.018697,coinmetrics
2019-02-26,3796.175068,coinmetrics
2019-02-27,3799.381992,coinmetrics
2019-02-28,3792.947723,coinmetrics
2019-03-01,3810.632693,coinmetrics
2019-03-02,3809.643391,coinmetrics
2019-03-03,3782.38187,coinmetrics
2019-03-04,3698.161855,coinmetrics
2019-03-05,3840.128049,coinmetrics
2019-03-06,3851.998425,coinmetrics
2019-03-07,3855.923168,coinmetrics
2019-03-08,3839.233553,coinmetrics
2019-03-09,3910.361167,coinmetrics
2019-03-10,3903.911951,coinmetrics
2019-03-11,3851.568922,coinmetrics
2019-03-12,3858.914824,coinmetrics
2019-03-13,3851.957466,coinmetrics
2019-03-14,3853.783265,coinmetrics
2019-03-15,3901.914207,coinmetrics
2019-03-16,3989.796077,coinmetrics
2019-03-17,3967.143494,coinmetrics
2019-03-18,3969.440146,coinmetrics
2019-03-19,3996.167904,coinmetrics
2019-03-20,4030.655276,coinmetrics
2019-03-21,3976.27385,coinmetrics
2019-03-22,3983.887646,coinmetrics
2019-03-23,3981.776033,coinmetrics
2019-03-24,3970.666988,coinmetrics
2019-03-25,3908.238839,coinmetrics
2019-03-26,3917.763402,coinmetrics
2019-03-27,4027.007918,coinmetrics
2019-03-28,4010.937462,coinmetrics
2019-03-29,4089.46104,coinmetrics
2019-03-30,4091.891038,coinmetrics
2019-03-31,4094.317815,coinmetrics
2019-04-01,4138.417808,coinmetrics
2019-04-02,4903.719462,coinmetrics
2019-04-03,4960.227603,coinmetrics
2019-04-04,4911.269702,coinmetrics
2019-04-05,5033.225484,coinmetrics
2019-04-06,5044.356846,coinmetrics
2019-04-07,5189.111956,coinmetrics
2019-04-08,5283.423025,coinmetrics
2019-04-09,5195.577909,coinmetrics
2019-04-10,5311.741603,coinmetrics
2019-04-11,5050.666009,coinmetrics
2019-04-12,5082.861432,coinmetrics
2019-04-13,5074.790693,coinmetrics
2019-04-14,5156.804041,coinmetrics
2019-04-15,5042.897738,coinmetrics
2019-04-16,5205.962957,coinmetrics
2019-04-17,5226.352215,coinmetrics
2019-04-18,5278.50234,coinmetrics
2019-04-19,5289.951219,coinmetrics
2019-04-20,5313.973262,coinmetrics
2019-04-21,5295.733828,coinmetrics
2019-04-22,5383.799975,coinmetrics
2019-04-23,5544.862712,coinmetrics
2019-04-24,5431.94792,coinmetrics
2019-04-25,5127.673167,coinmetrics
2019-04-26,5150.164661,coinmetrics
2019-04-27,5181.807764,coinmetrics
2019-04-28,5148.669615,coinmetrics
2019-04-29,5148.800493,coinmetrics
2019-04-30,5266.618203,coinmetrics
2019-05-01,5315.175329,coinmetrics
2019-05-02,5393.129376,coinmetrics
2019-05-03,5658.430388,coinmetrics
2019-05-04,5774.712429,coinmetrics
2019-05-05,5728.351702,coinmetrics
2019-05-06,5691.688374,coinmetrics
2019-05-07,5825.744893,coinmetrics
2019-05-08,5931.800595,coinmetrics
2019-05-09,6150.140445,coinmetrics
2019-05-10,6357.463494,coinmetrics
2019-05-11,7325.08286,coinmetrics
2019-05-12,6942.623175,coinmetrics
2019-05-13,7798.905736,coinmetrics
2019-05-14,7955.557682,coinmetrics
2019-05-15,8215.206838,coinmetrics
2019-05-16,7862.071602,coinmetrics
2019-05-17,7326.920682,coinmetrics
2019-05-18,7277.987563,coinmetrics
2019-05-19,8219.742787,coinmetrics
2019-05-20,7981.139379,coinmetrics
2019-05-21,7983.808477,coinmetrics
2019-05-22,7667.902115,coinmetrics
2019-05-23,7897.471294,coinmetrics
2019-05-24,7987.100368,coinmetrics
2019-05-25,8061.591761,coinmetrics
2019-05-26,8731.524956,coinmetrics
2019-05-27,8816.786708,coinmetrics
2019-05-28,8719.125848,coinmetrics
2019-05-29,8655.488506,coinmetrics
2019-05-30,8271.621963,coinmetrics
2019-05-31,8556.222186,coinmetrics
2019-06-01,8554.80733,coinmetrics
2019-06-02,8744.353745,coinmetrics
2019-06-03,8173.401271,coinmetrics
2019-06-04,7649.939332,coinmetrics
2019-06-05,7798.544466,coinmetrics
2019-06-06,7776.713326,coinmetrics
2019-06-07,8023.950093,coinmetrics
2019-06-08,7939.805155,coinmetrics
2019-06-09,7634.065751,coinmetrics
2019-06-10,7993.302539,coinmetrics
2019-06-11,7922.483627,coinmetrics
2019-06-12,8146.756125,coinmetrics
2019-06-13,8232.777341,coinmetrics
2019-06-14,8698.004815,coinmetrics
2019-06-15,8850.584816,coinmetrics
2019-06-16,9019.517007,coinmetrics
2019-06-17,9340.572189,coinmetrics
2019-06-18,9047.132744,coinmetrics
2019-06-19,9285.055677,coinmetrics
2019-06-20,9546.719778,coinmetrics
2019-06-21,10083.48631,coinmetrics
2019-06-22,10685.29523,coinmetrics
2019-06-23,10794.4277,coinmetrics
2019-06-24,11004.20691,coinmetrics
2019-06-25,11726.26383,coinmetrics
2019-06-26,12863.46068,coinmetrics
2019-06-27,11109.79784,coinmetrics
2019-06-28,12358.20796,coinmetrics
2019-06-29,11944.35155,coinmetrics
2019-06-30,10842.61671,coinmetrics
2019-07-01,10569.55173,coinmetrics
2019-07-02,10766.08332,coinmetrics
2019-07-03,11952.02489,coinmetrics
2019-07-04,11177.01038,coinmetrics
2019-07-05,10998.3991,coinmetrics
2019-07-06,11208.2256,coinmetrics
2019-07-07,11456.1836,coinmetrics
2019-07-08,12319.62288,coinmetrics
2019-07-09,12579.10762,coinmetrics
2019-07-10,12106.78293,coinmetrics
2019-07-11,11294.67803,coinmetrics
2019-07-12,11813.32372,coinmetrics
2019-07-13,11346.83715,coinmetrics
2019-07-14,10283.07579,coinmetrics
2019-07-15,10926.38027,coinmetrics
2019-07-16,9471.140865,coinmetrics
2019-07-17,9674.882461,coinmetrics
2019-07-18,10679.89069,coinmetrics
2019-07-19,10532.20273,coinmetrics
2019-07-20,10862.64855,coinmetrics
2019-07-21,10589.70649,coinmetrics
2019-07-22,10318.56093,coinmetrics
2019-07-23,9866.64894,coinmetrics
2019-07-24,9792.787537,coinmetrics
2019-07-25,9897.186786,coinmetrics
2019-07-26,9836.696788,coinmetrics
2019-07-27,9446.672052,coinmetrics
2019-07-28,9529.788792,coinmetrics
2019-07-29,9504.158916,coinmetrics
2019-07-30,9589.109206,coinmetrics
2019-07-31,10059.00402,coinmetrics
2019-08-01,10400.30701,coinmetrics
2019-08-02,10529.69445,coinmetrics
2019-08-03,10810.42167,coinmetrics
2019-08-04,10986.50893,coinmetrics
2019-08-05,11790.02394,coinmetrics
2019-08-06,11423.497,coinmetrics
2019-08-07,11967.27355,coinmetrics
2019-08-08,11938.23461,coinmetrics
2019-08-09,11858.3411,coinmetrics
2019-08-10,11303.73056,coinmetrics
2019-08-11,11530.19524,coinmetrics
2019-08-12,11384.69625,coinmetrics
2019-08-13,10867.05476,coinmetrics
2019-08-14,10024.37959,coinmetrics
2019-08-15,10310.08587,coinmetrics
2019-08-16,10373.3219,coinmetrics
2019-08-17,10207.15556,coinmetrics
2019-08-18,10331.30998,coinmetrics
2019-08-19,10884.62977,coinmetrics
2019-08-20,10771.39238,coinmetrics
2019-08-21,10096.83022,coinmetrics
2019-08-22,10119.71452,coinmetrics
2019-08-23,10414.14417,coinmetrics
2019-08-24,10147.08715,coinmetrics
2019-08-25,10100.35678,coinmetrics
2019-08-26,10362.64347,coinmetrics
2019-08-27,10168.22157,coinmetrics
2019-08-28,9724.799978,coinmetrics
2019-08-29,9482.311735,coinmetrics
2019-08-30,9577.678823,coinmetrics
2019-08-31,9605.024461,coinmetrics
2019-09-01,9762.936557,coinmetrics
2019-09-02,10377.33838,coinmetrics
2019-09-03,10618.78151,coinmetrics
2019-09-04,10577.24108,coinmetrics
2019-09-05,10580.1847,coinmetrics
2019-09-06,10330.84973,coinmetrics
2019-09-07,10494.50696,coinmetrics
2019-09-08,10407.26566,coinmetrics
2019-09-09,10332.46444,coinmetrics
2019-09-10,10085.95192,coinmetrics
2019-09-11,10142.14806,coinmetrics
2019-09-12,10403.35997,coinmetrics
2019-09-13,10345.33875,coinmetrics
2019-09-14,10363.4529,coinmetrics
2019-09-15,10306.16967,coinmetrics
2019-09-16,10257.82276,coinmetrics
2019-09-17,10195.61118,coinmetrics
2019-09-18,10161.31887,coinmetrics
2019-09-19,10268.39263,coinmetrics
2019-09-20,10170.12512,coinmetrics
2019-09-21,9986.406108,coinmetrics
2019-09-22,10047.01347,coinmetrics
2019-09-23,9692.741048,coinmetrics
2019-09-24,8613.671249,coinmetrics
2019-09-25,8424.157646,coinmetrics
2019-09-26,8091.695299,coinmetrics
2019-09-27,8186.779639,coinmetrics
2019-09-28,8201.979013,coinmetrics
2019-09-29,8064.508062,coinmetrics
2019-09-30,8282.365454,coinmetrics
2019-10-01,8314.55139,coinmetrics
2019-10-02,8362.530732,coinmetrics
2019-10-03,8254.33991,coinmetrics
2019-10-04,8165.686151,coinmetrics
2019-10-05,8141.633714,coinmetrics
2019-10-06,7854.609813,coinmetrics
2019-10-07,8226.023429,coinmetrics
2019-10-08,8190.115121,coinmetrics
2019-10-09,8598.331921,coinmetrics
2019-10-10,8578.090379,coinmetrics
2019-10-11,8289.854029,coinmetrics
2019-10-12,8323.750144,coinmetrics
2019-10-13,8291.250651,coinmetrics
2019-10-14,8346.368437,coinmetrics
2019-10-15,8160.712628,coinmetrics
2019-10-16,8003.855923,coinmetrics
2019-10-17,8072.489382,coinmetrics
2019-10-18,7959.331994,coinmetrics
2019-10-19,7948.477337,coinmetrics
2019-10-20,8213.709039,coinmetrics
2019-10-21,8211.654559,coinmetrics
2019-10-22,8029.205373,coinmetrics
2019-10-23,7458.035857,coinmetrics
2019-10-24,7454.371138,coinmetrics
2019-10-25,8656.655178,coinmetrics
2019-10-26,9249.646761,coinmetrics
2019-10-27,9558.156044,coinmetrics
2019-10-28,9319.178142,coinmetrics
2019-10-29,9431.207124,coinmetrics
2019-10-30,9182.855065,coinmetrics
2019-10-31,9155.277299,coinmetrics
2019-11-01,9251.381293,coinmetrics
2019-11-02,9300.190838,coinmetrics
2019-11-03,9209.638696,coinmetrics
2019-11-04,9418.360131,coinmetrics
2019-11-05,9330.787223,coinmetrics
2019-11-06,9354.933382,coinmetrics
2019-11-07,9210.748222,coinmetrics
2019-11-08,8791.333935,coinmetrics
2019-11-09,8810.784562,coinmetrics
2019-11-10,9042.890723,coinmetrics
2019-11-11,8713.20793,coinmetrics
2019-11-12,8788.958143,coinmetrics
2019-11-13,8766.729431,coinmetrics
2019-11-14,8645.435804,coinmetrics
2019-11-15,8465.877889,coinmetrics
2019-11-16,8477.690243,coinmetrics
2019-11-17,8505.161223,coinmetrics
2019-11-18,8183.533414,coinmetrics
2019-11-19,8116.820673,coinmetrics
2019-11-20,8076.55466,coinmetrics
2019-11-21,7612.277488,coinmetrics
2019-11-22,7277.524273,coinmetrics
2019-11-23,7324.836179,coinmetrics
2019-11-24,6943.380656,coinmetrics
2019-11-25,7139.044686,coinmetrics
2019-11-26,7165.43773,coinmetrics
2019-11-27,7526.863817,coinmetrics
2019-11-28,7436.336382,coinmetrics
2019-11-29,7747.738042,coinmetrics
2019-11-30,7556.193721,coinmetrics
2019-12-01,7417.727206,coinmetrics
2019-12-02,7318.312522,coinmetrics
2019-12-03,7306.446233,coinmetrics
2019-12-04,7215.020345,coinmetrics
2019-12-05,7404.086795,coinmetrics
2019-12-06,7534.208356,coinmetrics
2019-12-07,7512.061403,coinmetrics
2019-12-08,7528.940269,coinmetrics
2019-12-09,7340.227459,coinmetrics
2019-12-10,7232.091784,coinmetrics
2019-12-11,7200.464446,coinmetrics
2019-12-12,7192.849024,coinmetrics
2019-12-13,7244.90372,coinmetrics
2019-12-14,7071.10709,coinmetrics
2019-12-15,7111.28667,coinmetrics
2019-12-16,6882.395795,coinmetrics
2019-12-17,6608.96198,coinmetrics
2019-12-18,7284.625484,coinmetrics
2019-12-19,7146.167638,coinmetrics
2019-12-20,7184.219172,coinmetrics
2019-12-21,7140.298011,coinmetrics
2019-12-22,7479.402408,coinmetrics
2019-12-23,7321.748724,coinmetrics
2019-12-24,7235.629084,coinmetrics
2019-12-25,7191.174166,coinmetrics
2019-12-26,7194.639758,coinmetrics
2019-12-27,7237.150447,coinmetrics
2019-12-28,7306.643308,coinmetrics
2019-12-29,7391.578521,coinmetrics
2019-12-30,7229.397101,coinmetrics
2019-12-31,7167.395055,coinmetrics
2020-01-01,7170.631869,coinmetrics
2020-01-02,6946.825269,coinmetrics
2020-01-03,7315.30936,coinmetrics
2020-01-04,7343.164194,coinmetrics
2020-01-05,7345.530692,coinmetrics
2020-01-06,7765.797735,coinmetrics
2020-01-07,8136.086842,coinmetrics
2020-01-08,8059.699529,coinmetrics
2020-01-09,7817.136093,coinmetrics
2020-01-10,8129.81792,coinmetrics
2020-01-11,8032.005495,coinmetrics
2020-01-12,8164.549993,coinmetrics
2020-01-13,8121.925668,coinmetrics
2020-01-14,8830.167873,coinmetrics
2020-01-15,8811.448203,coinmetrics
2020-01-16,8718.686998,coinmetrics
2020-01-17,8912.541904,coinmetrics
2020-01-18,8928.180757,coinmetrics
2020-01-19,8687.354837,coinmetrics
2020-01-20,8636.258786,coinmetrics
2020-01-21,8730.86756,coinmetrics
2020-01-22,8647.900474,coinmetrics
2020-01-23,8366.384614,coinmetrics
2020-01-24,8423.390958,coinmetrics
2020-01-25,8344.774569,coinmetrics
2020-01-26,8573.87481,coinmetrics
2020-01-27,8901.959285,coinmetrics
2020-01-28,9297.388318,coinmetrics
2020-01-29,9311.947544,coinmetrics
2020-01-30,9508.920965,coinmetrics
2020-01-31,9357.284782,coinmetrics
2020-02-01,9381.886029,coinmetrics
2020-02-02,9339.387063,coinmetrics
2020-02-03,9279.812521,coinmetrics
2020-02-04,9161.627198,coinmetrics
2020-02-05,9628.136776,coinmetrics
2020-02-06,9739.280436,coinmetrics
2020-02-07,9800.2794,coinmetrics
2020-02-08,9911.293408,coinmetrics
2020-02-09,10151.0832,coinmetrics
2020-02-10,9872.361873,coinmetrics
2020-02-11,10272.22256,coinmetrics
2020-02-12,10360.13522,coinmetrics
2020-02-13,10235.49732,coinmetrics
2020-02-14,10361.61569,coinmetrics
2020-02-15,9911.724327,coinmetrics
2020-02-16,9952.046612,coinmetrics
2020-02-17,9683.079628,coinmetrics
2020-02-18,10195.30379,coinmetrics
2020-02-19,9636.002299,coinmetrics
2020-02-20,9614.030122,coinmetrics
2020-02-21,9701.797503,coinmetrics
2020-02-22,9675.249058,coinmetrics
2020-02-23,9972.842423,coinmetrics
2020-02-24,9648.007883,coinmetrics
2020-02-25,9344.28714,coinmetrics
2020-02-26,8798.888949,coinmetrics
2020-02-27,8779.029482,coinmetrics
2020-02-28,8750.593446,coinmetrics
2020-02-29,8582.0903,coinmetrics
2020-03-01,8541.773894,coinmetrics
2020-03-02,8906.214756,coinmetrics
2020-03-03,8768.810614,coinmetrics
2020-03-04,8756.369572,coinmetrics
2020-03-05,9062.615803,coinmetrics
2020-03-06,9147.085059,coinmetrics
2020-03-07,8898.306957,coinmetrics
2020-03-08,8109.614541,coinmetrics
2020-03-09,7896.38532,coinmetrics
2020-03-10,7909.927875,coinmetrics
2020-03-11,7939.341335,coinmetrics
2020-03-12,4959.313414,coinmetrics
2020-03-13,5627.692388,coinmetrics
2020-03-14,5145.172506,coinmetrics
2020-03-15,5358.610663,coinmetrics
2020-03-16,5012.927388,coinmetrics
2020-03-17,5416.754711,coinmetrics
2020-03-18,5392.487836,coinmetrics
2020-03-19,6203.551632,coinmetrics
2020-03-20,6174.149476,coinmetrics
2020-03-21,6175.831022,coinmetrics
2020-03-22,5830.56098,coinmetrics
2020-03-23,6486.408657,coinmetrics
2020-03-24,6775.057619,coinmetrics
2020-03-25,6689.969013,coinmetrics
2020-03-26,6754.460336,coinmetrics
2020-03-27,6490.795415,coinmetrics
2020-03-28,6231.81989,coinmetrics
2020-03-29,5904.857587,coinmetrics
2020-03-30,6436.9057,coinmetrics
2020-03-31,6432.383242,coinmetrics
2020-04-01,6643.110009,coinmetrics
2020-04-02,6792.742222,coinmetrics
2020-04-03,6751.902552,coinmetrics
2020-04-04,6859.989169,coinmetrics
2020-04-05,6790.812473,coinmetrics
2020-04-06,7298.173745,coinmetrics
2020-04-07,7187.593337,coinmetrics
2020-04-08,7372.194764,coinmetrics
2020-04-09,7299.579188,coinmetrics
2020-04-10,6859.822675,coinmetrics
2020-04-11,6883.182229,coinmetrics
2020-04-12,6978.666287,coinmetrics
2020-04-13,6863.575533,coinmetrics
2020-04-14,6875.538503,coinmetrics
2020-04-15,6625.475775,coinmetrics
2020-04-16,7127.792282,coinmetrics
2020-04-17,7081.395198,coinmetrics
2020-04-18,7262.792344,coinmetrics
2020-04-19,7150.244215,coinmetrics
2020-04-20,6853.273415,coinmetrics
2020-04-21,6870.423699,coinmetrics
2020-04-22,7123.65692,coinmetrics
2020-04-23,7488.605165,coinmetrics
2020-04-24,7506.443316,coinmetrics
2020-04-25,7537.738209,coinmetrics
2020-04-26,7684.068522,coinmetrics
2020-04-27,7777.491519,coinmetrics
2020-04-28,7769.899698,coinmetrics
2020-04-29,8761.83717,coinmetrics
2020-04-30,8652.410991,coinmetrics
2020-05-01,8855.535258,coinmetrics
2020-05-02,8977.281705,coinmetrics
2020-05-03,8896.795638,coinmetrics
2020-05-04,8881.954305,coinmetrics
2020-05-05,8985.879599,coinmetrics
2020-05-06,9266.813073,coinmetrics
2020-05-07,9993.753177,coinmetrics
2020-05-08,9859.323605,coinmetrics
2020-05-09,9577.338922,coinmetrics
2020-05-10,8715.033293,coinmetrics
2020-05-11,8591.652884,coinmetrics
2020-05-12,8817.250681,coinmetrics
2020-05-13,9322.997202,coinmetrics
2020-05-14,9801.269488,coinmetrics
2020-05-15,9326.875859,coinmetrics
2020-05-16,9395.475389,coinmetrics
2020-05-17,9682.532481,coinmetrics
2020-05-18,9726.850022,coinmetrics
2020-05-19,9754.201462,coinmetrics
2020-05-20,9515.70255,coinmetrics
2020-05-21,9068.801229,coinmetrics
2020-05-22,9161.815034,coinmetrics
2020-05-23,9183.662125,coinmetrics
2020-05-24,8806.230657,coinmetrics
2020-05-25,8909.192582,coinmetrics
2020-05-26,8835.137253,coinmetrics
2020-05-27,9169.057439,coinmetrics
2020-05-28,9568.261853,coinmetrics
2020-05-29,9432.413333,coinmetrics
2020-05-30,9691.680491,coinmetrics
2020-05-31,9433.943847,coinmetrics
2020-06-01,10199.13505,coinmetrics
2020-06-02,9512.346533,coinmetrics
2020-06-03,9642.2734,coinmetrics
2020-06-04,9813.360679,coinmetrics
2020-06-05,9641.891623,coinmetrics
2020-06-06,9668.670539,coinmetrics
2020-06-07,9747.580111,coinmetrics
2020-06-08,9769.342361,coinmetrics
2020-06-09,9779.422166,coinmetrics
2020-06-10,9888.444175,coinmetrics
2020-06-11,9277.451169,coinmetrics
2020-06-12,9456.161533,coinmetrics
2020-06-13,9461.333799,coinmetrics
2020-06-14,9342.955635,coinmetrics
2020-06-15,9441.383211,coinmetrics
2020-06-16,9520.091948,coinmetrics
2020-06-17,9448.693561,coinmetrics
2020-06-18,9389.990766,coinmetrics
2020-06-19,9285.991583,coinmetrics
2020-06-20,9357.292464,coinmetrics
2020-06-21,9284.769372,coinmetrics
2020-06-22,9684.620185,coinmetrics
2020-06-23,9611.725998,coinmetrics
2020-06-24,9292.943544,coinmetrics
2020-06-25,9247.121432,coinmetrics
2020-06-26,9159.437772,coinmetrics
2020-06-27,9002.165617,coinmetrics
2020-06-28,9108.065675,coinmetrics
2020-06-29,9184.247366,coinmetrics
2020-06-30,9143.967585,coinmetrics
2020-07-01,9241.339612,coinmetrics
2020-07-02,9094.387287,coinmetrics
2020-07-03,9066.690697,coinmetrics
2020-07-04,9126.219555,coinmetrics
2020-07-05,9079.614018,coinmetrics
2020-07-06,9338.942591,coinmetrics
2020-07-07,9252.158733,coinmetrics
2020-07-08,9434.567956,coinmetrics
2020-07-09,9231.502348,coinmetrics
2020-07-10,9285.221015,coinmetrics
2020-07-11,9237.171008,coinmetrics
2020-07-12,9289.097977,coinmetrics
2020-07-13,9236.622501,coinmetrics
2020-07-14,9260.356987,coinmetrics
2020-07-15,9196.725559,coinmetrics
2020-07-16,9132.592312,coinmetrics
2020-07-17,9156.46871,coinmetrics
2020-07-18,9175.905309,coinmetrics
2020-07-19,9218.842311,coinmetrics
2020-07-20,9167.190568,coinmetrics
2020-07-21,9388.57435,coinmetrics
2020-07-22,9531.25743,coinmetrics
2020-07-23,9609.166715,coinmetrics
2020-07-24,9548.100727,coinmetrics
2020-07-25,9702.45279,coinmetrics
2020-07-26,9933.906554,coinmetrics
2020-07-27,11046.50833,coinmetrics
2020-07-28,10944.61298,coinmetrics
2020-07-29,11115.77128,coinmetrics
2020-07-30,11135.39073,coinmetrics
2020-07-31,11338.19734,coinmetrics
2020-08-01,11797.58213,coinmetrics
2020-08-02,11094.02068,coinmetrics
2020-08-03,11236.09568,coinmetrics
2020-08-04,11202.65191,coinmetrics
2020-08-05,11721.43847,coinmetrics
2020-08-06,11769.30911,coinmetrics
2020-08-07,11598.96906,coinmetrics
2020-08-08,11743.00864,coinmetrics
2020-08-09,11680.51737,coinmetrics
2020-08-10,11870.36954,coinmetrics
2020-08-11,11392.64409,coinmetrics
2020-08-12,11575.51247,coinmetrics
2020-08-13,11773.44812,coinmetrics
2020-08-14,11774.40825,coinmetrics
2020-08-15,11866.91036,coinmetrics
2020-08-16,11899.64275,coinmetrics
2020-08-17,12315.76242,coinmetrics
2020-08-18,11992.696,coinmetrics
2020-08-19,11736.84906,coinmetrics
2020-08-20,11867.52034,coinmetrics
2020-08-21,11524.69895,coinmetrics
2020-08-22,11682.28915,coinmetrics
2020-08-23,11665.60927,coinmetrics
2020-08-24,11771.40805,coinmetrics
2020-08-25,11358.45432,coinmetrics
2020-08-26,11472.04912,coinmetrics
2020-08-27,11314.67374,coinmetrics
2020-08-28,11527.88303,coinmetrics
2020-08-29,11490.76235,coinmetrics
2020-08-30,11698.97583,coinmetrics
2020-08-31,11678.34823,coinmetrics
2020-09-01,11970.36486,coinmetrics
2020-09-02,11414.52093,coinmetrics
2020-09-03,10261.49441,coinmetrics
2020-09-04,10471.96641,coinmetrics
2020-09-05,10128.64359,coinmetrics
2020-09-06,10253.2999,coinmetrics
2020-09-07,10367.87835,coinmetrics
2020-09-08,10108.63545,coinmetrics
2020-09-09,10223.11141,coinmetrics
2020-09-10,10334.63073,coinmetrics
2020-09-11,10387.02074,coinmetrics
2020-09-12,10436.97783,coinmetrics
2020-09-13,10322.52361,coinmetrics
2020-09-14,10662.71991,coinmetrics
2020-09-15,10779.38102,coinmetrics
2020-09-16,10968.32055,coinmetrics
2020-09-17,10936.29275,coinmetrics
2020-09-18,10920.11284,coinmetrics
2020-09-19,11073.77955,coinmetrics
2020-09-20,10921.2181,coinmetrics
2020-09-21,10455.37996,coinmetrics
2020-09-22,10519.83916,coinmetrics
2020-09-23,10233.29957,coinmetrics
2020-09-24,10739.04271,coinmetrics
2020-09-25,10683.63058,coinmetrics
2020-09-26,10742.03042,coinmetrics
2020-09-27,10758.82429,coinmetrics
2020-09-28,10727.37505,coinmetrics
2020-09-29,10841.14274,coinmetrics
2020-09-30,10772.35177,coinmetrics
2020-10-01,10606.61733,coinmetrics
2020-10-02,10570.10568,coinmetrics
2020-10-03,10555.70543,coinmetrics
2020-10-04,10665.61862,coinmetrics
2020-10-05,10772.6356,coinmetrics
2020-10-06,10596.37355,coinmetrics
2020-10-07,10667.19439,coinmetrics
2020-10-08,10902.52936,coinmetrics
2020-10-09,11074.10368,coinmetrics
2020-10-10,11302.85429,coinmetrics
2020-10-11,11378.26253,coinmetrics
2020-10-12,11548.40156,coinmetrics
2020-10-13,11434.96878,coinmetrics
2020-10-14,11417.10811,coinmetrics
2020-10-15,11502.58124,coinmetrics
2020-10-16,11338.98718,coinmetrics
2020-10-17,11362.80222,coinmetrics
2020-10-18,11489.62257,coinmetrics
2020-10-19,11745.81197,coinmetrics
2020-10-20,11929.45725,coinmetrics
2020-10-21,12848.49062,coinmetrics
2020-10-22,12997.49934,coinmetrics
2020-10-23,12953.4297,coinmetrics
2020-10-24,13113.86692,coinmetrics
2020-10-25,13041.64104,coinmetrics
2020-10-26,13080.65617,coinmetrics
2020-10-27,13675.52393,coinmetrics
2020-10-28,13290.32885,coinmetrics
2020-10-29,13475.2173,coinmetrics
2020-10-30,13603.29609,coinmetrics
2020-10-31,13807.23361,coinmetrics
2020-11-01,13736.89941,coinmetrics
2020-11-02,13595.56476,coinmetrics
2020-11-03,13996.9154,coinmetrics
2020-11-04,14129.1482,coinmetrics
2020-11-05,15606.46683,coinmetrics
2020-11-06,15618.97247,coinmetrics
2020-11-07,14866.3563,coinmetrics
2020-11-08,15500.00071,coinmetrics
2020-11-09,15319.81997,coinmetrics
2020-11-10,15319.27568,coinmetrics
2020-11-11,15731.24111,coinmetrics
2020-11-12,16289.8149,coinmetrics
2020-11-13,16330.06277,coinmetrics
2020-11-14,16102.01002,coinmetrics
2020-11-15,15986.75499,coinmetrics
2020-11-16,16743.05394,coinmetrics
2020-11-17,17682.16919,coinmetrics
2020-11-18,17804.69002,coinmetrics
2020-11-19,17818.66866,coinmetrics
2020-11-20,18663.78185,coinmetrics
2020-11-21,18706.58934,coinmetrics
2020-11-22,18482.69263,coinmetrics
2020-11-23,18373.25776,coinmetrics
2020-11-24,19150.25105,coinmetrics
2020-11-25,18748.39371,coinmetrics
2020-11-26,17113.71687,coinmetrics
2020-11-27,17101.60302,coinmetrics
2020-11-28,17745.37731,coinmetrics
2020-11-29,18190.86688,coinmetrics
2020-11-30,19664.40761,coinmetrics
2020-12-01,18820.60779,coinmetrics
2020-12-02,19214.87223,coinmetrics
2020-12-03,19470.31121,coinmetrics
2020-12-04,18732.96709,coinmetrics
2020-12-05,19114.63313,coinmetrics
2020-12-06,19356.31368,coinmetrics
2020-12-07,19182.17683,coinmetrics
2020-12-08,18340.97814,coinmetrics
2020-12-09,18574.69674,coinmetrics
2020-12-10,18294.84695,coinmetrics
2020-12-11,18061.76003,coinmetrics
2020-12-12,18813.28377,coinmetrics
2020-12-13,19156.08251,coinmetrics
2020-12-14,19286.7513,coinmetrics
2020-12-15,19432.58846,coinmetrics
2020-12-16,21370.72032,coinmetrics
2020-12-17,22789.26742,coinmetrics
2020-12-18,23048.76456,coinmetrics
2020-12-19,23856.77352,coinmetrics
2020-12-20,23528.55061,coinmetrics
2020-12-21,22937.41834,coinmetrics
2020-12-22,23756.88877,coinmetrics
2020-12-23,23307.2709,coinmetrics
2020-12-24,23707.63304,coinmetrics
2020-12-25,24669.16432,coinmetrics
2020-12-26,26478.06811,coinmetrics
2020-12-27,26430.8566,coinmetrics
2020-12-28,27039.34902,coinmetrics
2020-12-29,27231.20346,coinmetrics
2020-12-30,28844.61368,coinmetrics
2020-12-31,29022.67141,coinmetrics
2021-01-01,29380.69373,coinmetrics
2021-01-02,32022.68106,coinmetrics
2021-01-03,33277.83531,coinmetrics
2021-01-04,31802.14671,coinmetrics
2021-01-05,34013.17417,coinmetrics
2021-01-06,36643.27772,coinmetrics
2021-01-07,39215.65115,coinmetrics
2021-01-08,40775.40456,coinmetrics
2021-01-09,40370.68235,coinmetrics
2021-01-10,38329.34017,coinmetrics
2021-01-11,35269.51372,coinmetrics
2021-01-12,33712.46855,coinmetrics
2021-01-13,37296.54753,coinmetrics
2021-01-14,39045.51834,coinmetrics
2021-01-15,36710.31742,coinmetrics
2021-01-16,36177.2611,coinmetrics
2021-01-17,36069.93947,coinmetrics
2021-01-18,36594.2964,coinmetrics
2021-01-19,36250.14619,coinmetrics
2021-01-20,35515.48001,coinmetrics
2021-01-21,31022.95103,coinmetrics
2021-01-22,32986.43576,coinmetrics
2021-01-23,32036.28227,coinmetrics
2021-01-24,32216.10429,coinmetrics
2021-01-25,32419.70595,coinmetrics
2021-01-26,32640.63914,coinmetrics
2021-01-27,30358.93472,coinmetrics
2021-01-28,33511.2876,coinmetrics
2021-01-29,34166.14943,coinmetrics
2021-01-30,34349.9171,coinmetrics
2021-01-31,33157.83257,coinmetrics
2021-02-01,33570.27185,coinmetrics
2021-02-02,35596.14891,coinmetrics
2021-02-03,37578.37321,coinmetrics
2021-02-04,37129.20294,coinmetrics
2021-02-05,38045.41361,coinmetrics
2021-02-06,39341.72708,coinmetrics
2021-02-07,39003.01218,coinmetrics
2021-02-08,46121.93407,coinmetrics
2021-02-09,46548.16199,coinmetrics
2021-02-10,45078.12835,coinmetrics
2021-02-11,47892.84092,coinmetrics
2021-02-12,47525.20914,coinmetrics
2021-02-13,47208.62503,coinmetrics
2021-02-14,48829.82751,coinmetrics
2021-02-15,48110.24173,coinmetrics
2021-02-16,49140.38266,coinmetrics
2021-02-17,52224.93911,coinmetrics
2021-02-18,51650.06995,coinmetrics
2021-02-19,55820.5044,coinmetrics
2021-02-20,55861.82057,coinmetrics
2021-02-21,57500.71611,coinmetrics
2021-02-22,53952.15334,coinmetrics
2021-02-23,48560.48904,coinmetrics
2021-02-24,49567.34569,coinmetrics
2021-02-25,47568.13117,coinmetrics
2021-02-26,46231.76758,coinmetrics
2021-02-27,45834.51336,coinmetrics
2021-02-28,45359.46416,coinmetrics
2021-03-01,49634.44711,coinmetrics
2021-03-02,48304.70549,coinmetrics
2021-03-03,50690.46718,coinmetrics
2021-03-04,48472.79548,coinmetrics
2021-03-05,48800.81736,coinmetrics
2021-03-06,48970.52449,coinmetrics
2021-03-07,51086.46818,coinmetrics
2021-03-08,52088.47513,coinmetrics
2021-03-09,54739.13525,coinmetrics
2021-03-10,56116.04091,coinmetrics
2021-03-11,57847.25494,coinmetrics
2021-03-12,57334.64153,coinmetrics
2021-03-13,61288.79413,coinmetrics
2021-03-14,59905.61847,coinmetrics
2021-03-15,56121.12192,coinmetrics
2021-03-16,56500.44603,coinmetrics
2021-03-17,58683.06598,coinmetrics
2021-03-18,57731.47984,coinmetrics
2021-03-19,58168.12192,coinmetrics
2021-03-20,58247.88471,coinmetrics
2021-03-21,57447.93302,coinmetrics
2021-03-22,54453.13735,coinmetrics
2021-03-23,54563.61195,coinmetrics
2021-03-24,52595.41132,coinmetrics
2021-03-25,51547.1249,coinmetrics
2021-03-26,54817.85711,coinmetrics
2021-03-27,56019.83731,coinmetrics
2021-03-28,55713.03814,coinmetrics
2021-03-29,57571.23335,coinmetrics
2021-03-30,58684.54839,coinmetrics
2021-03-31,58792.19483,coinmetrics
2021-04-01,58818.9771,coinmetrics
2021-04-02,59031.53402,coinmetrics
2021-04-03,57282.38962,coinmetrics
2021-04-04,58202.19939,coinmetrics
2021-04-05,58755.85253,coinmetrics
2021-04-06,58084.06642,coinmetrics
2021-04-07,56266.83468,coinmetrics
2021-04-08,57963.3446,coinmetrics
2021-04-09,58051.76256,coinmetrics
2021-04-10,59651.55899,coinmetrics
2021-04-11,59932.93065,coinmetrics
2021-04-12,59905.93637,coinmetrics
2021-04-13,63445.63831,coinmetrics
2021-04-14,62869.49559,coinmetrics
2021-04-15,63231.16299,coinmetrics
2021-04-16,61571.11009,coinmetrics
2021-04-17,60280.87618,coinmetrics
2021-04-18,56389.55798,coinmetrics
2021-04-19,55798.13708,coinmetrics
2021-04-20,56474.37376,coinmetrics
2021-04-21,54025.79957,coinmetrics
2021-04-22,51882.05981,coinmetrics
2021-04-23,50954.91006,coinmetrics
2021-04-24,50279.94845,coinmetrics
2021-04-25,48946.94074,coinmetrics
2021-04-26,53943.34998,coinmetrics
2021-04-27,55027.03098,coinmetrics
2021-04-28,54787.37871,coinmetrics
2021-04-29,53567.08119,coinmetrics
2021-04-30,57741.44442,coinmetrics
2021-05-01,57863.59039,coinmetrics
2021-05-02,56572.59684,coinmetrics
2021-05-03,57243.04161,coinmetrics
2021-05-04,53724.10893,coinmetrics
2021-05-05,57342.02566,coinmetrics
2021-05-06,56527.35298,coinmetrics
2021-05-07,57341.06845,coinmetrics
2021-05-08,58736.1259,coinmetrics
2021-05-09,58288.42563,coinmetrics
2021-05-10,55902.92774,coinmetrics
2021-05-11,56612.10265,coinmetrics
2021-05-12,50972.35508,coinmetrics
2021-05-13,49368.61447,coinmetrics
2021-05-14,49997.3959,coinmetrics
2021-05-15,47047.96333,coinmetrics
2021-05-16,46022.50371,coinmetrics
2021-05-17,43492.39548,coinmetrics
2021-05-18,42789.80939,coinmetrics
2021-05-19,37642.52,coinmetrics
2021-05-20,40799.40215,coinmetrics
2021-05-21,37174.3311,coinmetrics
2021-05-22,37643.4198,coinmetrics
2021-05-23,34774.20722,coinmetrics
2021-05-24,38630.40912,coinmetrics
2021-05-25,38269.77107,coinmetrics
2021-05-26,39194.8589,coinmetrics
2021-05-27,38510.85704,coinmetrics
2021-05-28,35596.71795,coinmetrics
2021-05-29,34681.81837,coinmetrics
2021-05-30,35652.16877,coinmetrics
2021-05-31,37312.9749,coinmetrics
2021-06-01,36661.37812,coinmetrics
2021-06-02,37639.45567,coinmetrics
2021-06-03,39160.15041,coinmetrics
2021-06-04,36884.37356,coinmetrics
2021-06-05,35409.56724,coinmetrics
2021-06-06,35720.60435,coinmetrics
2021-06-07,33724.90775,coinmetrics
2021-06-08,33475.04892,coinmetrics
2021-06-09,37372.9889,coinmetrics
2021-06-10,36826.00222,coinmetrics
2021-06-11,37185.39313,coinmetrics
2021-06-12,35669.17128,coinmetrics
2021-06-13,38925.41943,coinmetrics
2021-06-14,40455.59598,coinmetrics
2021-06-15,40254.65147,coinmetrics
2021-06-16,38265.54377,coinmetrics
2021-06-17,38018.64323,coinmetrics
2021-06-18,35714.31208,coinmetrics
2021-06-19,35555.9764,coinmetrics
2021-06-20,35599.94188,coinmetrics
2021-06-21,31715.15986,coinmetrics
2021-06-22,32394.55559,coinmetrics
2021-06-23,33610.49681,coinmetrics
2021-06-24,34658.97288,coinmetrics
2021-06-25,31683.5032,coinmetrics
2021-06-26,31890.67645,coinmetrics
2021-06-27,34506.4912,coinmetrics
2021-06-28,34376.18854,coinmetrics
2021-06-29,35933.77822,coinmetrics
2021-06-30,35065.46615,coinmetrics
2021-07-01,33505.08049,coinmetrics
2021-07-02,33782.94595,coinmetrics
2021-07-03,34588.22429,coinmetrics
2021-07-04,35355.60789,coinmetrics
2021-07-05,33911.75384,coinmetrics
2021-07-06,34123.98157,coinmetrics
2021-07-07,33931.61864,coinmetrics
2021-07-08,32819.65953,coinmetrics
2021-07-09,33914.88107,coinmetrics
2021-07-10,33610.94584,coinmetrics
2021-07-11,34258.44139,coinmetrics
2021-07-12,33135.23591,coinmetrics
2021-07-13,32641.97596,coinmetrics
2021-07-14,32798.28452,coinmetrics
2021-07-15,31707.69004,coinmetrics
2021-07-16,31455.71758,coinmetrics
2021-07-17,31547.9512,coinmetrics
2021-07-18,31707.70385,coinmetrics
2021-07-19,30883.46975,coinmetrics
2021-07-20,29766.65772,coinmetrics
2021-07-21,32119.65723,coinmetrics
2021-07-22,32306.96143,coinmetrics
2021-07-23,33439.5957,coinmetrics
2021-07-24,34166.91465,coinmetrics
2021-07-25,35119.93744,coinmetrics
2021-07-26,37444.78251,coinmetrics
2021-07-27,39126.54029,coinmetrics
2021-07-28,39939.19404,coinmetrics
2021-07-29,40086.1644,coinmetrics
2021-07-30,41789.6671,coinmetrics
2021-07-31,41793.31375,coinmetrics
2021-08-01,39968.96895,coinmetrics
2021-08-02,39304.18628,coinmetrics
2021-08-03,38288.8254,coinmetrics
2021-08-04,39773.91135,coinmetrics
2021-08-05,40941.65043,coinmetrics
2021-08-06,42790.35733,coinmetrics
2021-08-07,44484.90059,coinmetrics
2021-08-08,43972.30102,coinmetrics
2021-08-09,46265.64246,coinmetrics
2021-08-10,45488.79126,coinmetrics
2021-08-11,45676.32636,coinmetrics
2021-08-12,44405.74835,coinmetrics
2021-08-13,47717.48536,coinmetrics
2021-08-14,47124.20507,coinmetrics
2021-08-15,47074.37071,coinmetrics
2021-08-16,45984.71991,coinmetrics
2021-08-17,44714.0968,coinmetrics
2021-08-18,44954.36375,coinmetrics
2021-08-19,46646.8615,coinmetrics
2021-08-20,49240.8356,coinmetrics
2021-08-21,49070.24097,coinmetrics
2021-08-22,49363.3161,coinmetrics
2021-08-23,49590.87637,coinmetrics
2021-08-24,47925.86221,coinmetrics
2021-08-25,49002.3166,coinmetrics
2021-08-26,47190.34499,coinmetrics
2021-08-27,49048.47559,coinmetrics
2021-08-28,48852.4688,coinmetrics
2021-08-29,48948.34796,coinmetrics
2021-08-30,47125.76852,coinmetrics
2021-08-31,47219.24434,coinmetrics
2021-09-01,48688.53756,coinmetrics
2021-09-02,49369.58627,coinmetrics
2021-09-03,49860.53416,coinmetrics
2021-09-04,49919.57756,coinmetrics
2021-09-05,51747.64386,coinmetrics
2021-09-06,52640.58837,coinmetrics
2021-09-07,46854.4006,coinmetrics
2021-09-08,46187.97573,coinmetrics
2021-09-09,46448.77483,coinmetrics
2021-09-10,44765.27558,coinmetrics
2021-09-11,45098.59164,coinmetrics
2021-09-12,46180.61246,coinmetrics
2021-09-13,44991.52213,coinmetrics
2021-09-14,47022.61776,coinmetrics
2021-09-15,48167.18937,coinmetrics
2021-09-16,47797.32832,coinmetrics
2021-09-17,47213.79413,coinmetrics
2021-09-18,48204.01365,coinmetrics
2021-09-19,47218.474,coinmetrics
2021-09-20,42855.51034,coinmetrics
2021-09-21,40526.48938,coinmetrics
2021-09-22,43577.57248,coinmetrics
2021-09-23,44861.29803,coinmetrics
2021-09-24,42803.3077,coinmetrics
2021-09-25,42735.26582,coinmetrics
2021-09-26,43131.29418,coinmetrics
2021-09-27,42496.78523,coinmetrics
2021-09-28,41223.78627,coinmetrics
2021-09-29,41453.94701,coinmetrics
2021-09-30,43781.54602,coinmetrics
2021-10-01,48078.13155,coinmetrics
2021-10-02,47792.43919,coinmetrics
2021-10-03,48202.62292,coinmetrics
2021-10-04,49288.50131,coinmetrics
2021-10-05,51558.04933,coinmetrics
2021-10-06,55419.80041,coinmetrics
2021-10-07,53805.15691,coinmetrics
2021-10-08,53933.52759,coinmetrics
2021-10-09,55010.92248,coinmetrics
2021-10-10,54701.2797,coinmetrics
2021-10-11,57289.18646,coinmetrics
2021-10-12,56196.18126,coinmetrics
2021-10-13,57348.89288,coinmetrics
2021-10-14,57384.03691,coinmetrics
2021-10-15,61446.08401,coinmetrics
2021-10-16,60932.06321,coinmetrics
2021-10-17,61462.22237,coinmetrics
2021-10-18,61977.05755,coinmetrics
2021-10-19,64290.89776,coinmetrics
2021-10-20,66061.79656,coinmetrics
2021-10-21,62373.88562,coinmetrics
2021-10-22,60750.96737,coinmetrics
2021-10-23,61250.08263,coinmetrics
2021-10-24,60865.44705,coinmetrics
2021-10-25,63031.6729,coinmetrics
2021-10-26,60393.98027,coinmetrics
2021-10-27,58563.33599,coinmetrics
2021-10-28,60564.57211,coinmetrics
2021-10-29,62230.80557,coinmetrics
2021-10-30,61742.91653,coinmetrics
2021-10-31,61432.97006,coinmetrics
2021-11-01,61092.09506,coinmetrics
2021-11-02,63024.74723,coinmetrics
2021-11-03,62955.98176,coinmetrics
2021-11-04,61393.88998,coinmetrics
2021-11-05,61005.84083,coinmetrics
2021-11-06,61455.05363,coinmetrics
2021-11-07,63043.82906,coinmetrics
2021-11-08,67541.75551,coinmetrics
2021-11-09,67095.58567,coinmetrics
2021-11-10,64756.07797,coinmetrics
2021-11-11,64962.93129,coinmetrics
2021-11-12,64078.96804,coinmetrics
2021-11-13,64397.79121,coinmetrics
2021-11-14,65032.22565,coinmetrics
2021-11-15,63753.50316,coinmetrics
2021-11-16,60322.49785,coinmetrics
2021-11-17,60154.30837,coinmetrics
2021-11-18,56794.15563,coinmetrics
2021-11-19,58014.07299,coinmetrics
2021-11-20,59749.47382,coinmetrics
2021-11-21,59032.6241,coinmetrics
2021-11-22,56383.56588,coinmetrics
2021-11-23,57642.2658,coinmetrics
2021-11-24,57141.83038,coinmetrics
2021-11-25,59008.65548,coinmetrics
2021-11-26,53800.61784,coinmetrics
2021-11-27,54635.88246,coinmetrics
2021-11-28,57248.5697,coinmetrics
2021-11-29,57920.71073,coinmetrics
2021-11-30,57097.01279,coinmetrics
2021-12-01,57180.60984,coinmetrics
2021-12-02,56582.89377,coinmetrics
2021-12-03,53671.61607,coinmetrics
2021-12-04,49159.7358,coinmetrics
2021-12-05,49327.0936,coinmetrics
2021-12-06,50535.42522,coinmetrics
2021-12-07,50574.47283,coinmetrics
2021-12-08,50500.65435,coinmetrics
2021-12-09,47937.82285,coinmetrics
2021-12-10,47437.22897,coinmetrics
2021-12-11,49321.76933,coinmetrics
2021-12-12,50136.57226,coinmetrics
2021-12-13,46785.32784,coinmetrics
2021-12-14,48292.68225,coinmetrics
2021-12-15,48830.62239,coinmetrics
2021-12-16,47663.46911,coinmetrics
2021-12-17,46334.48375,coinmetrics
2021-12-18,46904.87368,coinmetrics
2021-12-19,46876.42692,coinmetrics
2021-12-20,46954.76348,coinmetrics
2021-12-21,49082.06247,coinmetrics
2021-12-22,48692.09874,coinmetrics
2021-12-23,50712.97077,coinmetrics
2021-12-24,50783.83442,coinmetrics
2021-12-25,50590.4509,coinmetrics
2021-12-26,50798.30659,coinmetrics
2021-12-27,50796.37767,coinmetrics
2021-12-28,47673.04405,coinmetrics
2021-12-29,46470.32158,coinmetrics
2021-12-30,47102.463,coinmetrics
2021-12-31,46355.11733,coinmetrics
2022-01-01,47560.00938,coinmetrics
2022-01-02,47352.55776,coinmetrics
2022-01-03,46453.43235,coinmetrics
2022-01-04,45905.96112,coinmetrics
2022-01-05,43530.94404,coinmetrics
2022-01-06,43144.96529,coinmetrics
2022-01-07,41512.78458,coinmetrics
2022-01-08,41799.81288,coinmetrics
2022-01-09,41886.49856,coinmetrics
2022-01-10,41816.95106,coinmetrics
2022-01-11,42768.17861,coinmetrics
2022-01-12,43961.02654,coinmetrics
2022-01-13,42626.86539,coinmetrics
2022-01-14,43102.64762,coinmetrics
2022-01-15,43206.67448,coinmetrics
2022-01-16,43168.85967,coinmetrics
2022-01-17,42211.2704,coinmetrics
2022-01-18,42431.23197,coinmetrics
2022-01-19,41787.72201,coinmetrics
2022-01-20,40756.12616,coinmetrics
2022-01-21,36492.28722,coinmetrics
2022-01-22,34996.39097,coinmetrics
2022-01-23,36271.05027,coinmetrics
2022-01-24,36659.72522,coinmetrics
2022-01-25,36952.58677,coinmetrics
2022-01-26,36825.8246,coinmetrics
2022-01-27,37021.93713,coinmetrics
2022-01-28,37768.84748,coinmetrics
2022-01-29,38088.29123,coinmetrics
2022-01-30,37983.50638,coinmetrics
2022-01-31,38462.6724,coinmetrics
2022-02-01,38787.96408,coinmetrics
2022-02-02,36942.33075,coinmetrics
2022-02-03,37057.65219,coinmetrics
2022-02-04,41079.90609,coinmetrics
2022-02-05,41508.58169,coinmetrics
2022-02-06,42358.22517,coinmetrics
2022-02-07,43888.98012,coinmetrics
2022-02-08,44167.44479,coinmetrics
2022-02-09,44405.0732,coinmetrics
2022-02-10,43614.3427,coinmetrics
2022-02-11,42357.32174,coinmetrics
2022-02-12,42173.4594,coinmetrics
2022-02-13,42195.59475,coinmetrics
2022-02-14,42646.16186,coinmetrics
2022-02-15,44511.90849,coinmetrics
2022-02-16,44065.70927,coinmetrics
2022-02-17,40610.02426,coinmetrics
2022-02-18,40044.22049,coinmetrics
2022-02-19,40095.88733,coinmetrics
2022-02-20,38551.6225,coinmetrics
2022-02-21,37098.03601,coinmetrics
2022-02-22,38202.59408,coinmetrics
2022-02-23,37308.26873,coinmetrics
2022-02-24,38283.7904,coinmetrics
2022-02-25,39323.77022,coinmetrics
2022-02-26,39056.57815,coinmetrics
2022-02-27,37664.77928,coinmetrics
2022-02-28,43179.25451,coinmetrics
2022-03-01,44334.45758,coinmetrics
2022-03-02,43984.58493,coinmetrics
2022-03-03,42492.77446,coinmetrics
2022-03-04,39106.40522,coinmetrics
2022-03-05,39383.88484,coinmetrics
2022-03-06,38399.34263,coinmetrics
2022-03-07,38146.73427,coinmetrics
2022-03-08,38725.47726,coinmetrics
2022-03-09,41989.40282,coinmetrics
2022-03-10,39482.25847,coinmetrics
2022-03-11,38825.36442,coinmetrics
2022-03-12,38951.13002,coinmetrics
2022-03-13,37808.3174,coinmetrics
2022-03-14,39649.04532,coinmetrics
2022-03-15,39356.8139,coinmetrics
2022-03-16,41101.76858,coinmetrics
2022-03-17,40966.41693,coinmetrics
2022-03-18,41826.11607,coinmetrics
2022-03-19,42193.16154,coinmetrics
2022-03-20,41294.72351,coinmetrics
2022-03-21,41064.42965,coinmetrics
2022-03-22,42383.16952,coinmetrics
2022-03-23,42734.20004,coinmetrics
2022-03-24,43974.59359,coinmetrics
2022-03-25,44347.03428,coinmetrics
2022-03-26,44519.92686,coinmetrics
2022-03-27,46777.20563,coinmetrics
2022-03-28,47223.65289,coinmetrics
2022-03-29,47463.70968,coinmetrics
2022-03-30,47123.29715,coinmetrics
2022-03-31,45562.21067,coinmetrics
2022-04-01,46250.33629,coinmetrics
2022-04-02,45939.89735,coinmetrics
2022-04-03,46440.54385,coinmetrics
2022-04-04,46663.00418,coinmetrics
2022-04-05,45693.03506,coinmetrics
2022-04-06,43304.9372,coinmetrics
2022-04-07,43569.04717,coinmetrics
2022-04-08,42222.06898,coinmetrics
2022-04-09,42680.99474,coinmetrics
2022-04-10,42264.46339,coinmetrics
2022-04-11,39544.02518,coinmetrics
2022-04-12,40096.36697,coinmetrics
2022-04-13,41152.75545,coinmetrics
2022-04-14,39916.49638,coinmetrics
2022-04-15,40527.33196,coinmetrics
2022-04-16,40439.58812,coinmetrics
2022-04-17,39704.78398,coinmetrics
2022-04-18,40818.8786,coinmetrics
2022-04-19,41489.6638,coinmetrics
2022-04-20,41395.64458,coinmetrics
2022-04-21,40457.49594,coinmetrics
2022-04-22,39737.9735,coinmetrics
2022-04-23,39582.45487,coinmetrics
2022-04-24,39511.64569,coinmetrics
2022-04-25,40473.74832,coinmetrics
2022-04-26,38072.80087,coinmetrics
2022-04-27,39218.53762,coinmetrics
2022-04-28,39747.98943,coinmetrics
2022-04-29,38609.50591,coinmetrics
2022-04-30,37714.09498,coinmetrics
2022-05-01,38459.22698,coinmetrics
2022-05-02,38566.06289,coinmetrics
2022-05-03,37704.40532,coinmetrics
2022-05-04,39641.85218,coinmetrics
2022-05-05,36502.02456,coinmetrics
2022-05-06,36042.99956,coinmetrics
2022-05-07,35508.71102,coinmetrics
2022-05-08,34058.90669,coinmetrics
2022-05-09,30457.92182,coinmetrics
2022-05-10,30990.73517,coinmetrics
2022-05-11,28796.55682,coinmetrics
2022-05-12,29030.70704,coinmetrics
2022-05-13,29285.93467,coinmetrics
2022-05-14,30051.93576,coinmetrics
2022-05-15,31182.62125,coinmetrics
2022-05-16,29889.61248,coinmetrics
2022-05-17,30438.19445,coinmetrics
2022-05-18,28771.22048,coinmetrics
2022-05-19,30257.88525,coinmetrics
2022-05-20,29224.246,coinmetrics
2022-05-21,29420.07829,coinmetrics
2022-05-22,30331.87514,coinmetrics
2022-05-23,29088.25154,coinmetrics
2022-05-24,29643.68376,coinmetrics
2022-05-25,29577.25988,coinmetrics
2022-05-26,29332.48605,coinmetrics
2022-05-27,28612.04131,coinmetrics
2022-05-28,29045.52063,coinmetrics
2022-05-29,29430.06898,coinmetrics
2022-05-30,31735.95497,coinmetrics
2022-05-31,31831.40953,coinmetrics
2022-06-01,29825.9222,coinmetrics
2022-06-02,30504.268,coinmetrics
2022-06-03,29662.67097,coinmetrics
2022-06-04,29792.40768,coinmetrics
2022-06-05,29915.4093,coinmetrics
2022-06-06,31333.67702,coinmetrics
2022-06-07,31175.03243,coinmetrics
2022-06-08,30228.4647,coinmetrics
2022-06-09,30064.48553,coinmetrics
2022-06-10,29070.40003,coinmetrics
2022-06-11,28360.78992,coinmetrics
2022-06-12,26830.28395,coinmetrics
2022-06-13,22316.25704,coinmetrics
2022-06-14,22072.86631,coinmetrics
2022-06-15,22520.79101,coinmetrics
2022-06-16,20310.17698,coinmetrics
2022-06-17,20464.92909,coinmetrics
2022-06-18,19013.86725,coinmetrics
2022-06-19,20492.29517,coinmetrics
2022-06-20,20571.62922,coinmetrics
2022-06-21,20688.46513,coinmetrics
2022-06-22,20003.16834,coinmetrics
2022-06-23,21097.10283,coinmetrics
2022-06-24,21299.07699,coinmetrics
2022-06-25,21468.34316,coinmetrics
2022-06-26,21066.62094,coinmetrics
2022-06-27,20751.0517,coinmetrics
2022-06-28,20263.21964,coinmetrics
2022-06-29,20080.94809,coinmetrics
2022-06-30,19332.91213,coinmetrics
2022-07-01,19341.86312,coinmetrics
2022-07-02,19231.83171,coinmetrics
2022-07-03,19276.51466,coinmetrics
2022-07-04,20226.29847,coinmetrics
2022-07-05,20193.34279,coinmetrics
2022-07-06,20560.84381,coinmetrics
2022-07-07,21651.41914,coinmetrics
2022-07-08,21813.78712,coinmetrics
2022-07-09,21585.13219,coinmetrics
2022-07-10,20831.27339,coinmetrics
2022-07-11,19971.32947,coinmetrics
2022-07-12,19339.15347,coinmetrics
2022-07-13,20155.52784,coinmetrics
2022-07-14,20552.89903,coinmetrics
2022-07-15,20831.7227,coinmetrics
2022-07-16,21196.50914,coinmetrics
2022-07-17,20827.88861,coinmetrics
2022-07-18,22305.70664,coinmetrics
2022-07-19,23371.20266,coinmetrics
2022-07-20,23280.93567,coinmetrics
2022-07-21,23152.40931,coinmetrics
2022-07-22,22706.08356,coinmetrics
2022-07-23,22484.45923,coinmetrics
2022-07-24,22653.35703,coinmetrics
2022-07-25,21510.12559,coinmetrics
2022-07-26,21181.6592,coinmetrics
2022-07-27,22898.41507,coinmetrics
2022-07-28,23838.55688,coinmetrics
2022-07-29,23950.74038,coinmetrics
2022-07-30,23623.43496,coinmetrics
2022-07-31,23356.17222,coinmetrics
2022-08-01,23331.4427,coinmetrics
2022-08-02,23031.42688,coinmetrics
2022-08-03,22809.74744,coinmetrics
2022-08-04,22628.33208,coinmetrics
2022-08-05,23248.9715,coinmetrics
2022-08-06,22996.27505,coinmetrics
2022-08-07,23153.65847,coinmetrics
2022-08-08,23803.65052,coinmetrics
2022-08-09,23186.29175,coinmetrics
2022-08-10,23923.05848,coinmetrics
2022-08-11,23934.43906,coinmetrics
2022-08-12,24396.30885,coinmetrics
2022-08-13,24426.22257,coinmetrics
2022-08-14,24314.20213,coinmetrics
2022-08-15,24083.95397,coinmetrics
2022-08-16,23868.81935,coinmetrics
2022-08-17,23336.34893,coinmetrics
2022-08-18,23221.1706,coinmetrics
2022-08-19,20906.76631,coinmetrics
2022-08-20,21146.6548,coinmetrics
2022-08-21,21553.99617,coinmetrics
2022-08-22,21301.08406,coinmetrics
2022-08-23,21534.51435,coinmetrics
2022-08-24,21424.97282,coinmetrics
2022-08-25,21587.83958,coinmetrics
2022-08-26,20246.16557,coinmetrics
2022-08-27,20043.99095,coinmetrics
2022-08-28,19673.54122,coinmetrics
2022-08-29,20270.96038,coinmetrics
2022-08-30,19825.46321,coinmetrics
2022-08-31,20024.67161,coinmetrics
2022-09-01,20105.46261,coinmetrics
2022-09-02,19948.85675,coinmetrics
2022-09-03,19803.83327,coinmetrics
2022-09-04,19961.91189,coinmetrics
2022-09-05,19797.79679,coinmetrics
2022-09-06,18846.15054,coinmetrics
2022-09-07,19292.90707,coinmetrics
2022-09-08,19319.12485,coinmetrics
2022-09-09,21363.31362,coinmetrics
2022-09-10,21715.2108,coinmetrics
2022-09-11,21732.77057,coinmetrics
2022-09-12,22365.21456,coinmetrics
2022-09-13,20165.04216,coinmetrics
2022-09-14,20246.36604,coinmetrics
2022-09-15,19696.86987,coinmetrics
2022-09-16,19741.57762,coinmetrics
2022-09-17,20120.70235,coinmetrics
2022-09-18,19427.10026,coinmetrics
2022-09-19,19557.97696,coinmetrics
2022-09-20,18872.94987,coinmetrics
2022-09-21,18506.76075,coinmetrics
2022-09-22,19414.53964,coinmetrics
2022-09-23,19326.86482,coinmetrics
2022-09-24,18924.76779,coinmetrics
2022-09-25,18793.15615,coinmetrics
2022-09-26,19201.13172,coinmetrics
2022-09-27,19106.73891,coinmetrics
2022-09-28,19454.93721,coinmetrics
2022-09-29,19540.86641,coinmetrics
2022-09-30,19435.19469,coinmetrics
2022-10-01,19311.86163,coinmetrics
2022-10-02,19015.29281,coinmetrics
2022-10-03,19633.43259,coinmetrics
2022-10-04,20339.97128,coinmetrics
2022-10-05,20155.0997,coinmetrics
2022-10-06,19950.5478,coinmetrics
2022-10-07,19539.14392,coinmetrics
2022-10-08,19416.17723,coinmetrics
2022-10-09,19428.36713,coinmetrics
2022-10-10,19154.40423,coinmetrics
2022-10-11,19039.28207,coinmetrics
2022-10-12,19156.91156,coinmetrics
2022-10-13,19387.83368,coinmetrics
2022-10-14,19177.6941,coinmetrics
2022-10-15,19069.87493,coinmetrics
2022-10-16,19261.74979,coinmetrics
2022-10-17,19557.02181,coinmetrics
2022-10-18,19341.40755,coinmetrics
2022-10-19,19132.15443,coinmetrics
2022-10-20,19033.37602,coinmetrics
2022-10-21,19174.87635,coinmetrics
2022-10-22,19207.62851,coinmetrics
2022-10-23,19565.41232,coinmetrics
2022-10-24,19341.46021,coinmetrics
2022-10-25,20094.96112,coinmetrics
2022-10-26,20797.03083,coinmetrics
2022-10-27,20280.17513,coinmetrics
2022-10-28,20604.61385,coinmetrics
2022-10-29,20803.89992,coinmetrics
2022-10-30,20616.70338,coinmetrics
2022-10-31,20490.85818,coinmetrics
2022-11-01,20483.96653,coinmetrics
2022-11-02,20148.28455,coinmetrics
2022-11-03,20198.11119,coinmetrics
2022-11-04,21157.24493,coinmetrics
2022-11-05,21283.4716,coinmetrics
2022-11-06,20946.80304,coinmetrics
2022-11-07,20568.56512,coinmetrics
2022-11-08,18520.97116,coinmetrics
2022-11-09,15758.29128,coinmetrics
2022-11-10,17541.56029,coinmetrics
2022-11-11,16916.85063,coinmetrics
2022-11-12,16771.24267,coinmetrics
2022-11-13,16320.49834,coinmetrics
2022-11-14,16629.47841,coinmetrics
2022-11-15,16855.59379,coinmetrics
2022-11-16,16659.60633,coinmetrics
2022-11-17,16675.17902,coinmetrics
2022-11-18,16661.52296,coinmetrics
2022-11-19,16696.00406,coinmetrics
2022-11-20,16246.8447,coinmetrics
2022-11-21,15778.0174,coinmetrics
2022-11-22,16172.88934,coinmetrics
2022-11-23,16574.06173,coinmetrics
2022-11-24,16583.52434,coinmetrics
2022-11-25,16522.38878,coinmetrics
2022-11-26,16448.64131,coinmetrics
2022-11-27,16436.07077,coinmetrics
2022-11-28,16212.58142,coinmetrics
2022-11-29,16443.03682,coinmetrics
2022-11-30,17176.89869,coinmetrics
2022-12-01,16961.2918,coinmetrics
2022-12-02,17075.10914,coinmetrics
2022-12-03,16899.50738,coinmetrics
2022-12-04,17121.71498,coinmetrics
2022-12-05,16961.35179,coinmetrics
2022-12-06,17070.51583,coinmetrics
2022-12-07,16848.25182,coinmetrics
2022-12-08,17231.45632,coinmetrics
2022-12-09,17136.149,coinmetrics
2022-12-10,17124.21468,coinmetrics
2022-12-11,17094.36066,coinmetrics
2022-12-12,17195.525,coinmetrics
2022-12-13,17774.91663,coinmetrics
2022-12-14,17809.72408,coinmetrics
2022-12-15,17344.05446,coinmetrics
2022-12-16,16606.11018,coinmetrics
2022-12-17,16774.38537,coinmetrics
2022-12-18,16776.11593,coinmetrics
2022-12-19,16424.13139,coinmetrics
2022-12-20,16901.81694,coinmetrics
2022-12-21,16800.53297,coinmetrics
2022-12-22,16814.22258,coinmetrics
2022-12-23,16780.51698,coinmetrics
2022-12-24,16837.61217,coinmetrics
2022-12-25,16824.83897,coinmetrics
2022-12-26,16879.93823,coinmetrics
2022-12-27,16698.91127,coinmetrics
2022-12-28,16536.2942,coinmetrics
2022-12-29,16630.59316,coinmetrics
2022-12-30,16593.68883,coinmetrics
2022-12-31,16524.2178,coinmetrics
2023-01-01,16606.75204,coinmetrics
2023-01-02,16688.71927,coinmetrics
2023-01-03,16670.07738,coinmetrics
2023-01-04,16848.36604,coinmetrics
2023-01-05,16824.80018,coinmetrics
2023-01-06,16957.86227,coinmetrics
2023-01-07,16942.62859,coinmetrics
2023-01-08,17059.23994,coinmetrics
2023-01-09,17182.31985,coinmetrics
2023-01-10,17433.91463,coinmetrics
2023-01-11,17833.71077,coinmetrics
2023-01-12,18869.70448,coinmetrics
2023-01-13,19868.72475,coinmetrics
2023-01-14,21010.92272,coinmetrics
2023-01-15,20876.00856,coinmetrics
2023-01-16,21180.41195,coinmetrics
2023-01-17,21178.2994,coinmetrics
2023-01-18,20709.6686,coinmetrics
2023-01-19,21071.83342,coinmetrics
2023-01-20,22660.71694,coinmetrics
2023-01-21,22803.17276,coinmetrics
2023-01-22,22716.2772,coinmetrics
2023-01-23,22929.02489,coinmetrics
2023-01-24,22611.12688,coinmetrics
2023-01-25,23109.08452,coinmetrics
2023-01-26,23008.68948,coinmetrics
2023-01-27,23070.49646,coinmetrics
2023-01-28,23008.80946,coinmetrics
2023-01-29,23774.99637,coinmetrics
2023-01-30,22799.42726,coinmetrics
2023-01-31,23130.05191,coinmetrics
2023-02-01,23727.20261,coinmetrics
2023-02-02,23505.60484,coinmetrics
2023-02-03,23445.81318,coinmetrics
2023-02-04,23355.52439,coinmetrics
2023-02-05,22957.22519,coinmetrics
2023-02-06,22745.16504,coinmetrics
2023-02-07,23266.2692,coinmetrics
2023-02-08,22937.57995,coinmetrics
2023-02-09,21818.19895,coinmetrics
2023-02-10,21620.56678,coinmetrics
2023-02-11,21864.86264,coinmetrics
2023-02-12,21772.13733,coinmetrics
2023-02-13,21798.71572,coinmetrics
2023-02-14,22222.41504,coinmetrics
2023-02-15,24304.61298,coinmetrics
2023-02-16,23742.44884,coinmetrics
2023-02-17,24607.33561,coinmetrics
2023-02-18,24636.52661,coinmetrics
2023-02-19,24366.99076,coinmetrics
2023-02-20,24797.84304,coinmetrics
2023-02-21,24400.38939,coinmetrics
2023-02-22,24163.73898,coinmetrics
2023-02-23,23910.03421,coinmetrics
2023-02-24,23175.8242,coinmetrics
2023-02-25,23159.81544,coinmetrics
2023-02-26,23542.09643,coinmetrics
2023-02-27,23504.18942,coinmetrics
2023-02-28,23145.94913,coinmetrics
2023-03-01,23610.65909,coinmetrics
2023-03-02,23470.02548,coinmetrics
2023-03-03,22350.09623,coinmetrics
2023-03-04,22334.28526,coinmetrics
2023-03-05,22419.81714,coinmetrics
2023-03-06,22414.70331,coinmetrics
2023-03-07,22174.64847,coinmetrics
2023-03-08,21701.38462,coinmetrics
2023-03-09,20349.81417,coinmetrics
2023-03-10,20240.40669,coinmetrics
2023-03-11,20585.23433,coinmetrics
2023-03-12,22065.98004,coinmetrics
2023-03-13,24154.42909,coinmetrics
2023-03-14,24769.01757,coinmetrics
2023-03-15,24409.80175,coinmetrics
2023-03-16,25043.23885,coinmetrics
2023-03-17,27450.62829,coinmetrics
2023-03-18,26985.73599,coinmetrics
2023-03-19,28185.20433,coinmetrics
2023-03-20,27834.33611,coinmetrics
2023-03-21,28172.79506,coinmetrics
2023-03-22,27341.55713,coinmetrics
2023-03-23,28387.88975,coinmetrics
2023-03-24,27464.12495,coinmetrics
2023-03-25,27488.95488,coinmetrics
2023-03-26,28049.39169,coinmetrics
2023-03-27,27154.99637,coinmetrics
2023-03-28,27283.9634,coinmetrics
2023-03-29,28389.29178,coinmetrics
2023-03-30,28021.5583,coinmetrics
2023-03-31,28514.68131,coinmetrics
2023-04-01,28494.56389,coinmetrics
2023-04-02,28161.99804,coinmetrics
2023-04-03,27850.97994,coinmetrics
2023-04-04,28113.95852,coinmetrics
2023-04-05,28190.31161,coinmetrics
2023-04-06,28049.07448,coinmetrics
2023-04-07,27936.80426,coinmetrics
2023-04-08,27964.05125,coinmetrics
2023-04-09,28357.80727,coinmetrics
2023-04-10,29687.56518,coinmetrics
2023-04-11,30247.09592,coinmetrics
2023-04-12,29913.00355,coinmetrics
2023-04-13,30370.82207,coinmetrics
2023-04-14,30458.97004,coinmetrics
2023-04-15,30342.05911,coinmetrics
2023-04-16,30312.93085,coinmetrics
2023-04-17,29469.50507,coinmetrics
2023-04-18,30366.87238,coinmetrics
2023-04-19,28796.7441,coinmetrics
2023-04-20,28251.27638,coinmetrics
2023-04-21,27292.02111,coinmetrics
2023-04-22,27827.54759,coinmetrics
2023-04-23,27604.68557,coinmetrics
2023-04-24,27520.19967,coinmetrics
2023-04-25,28302.69422,coinmetrics
2023-04-26,28384.23403,coinmetrics
2023-04-27,29465.55143,coinmetrics
2023-04-28,29350.81189,coinmetrics
2023-04-29,29221.51451,coinmetrics
2023-04-30,29362.0868,coinmetrics
2023-05-01,28114.95319,coinmetrics
2023-05-02,28690.581,coinmetrics
2023-05-03,29045.04277,coinmetrics
2023-05-04,28855.85745,coinmetrics
2023-05-05,29552.96952,coinmetrics
2023-05-06,28899.46296,coinmetrics
2023-05-07,28761.73843,coinmetrics
2023-05-08,27727.28541,coinmetrics
2023-05-09,27642.42811,coinmetrics
2023-05-10,27646.0049,coinmetrics
2023-05-11,26986.27107,coinmetrics
2023-05-12,26773.34436,coinmetrics
2023-05-13,26841.39829,coinmetrics
2023-05-14,26918.2616,coinmetrics
2023-05-15,27231.62161,coinmetrics
2023-05-16,27025.71819,coinmetrics
2023-05-17,27401.04406,coinmetrics
2023-05-18,26843.23509,coinmetrics
2023-05-19,26889.50363,coinmetrics
2023-05-20,27100.85829,coinmetrics
2023-05-21,26777.09778,coinmetrics
2023-05-22,26858.73706,coinmetrics
2023-05-23,27226.85588,coinmetrics
2023-05-24,26341.43064,coinmetrics
2023-05-25,26484.83592,coinmetrics
2023-05-26,26720.38381,coinmetrics
2023-05-27,26854.54037,coinmetrics
2023-05-28,28097.52113,coinmetrics
2023-05-29,27765.07287,coinmetrics
2023-05-30,27712.49158,coinmetrics
2023-05-31,27217.68326,coinmetrics
2023-06-01,26825.37135,coinmetrics
2023-06-02,27255.22799,coinmetrics
2023-06-03,27079.40846,coinmetrics
2023-06-04,27158.25457,coinmetrics
2023-06-05,25785.85148,coinmetrics
2023-06-06,27213.77052,coinmetrics
2023-06-07,26339.57903,coinmetrics
2023-06-08,26521.6936,coinmetrics
2023-06-09,26470.67758,coinmetrics
2023-06-10,25863.21385,coinmetrics
2023-06-11,25906.82815,coinmetrics
2023-06-12,25906.75194,coinmetrics
2023-06-13,25880.85997,coinmetrics
2023-06-14,25097.58538,coinmetrics
2023-06-15,25559.14333,coinmetrics
2023-06-16,26331.82009,coinmetrics
2023-06-17,26514.17135,coinmetrics
2023-06-18,26353.96268,coinmetrics
2023-06-19,26778.06344,coinmetrics
2023-06-20,28305.42046,coinmetrics
2023-06-21,30099.51535,coinmetrics
2023-06-22,29952.51129,coinmetrics
2023-06-23,30638.35376,coinmetrics
2023-06-24,30549.01629,coinmetrics
2023-06-25,30467.44037,coinmetrics
2023-06-26,30255.88612,coinmetrics
2023-06-27,30667.07629,coinmetrics
2023-06-28,30104.04327,coinmetrics
2023-06-29,30460.79298,coinmetrics
2023-06-30,30484.50326,coinmetrics
2023-07-01,30581.68897,coinmetrics
2023-07-02,30594.21647,coinmetrics
2023-07-03,31135.3576,coinmetrics
2023-07-04,30799.94746,coinmetrics
2023-07-05,30497.82213,coinmetrics
2023-07-06,29979.72981,coinmetrics
2023-07-07,30329.88298,coinmetrics
2023-07-08,30263.61963,coinmetrics
2023-07-09,30163.22106,coinmetrics
2023-07-10,30394.65558,coinmetrics
2023-07-11,30616.24709,coinmetrics
2023-07-12,30385.60879,coinmetrics
2023-07-13,31434.73547,coinmetrics
2023-07-14,30310.67202,coinmetrics
2023-07-15,30290.8906,coinmetrics
2023-07-16,30249.77297,coinmetrics
2023-07-17,30143.74627,coinmetrics
2023-07-18,29835.74741,coinmetrics
2023-07-19,29913.02946,coinmetrics
2023-07-20,29805.60657,coinmetrics
2023-07-21,29919.69349,coinmetrics
2023-07-22,29726.00963,coinmetrics
2023-07-23,30066.57245,coinmetrics
2023-07-24,29178.3597,coinmetrics
2023-07-25,29221.25485,coinmetrics
2023-07-26,29361.59176,coinmetrics
2023-07-27,29201.68652,coinmetrics
2023-07-28,29316.31308,coinmetrics
2023-07-29,29360.37618,coinmetrics
2023-07-30,29262.83673,coinmetrics
2023-07-31,29219.82019,coinmetrics
2023-08-01,29499.58754,coinmetrics
2023-08-02,29143.15196,coinmetrics
2023-08-03,29192.34486,coinmetrics
2023-08-04,29057.25324,coinmetrics
2023-08-05,29053.0957,coinmetrics
2023-08-06,29048.04333,coinmetrics
2023-08-07,29164.35859,coinmetrics
2023-08-08,29779.51138,coinmetrics
2023-08-09,29582.94424,coinmetrics
2023-08-10,29430.15991,coinmetrics
2023-08-11,29399.78474,coinmetrics
2023-08-12,29415.7339,coinmetrics
2023-08-13,29286.11761,coinmetrics
2023-08-14,29408.97171,coinmetrics
2023-08-15,29167.59722,coinmetrics
2023-08-16,28754.29241,coinmetrics
2023-08-17,26660.56273,coinmetrics
2023-08-18,26037.36585,coinmetrics
2023-08-19,26093.98181,coinmetrics
2023-08-20,26176.47216,coinmetrics
2023-08-21,26128.90502,coinmetrics
2023-08-22,25978.20969,coinmetrics
2023-08-23,26452.19359,coinmetrics
2023-08-24,26126.79433,coinmetrics
2023-08-25,26040.88126,coinmetrics
2023-08-26,26006.17408,coinmetrics
2023-08-27,26086.36126,coinmetrics
2023-08-28,26103.27657,coinmetrics
2023-08-29,27672.22213,coinmetrics
2023-08-30,27298.99778,coinmetrics
2023-08-31,25954.86659,coinmetrics
2023-09-01,25802.78853,coinmetrics
2023-09-02,25868.2961,coinmetrics
2023-09-03,25962.54757,coinmetrics
2023-09-04,25799.52569,coinmetrics
2023-09-05,25782.36222,coinmetrics
2023-09-06,25754.79027,coinmetrics
2023-09-07,26210.60456,coinmetrics
2023-09-08,25904.69821,coinmetrics
2023-09-09,25894.6206,coinmetrics
2023-09-10,25831.46478,coinmetrics
2023-09-11,25135.03938,coinmetrics
2023-09-12,25859.70181,coinmetrics
2023-09-13,26226.86675,coinmetrics
2023-09-14,26556.05694,coinmetrics
2023-09-15,26672.61608,coinmetrics
2023-09-16,26555.6361,coinmetrics
2023-09-17,26502.43212,coinmetrics
2023-09-18,26764.63191,coinmetrics
2023-09-19,27215.05048,coinmetrics
2023-09-20,27133.40372,coinmetrics
2023-09-21,26571.59529,coinmetrics
2023-09-22,26581.14761,coinmetrics
2023-09-23,26575.77639,coinmetrics
2023-09-24,26286.64105,coinmetrics
2023-09-25,26288.8095,coinmetrics
2023-09-26,26194.53789,coinmetrics
2023-09-27,26336.0826,coinmetrics
2023-09-28,27033.42544,coinmetrics
2023-09-29,26911.25147,coinmetrics
2023-09-30,26977.69331,coinmetrics
2023-10-01,27950.14536,coinmetrics
2023-10-02,27565.8893,coinmetrics
2023-10-03,27439.14224,coinmetrics
2023-10-04,27797.25118,coinmetrics
2023-10-05,27426.34509,coinmetrics
2023-10-06,27941.96338,coinmetrics
2023-10-07,27972.75157,coinmetrics
2023-10-08,27936.32612,coinmetrics
2023-10-09,27591.34676,coinmetrics
2023-10-10,27419.79718,coinmetrics
2023-10-11,26828.17257,coinmetrics
2023-10-12,26741.3406,coinmetrics
2023-10-13,26842.44677,coinmetrics
2023-10-14,26861.98924,coinmetrics
2023-10-15,27130.30671,coinmetrics
2023-10-16,28506.79367,coinmetrics
2023-10-17,28433.20515,coinmetrics
2023-10-18,28328.07502,coinmetrics
2023-10-19,28690.35804,coinmetrics
2023-10-20,29704.98537,coinmetrics
2023-10-21,29922.5464,coinmetrics
2023-10-22,29984.15932,coinmetrics
2023-10-23,32954.16905,coinmetrics
2023-10-24,33880.95665,coinmetrics
2023-10-25,34488.65892,coinmetrics
2023-10-26,34181.49225,coinmetrics
2023-10-27,33896.93853,coinmetrics
2023-10-28,34091.58903,coinmetrics
2023-10-29,34574.33772,coinmetrics
2023-10-30,34495.10502,coinmetrics
2023-10-31,34636.42647,coinmetrics
2023-11-01,35431.97945,coinmetrics
2023-11-02,34882.91734,coinmetrics
2023-11-03,34708.22188,coinmetrics
2023-11-04,35091.07631,coinmetrics
2023-11-05,35105.04203,coinmetrics
2023-11-06,35017.71515,coinmetrics
2023-11-07,35418.47689,coinmetrics
2023-11-08,35797.89461,coinmetrics
2023-11-09,36675.32643,coinmetrics
2023-11-10,37367.49437,coinmetrics
2023-11-11,36979.93124,coinmetrics
2023-11-12,37053.34105,coinmetrics
2023-11-13,36543.26809,coinmetrics
2023-11-14,35590.68356,coinmetrics
2023-11-15,37840.55349,coinmetrics
2023-11-16,36160.40445,coinmetrics
2023-11-17,36569.71205,coinmetrics
2023-11-18,36577.42496,coinmetrics
2023-11-19,37442.72851,coinmetrics
2023-11-20,37516.05037,coinmetrics
2023-11-21,36035.03309,coinmetrics
2023-11-22,37403.03472,coinmetrics
2023-11-23,37311.71922,coinmetrics
2023-11-24,37718.78416,coinmetrics
2023-11-25,37800.12609,coinmetrics
2023-11-26,37482.70553,coinmetrics
2023-11-27,37229.24522,coinmetrics
2023-11-28,37828.46559,coinmetrics
2023-11-29,37846.85312,coinmetrics
2023-11-30,37712.71148,coinmetrics
2023-12-01,38703.55368,coinmetrics
2023-12-02,39462.27993,coinmetrics
2023-12-03,39978.22261,coinmetrics
2023-12-04,41910.29948,coinmetrics
2023-12-05,44067.00548,coinmetrics
2023-12-06,43745.83439,coinmetrics
2023-12-07,43282.61823,coinmetrics
2023-12-08,44205.05221,coinmetrics
2023-12-09,43740.00639,coinmetrics
2023-12-10,43732.71209,coinmetrics
2023-12-11,41209.89479,coinmetrics
2023-12-12,41467.27357,coinmetrics
2023-12-13,42939.06076,coinmetrics
2023-12-14,43033.13716,coinmetrics
2023-12-15,41978.09702,coinmetrics
2023-12-16,42203.21405,coinmetrics
2023-12-17,41428.66579,coinmetrics
2023-12-18,42635.73319,coinmetrics
2023-12-19,42271.86303,coinmetrics
2023-12-20,43605.15555,coinmetrics
2023-12-21,43870.23823,coinmetrics
2023-12-22,44009.50166,coinmetrics
2023-12-23,43768.80675,coinmetrics
2023-12-24,43097.80933,coinmetrics
2023-12-25,43623.7504,coinmetrics
2023-12-26,42491.12291,coinmetrics
2023-12-27,43436.95943,coinmetrics
2023-12-28,42670.67972,coinmetrics
2023-12-29,41998.60334,coinmetrics
2023-12-30,42204.49177,coinmetrics
2023-12-31,42217.15879,coinmetrics
2024-01-01,44049.47355,coinmetrics
2024-01-02,44941.16049,coinmetrics
2024-01-03,42773.65154,coinmetrics
2024-01-04,44250.74527,coinmetrics
2024-01-05,44146.3222,coinmetrics
2024-01-06,43917.97981,coinmetrics
2024-01-07,43844.19595,coinmetrics
2024-01-08,46981.3243,coinmetrics
2024-01-09,46084.0058,coinmetrics
2024-01-10,46818.15928,coinmetrics
2024-01-11,46380.87081,coinmetrics
2024-01-12,42817.43054,coinmetrics
2024-01-13,42846.95447,coinmetrics
2024-01-14,41888.15131,coinmetrics
2024-01-15,42528.91925,coinmetrics
2024-01-16,43171.44722,coinmetrics
2024-01-17,42689.30433,coinmetrics
2024-01-18,41261.90762,coinmetrics
2024-01-19,41606.85353,coinmetrics
2024-01-20,41668.69041,coinmetrics
2024-01-21,41537.11236,coinmetrics
2024-01-22,39577.09986,coinmetrics
2024-01-23,39737.31436,coinmetrics
2024-01-24,40101.8569,coinmetrics
2024-01-25,39917.66115,coinmetrics
2024-01-26,41860.73105,coinmetrics
2024-01-27,42125.30142,coinmetrics
2024-01-28,41983.02027,coinmetrics
2024-01-29,43218.34708,coinmetrics
2024-01-30,42950.05413,coinmetrics
2024-01-31,42589.47081,coinmetrics
2024-02-01,43020.35965,coinmetrics
2024-02-02,43155.3852,coinmetrics
2024-02-03,42982.379,coinmetrics
2024-02-04,42576.29131,coinmetrics
2024-02-05,42619.27427,coinmetrics
2024-02-06,43102.70626,coinmetrics
2024-02-07,44253.03147,coinmetrics
2024-02-08,45332.09157,coinmetrics
2024-02-09,47176.96651,coinmetrics
2024-02-10,47792.89722,coinmetrics
2024-02-11,48200.79861,coinmetrics
2024-02-12,49989.80372,coinmetrics
2024-02-13,49628.09415,coinmetrics
2024-02-14,51844.29292,coinmetrics
2024-02-15,51939.14729,coinmetrics
2024-02-16,52157.3124,coinmetrics
2024-02-17,51674.81585,coinmetrics
2024-02-18,52148.06454,coinmetrics
2024-02-19,51804.80515,coinmetrics
2024-02-20,52308.05317,coinmetrics
2024-02-21,51744.32181,coinmetrics
2024-02-22,51292.32526,coinmetrics
2024-02-23,50789.14318,coinmetrics
2024-02-24,51578.23492,coinmetrics
2024-02-25,51746.47897,coinmetrics
2024-02-26,54551.82592,coinmetrics
2024-02-27,57049.88822,coinmetrics
2024-02-28,62460.74062,coinmetrics
2024-02-29,61394.78185,coinmetrics
2024-03-01,62524.40182,coinmetrics
2024-03-02,62049.61456,coinmetrics
2024-03-03,62991.44229,coinmetrics
2024-03-04,68091.83882,coinmetrics
2024-03-05,63950.52433,coinmetrics
2024-03-06,66103.72154,coinmetrics
2024-03-07,67070.37915,coinmetrics
2024-03-08,68343.71496,coinmetrics
2024-03-09,68502.50534,coinmetrics
2024-03-10,68882.25134,coinmetrics
2024-03-11,72198.08753,coinmetrics
2024-03-12,71432.7283,coinmetrics
2024-03-13,73081.57591,coinmetrics
2024-03-14,71505.27291,coinmetrics
2024-03-15,69424.91418,coinmetrics
2024-03-16,65433.6819,coinmetrics
2024-03-17,68285.08917,coinmetrics
2024-03-18,67770.88652,coinmetrics
2024-03-19,61969.30754,coinmetrics
2024-03-20,67848.10764,coinmetrics
2024-03-21,65454.73572,coinmetrics
2024-03-22,63486.485,coinmetrics
2024-03-23,64361.2429,coinmetrics
2024-03-24,67289.56583,coinmetrics
2024-03-25,70042.02042,coinmetrics
2024-03-26,70071.04721,coinmetrics
2024-03-27,69267.88798,coinmetrics
2024-03-28,70826.89687,coinmetrics
2024-03-29,69917.04301,coinmetrics
2024-03-30,69663.01191,coinmetrics
2024-03-31,71227.45179,coinmetrics
2024-04-01,69791.62773,coinmetrics
2024-04-02,65533.75484,coinmetrics
2024-04-03,66130.21624,coinmetrics
2024-04-04,68438.13502,coinmetrics
2024-04-05,67904.90948,coinmetrics
2024-04-06,69136.07108,coinmetrics
2024-04-07,69392.68301,coinmetrics
2024-04-08,71712.79728,coinmetrics
2024-04-09,69074.54186,coinmetrics
2024-04-10,70579.44568,coinmetrics
2024-04-11,70046.55361,coinmetrics
2024-04-12,67098.11369,coinmetrics
2024-04-13,64551.64829,coinmetrics
2024-04-14,65648.80996,coinmetrics
2024-04-15,63393.32517,coinmetrics
2024-04-16,63784.82033,coinmetrics
2024-04-17,61324.21843,coinmetrics
2024-04-18,63510.145,coinmetrics
2024-04-19,63762.63103,coinmetrics
2024-04-20,64907.99284,coinmetrics
2024-04-21,64968.19262,coinmetrics
2024-04-22,66944.59609,coinmetrics
2024-04-23,66385.30029,coinmetrics
2024-04-24,64189.96791,coinmetrics
2024-04-25,64515.38747,coinmetrics
2024-04-26,63777.4715,coinmetrics
2024-04-27,63429.30996,coinmetrics
2024-04-28,62978.577,coinmetrics
2024-04-29,63908.38888,coinmetrics
2024-04-30,60636.32616,coinmetrics
2024-05-01,58141.77728,coinmetrics
2024-05-02,59170.10889,coinmetrics
2024-05-03,62983.65548,coinmetrics
2024-05-04,63881.13054,coinmetrics
2024-05-05,64067.59599,coinmetrics
2024-05-06,63228.10313,coinmetrics
2024-05-07,62396.99972,coinmetrics
2024-05-08,61079.27443,coinmetrics
2024-05-09,62998.49034,coinmetrics
2024-05-10,60896.64189,coinmetrics
2024-05-11,60843.57292,coinmetrics
2024-05-12,61431.27469,coinmetrics
2024-05-13,62886.93945,coinmetrics
2024-05-14,61555.567,coinmetrics
2024-05-15,66281.53225,coinmetrics
2024-05-16,65269.26032,coinmetrics
2024-05-17,66956.44095,coinmetrics
2024-05-18,66977.60069,coinmetrics
2024-05-19,66259.47043,coinmetrics
2024-05-20,71202.20259,coinmetrics
2024-05-21,70217.25469,coinmetrics
2024-05-22,69074.91414,coinmetrics
2024-05-23,67758.73066,coinmetrics
2024-05-24,68608.99828,coinmetrics
2024-05-25,69282.7926,coinmetrics
2024-05-26,68445.00695,coinmetrics
2024-05-27,69347.81526,coinmetrics
2024-05-28,68342.82045,coinmetrics
2024-05-29,67584.26324,coinmetrics
2024-05-30,68375.47603,coinmetrics
2024-05-31,67377.76261,coinmetrics
2024-06-01,67714.35264,coinmetrics
2024-06-02,67805.48557,coinmetrics
2024-06-03,68833.30284,coinmetrics
2024-06-04,70554.08943,coinmetrics
2024-06-05,71087.44332,coinmetrics
2024-06-06,70788.50138,coinmetrics
2024-06-07,69338.15732,coinmetrics
2024-06-08,69310.10926,coinmetrics
2024-06-09,69644.01909,coinmetrics
2024-06-10,69465.93625,coinmetrics
2024-06-11,67368.26351,coinmetrics
2024-06-12,68213.83468,coinmetrics
2024-06-13,66783.49028,coinmetrics
2024-06-14,65982.18652,coinmetrics
2024-06-15,66204.90431,coinmetrics
2024-06-16,66622.59993,coinmetrics
2024-06-17,66483.87853,coinmetrics
2024-06-18,65112.123,coinmetrics
2024-06-19,64878.71415,coinmetrics
2024-06-20,64897.70115,coinmetrics
2024-06-21,64086.04892,coinmetrics
2024-06-22,64258.13551,coinmetrics
2024-06-23,63345.02188,coinmetrics
2024-06-24,60258.95544,coinmetrics
2024-06-25,61739.66585,coinmetrics
2024-06-26,60794.47606,coinmetrics
2024-06-27,61569.92343,coinmetrics
2024-06-28,60303.31474,coinmetrics
2024-06-29,60889.32984,coinmetrics
2024-06-30,62763.27969,coinmetrics
2024-07-01,62835.39976,coinmetrics
2024-07-02,62028.61704,coinmetrics
2024-07-03,60216.39209,coinmetrics
2024-07-04,57418.24202,coinmetrics
2024-07-05,56720.98813,coinmetrics
2024-07-06,58259.22177,coinmetrics
2024-07-07,56112.57256,coinmetrics
2024-07-08,56691.91491,coinmetrics
2024-07-09,57981.4321,coinmetrics
2024-07-10,57722.01135,coinmetrics
2024-07-11,57307.71274,coinmetrics
2024-07-12,57859.12028,coinmetrics
2024-07-13,59329.0372,coinmetrics
2024-07-14,61015.03394,coinmetrics
2024-07-15,64734.76117,coinmetrics
2024-07-16,65118.82666,coinmetrics
2024-07-17,64201.37078,coinmetrics
2024-07-18,63984.3022,coinmetrics
2024-07-19,66755.78338,coinmetrics
2024-07-20,67185.49781,coinmetrics
2024-07-21,68056.62012,coinmetrics
2024-07-22,67535.19767,coinmetrics
2024-07-23,65916.40816,coinmetrics
2024-07-24,65353.38578,coinmetrics
2024-07-25,65722.06119,coinmetrics
2024-07-26,67912.24331,coinmetrics
2024-07-27,68077.37308,coinmetrics
2024-07-28,68170.66913,coinmetrics
2024-07-29,66867.16728,coinmetrics
2024-07-30,66186.91469,coinmetrics
2024-07-31,64690.63404,coinmetrics
2024-08-01,65178.05549,coinmetrics
2024-08-02,61506.76989,coinmetrics
2024-08-03,60688.24443,coinmetrics
2024-08-04,58306.26448,coinmetrics
2024-08-05,54343.62768,coinmetrics
2024-08-06,56047.47129,coinmetrics
2024-08-07,55129.74104,coinmetrics
2024-08-08,61908.78967,coinmetrics
2024-08-09,60720.94076,coinmetrics
2024-08-10,60871.55507,coinmetrics
2024-08-11,58836.10437,coinmetrics
2024-08-12,59394.16295,coinmetrics
2024-08-13,60536.24578,coinmetrics
2024-08-14,58840.64668,coinmetrics
2024-08-15,57644.18769,coinmetrics
2024-08-16,58927.27651,coinmetrics
2024-08-17,59414.67434,coinmetrics
2024-08-18,58793.20615,coinmetrics
2024-08-19,59411.51902,coinmetrics
2024-08-20,59123.30027,coinmetrics
2024-08-21,61133.02565,coinmetrics
2024-08-22,60394.47377,coinmetrics
2024-08-23,64106.80292,coinmetrics
2024-08-24,64023.2267,coinmetrics
2024-08-25,64498.01834,coinmetrics
2024-08-26,62983.44277,coinmetrics
2024-08-27,59548.00762,coinmetrics
2024-08-28,59100.77475,coinmetrics
2024-08-29,59339.79099,coinmetrics
2024-08-30,59142.93996,coinmetrics
2024-08-31,58959.92627,coinmetrics
2024-09-01,57349.08072,coinmetrics
2024-09-02,59159.02389,coinmetrics
2024-09-03,57637.77544,coinmetrics
2024-09-04,58033.39897,coinmetrics
2024-09-05,56112.95294,coinmetrics
2024-09-06,53838.95346,coinmetrics
2024-09-07,54066.43992,coinmetrics
2024-09-08,54859.25841,coinmetrics
2024-09-09,57135.78144,coinmetrics
2024-09-10,57664.49982,coinmetrics
2024-09-11,57409.19507,coinmetrics
2024-09-12,58124.64181,coinmetrics
2024-09-13,60536.88145,coinmetrics
2024-09-14,60007.17025,coinmetrics
2024-09-15,59129.91975,coinmetrics
2024-09-16,58227.46422,coinmetrics
2024-09-17,60238.21773,coinmetrics
2024-09-18,61306.23373,coinmetrics
2024-09-19,62994.60965,coinmetrics
2024-09-20,63153.95183,coinmetrics
2024-09-21,63367.72961,coinmetrics
2024-09-22,63571.95217,coinmetrics
2024-09-23,63336.01263,coinmetrics
2024-09-24,64342.78911,coinmetrics
2024-09-25,63059.62692,coinmetrics
2024-09-26,65057.78615,coinmetrics
2024-09-27,65767.71325,coinmetrics
2024-09-28,65770.52765,coinmetrics
2024-09-29,65617.76107,coinmetrics
2024-09-30,63260.04255,coinmetrics
2024-10-01,60858.24871,coinmetrics
2024-10-02,60686.09931,coinmetrics
2024-10-03,60765.23675,coinmetrics
2024-10-04,62052.51005,coinmetrics
2024-10-05,62030.4539,coinmetrics
2024-10-06,62789.88146,coinmetrics
2024-10-07,62416.50883,coinmetrics
2024-10-08,62126.32738,coinmetrics
2024-10-09,60615.25819,coinmetrics
2024-10-10,60221.11729,coinmetrics
2024-10-11,62462.53996,coinmetrics
2024-10-12,63202.8807,coinmetrics
2024-10-13,62759.43111,coinmetrics
2024-10-14,66089.75874,coinmetrics
2024-10-15,66933.97483,coinmetrics
2024-10-16,67662.9534,coinmetrics
2024-10-17,67337.90755,coinmetrics
2024-10-18,68390.53756,coinmetrics
2024-10-19,68357.8983,coinmetrics
2024-10-20,69012.35321,coinmetrics
2024-10-21,67440.46251,coinmetrics
2024-10-22,67425.75532,coinmetrics
2024-10-23,66647.28666,coinmetrics
2024-10-24,68130.99484,coinmetrics
2024-10-25,66261.53769,coinmetrics
2024-10-26,67023.33996,coinmetrics
2024-10-27,68000.1475,coinmetrics
2024-10-28,69862.52055,coinmetrics
2024-10-29,72678.78662,coinmetrics
2024-10-30,72450.28438,coinmetrics
2024-10-31,70367.08196,coinmetrics
2024-11-01,69483.58303,coinmetrics
2024-11-02,69241.67949,coinmetrics
2024-11-03,68742.75462,coinmetrics
2024-11-04,67779.09698,coinmetrics
2024-11-05,69538.02417,coinmetrics
2024-11-06,75696.03662,coinmetrics
2024-11-07,75972.29555,coinmetrics
2024-11-08,76507.4474,coinmetrics
2024-11-09,76799.25275,coinmetrics
2024-11-10,80409.28657,coinmetrics
2024-11-11,88859.99845,coinmetrics
2024-11-12,88048.74889,coinmetrics
2024-11-13,90369.38197,coinmetrics
2024-11-14,87204.25698,coinmetrics
2024-11-15,91139.08444,coinmetrics
2024-11-16,90567.69576,coinmetrics
2024-11-17,89732.97043,coinmetrics
2024-11-18,90587.69655,coinmetrics
2024-11-19,92254.13858,coinmetrics
2024-11-20,94160.04069,coinmetrics
2024-11-21,98545.56888,coinmetrics
2024-11-22,98938.34955,coinmetrics
2024-11-23,97707.04846,coinmetrics
2024-11-24,97980.20828,coinmetrics
2024-11-25,93343.02907,coinmetrics
2024-11-26,91875.56996,coinmetrics
2024-11-27,95989.08023,coinmetrics
2024-11-28,95737.94028,coinmetrics
2024-11-29,97398.94174,coinmetrics
2024-11-30,96463.6249,coinmetrics
2024-12-01,97469.60445,coinmetrics
2024-12-02,95726.44173,coinmetrics
2024-12-03,96010.87742,coinmetrics
2024-12-04,98920.25283,coinmetrics
2024-12-05,96949.66441,coinmetrics
2024-12-06,99953.10566,coinmetrics
2024-12-07,99977.70023,coinmetrics
2024-12-08,100798.9836,coinmetrics
2024-12-09,97390.19886,coinmetrics
2024-12-10,96835.50174,coinmetrics
2024-12-11,101310.2019,coinmetrics
2024-12-12,100090.8905,coinmetrics
2024-12-13,101289.824,coinmetrics
2024-12-14,101366.8717,coinmetrics
2024-12-15,104551.3671,coinmetrics
2024-12-16,105855.6722,coinmetrics
2024-12-17,106115.9106,coinmetrics
2024-12-18,100469.7707,coinmetrics
2024-12-19,97697.04578,coinmetrics
2024-12-20,97617.44221,coinmetrics
2024-12-21,97093.01908,coinmetrics
2024-12-22,95149.10583,coinmetrics
2024-12-23,94800.75621,coinmetrics
2024-12-24,98637.73305,coinmetrics
2024-12-25,99235.36789,coinmetrics
2024-12-26,95628.30309,coinmetrics
2024-12-27,94219.98215,coinmetrics
2024-12-28,95123.58111,coinmetrics
2024-12-29,93457.57832,coinmetrics
2024-12-30,92523.16309,coinmetrics
2024-12-31,93389.7326,coinmetrics
2025-01-01,94455.79657,coinmetrics
2025-01-02,96851.39368,coinmetrics
2025-01-03,98120.68468,coinmetrics
2025-01-04,98230.04786,coinmetrics
2025-01-05,98414.8121,coinmetrics
2025-01-06,102179.5604,coinmetrics
2025-01-07,96974.99579,coinmetrics
2025-01-08,95039.28092,coinmetrics
2025-01-09,92346.16916,coinmetrics
2025-01-10,94759.11964,coinmetrics
2025-01-11,94606.50801,coinmetrics
2025-01-12,94353.77526,coinmetrics
2025-01-13,94375.72991,coinmetrics
2025-01-14,96569.47573,coinmetrics
2025-01-15,100172.406,coinmetrics
2025-01-16,99977.72982,coinmetrics
2025-01-17,104296.588,coinmetrics
2025-01-18,104398.1563,coinmetrics
2025-01-19,100954.5723,coinmetrics
2025-01-20,102588.9987,coinmetrics
2025-01-21,105987.8887,coinmetrics
2025-01-22,103791.1289,coinmetrics
2025-01-23,104184.6167,coinmetrics
2025-01-24,104716.1249,coinmetrics
2025-01-25,104866.0853,coinmetrics
2025-01-26,102833.3693,coinmetrics
2025-01-27,101907.4463,coinmetrics
2025-01-28,101138.1441,coinmetrics
2025-01-29,103918.7955,coinmetrics
2025-01-30,104987.4464,coinmetrics
2025-01-31,102263.0437,coinmetrics
2025-02-01,100610.2904,coinmetrics
2025-02-02,97424.7809,coinmetrics
2025-02-03,101582.4087,coinmetrics
2025-02-04,97848.14976,coinmetrics
2025-02-05,96559.33276,coinmetrics
2025-02-06,96541.30068,coinmetrics
2025-02-07,96384.11098,coinmetrics
2025-02-08,96603.31816,coinmetrics
2025-02-09,96309.75324,coinmetrics
2025-02-10,97375.22535,coinmetrics
2025-02-11,95806.25804,coinmetrics
2025-02-12,97756.49765,coinmetrics
2025-02-13,96534.74063,coinmetrics
2025-02-14,97414.35898,coinmetrics
2025-02-15,97583.24318,coinmetrics
2025-02-16,96182.26617,coinmetrics
2025-02-17,95790.511,coinmetrics
2025-02-18,95444.03189,coinmetrics
2025-02-19,96647.9133,coinmetrics
2025-02-20,98392.21972,coinmetrics
2025-02-21,96048.99372,coinmetrics
2025-02-22,96605.70911,coinmetrics
2025-02-23,96091.63298,coinmetrics
2025-02-24,91869.65434,coinmetrics
2025-02-25,88769.73563,coinmetrics
2025-02-26,83987.89564,coinmetrics
2025-02-27,84625.41914,coinmetrics
2025-02-28,84243.77791,coinmetrics
2025-03-01,85844.36856,coinmetrics
2025-03-02,94328.00944,coinmetrics
2025-03-03,86315.93055,coinmetrics
2025-03-04,87323.69065,coinmetrics
2025-03-05,90619.4091,coinmetrics
2025-03-06,90222.06933,coinmetrics
2025-03-07,86553.59219,coinmetrics
2025-03-08,86171.27894,coinmetrics
2025-03-09,80647.79641,coinmetrics
2025-03-10,79005.96013,coinmetrics
2025-03-11,82747.16019,coinmetrics
2025-03-12,83630.15811,coinmetrics
2025-03-13,81110.28905,coinmetrics
2025-03-14,84105.83355,coinmetrics
2025-03-15,84352.8773,coinmetrics
2025-03-16,82492.10283,coinmetrics
2025-03-17,84013.94752,coinmetrics
2025-03-18,82680.80655,coinmetrics
2025-03-19,86774.23507,coinmetrics
2025-03-20,84124.97129,coinmetrics
2025-03-21,84069.40818,coinmetrics
2025-03-22,83821.22031,coinmetrics
2025-03-23,85760.88145,coinmetrics
2025-03-24,87322.57186,coinmetrics
2025-03-25,87422.84261,coinmetrics
2025-03-26,86836.6761,coinmetrics
2025-03-27,87211.32402,coinmetrics
2025-03-28,84309.07836,coinmetrics
2025-03-29,82497.17925,coinmetrics
2025-03-30,82216.46668,coinmetrics
2025-03-31,82461.44963,coinmetrics
2025-04-01,85226.71379,coinmetrics
2025-04-02,82555.6313,coinmetrics
2025-04-03,82931.6974,coinmetrics
2025-04-04,83774.17974,coinmetrics
2025-04-05,83302.17158,coinmetrics
2025-04-06,77949.08849,coinmetrics
2025-04-07,79421.80441,coinmetrics
2025-04-08,76351.42953,coinmetrics
2025-04-09,82720.60349,coinmetrics
2025-04-10,79558.95583,coinmetrics
2025-04-11,83359.89952,coinmetrics
2025-04-12,85269.24951,coinmetrics
2025-04-13,83568.95444,coinmetrics
2025-04-14,84589.03241,coinmetrics
2025-04-15,83671.34397,coinmetrics
2025-04-16,84151.53576,coinmetrics
2025-04-17,84940.58385,coinmetrics
2025-04-18,84434.77275,coinmetrics
2025-04-19,85124.7215,coinmetrics
2025-04-20,85101.74615,coinmetrics
2025-04-21,87360.71989,coinmetrics
2025-04-22,93495.61069,coinmetrics
2025-04-23,93695.74048,coinmetrics
2025-04-24,93849.88178,coinmetrics
2025-04-25,94771.4128,coinmetrics
2025-04-26,94694.5111,coinmetrics
2025-04-27,93812.87653,coinmetrics
2025-04-28,95066.02119,coinmetrics
2025-04-29,94102.8403,coinmetrics
2025-04-30,94236.73251,coinmetrics
2025-05-01,96411.74226,coinmetrics
2025-05-02,96842.10211,coinmetrics
2025-05-03,95943.61135,coinmetrics
2025-05-04,94377.78992,coinmetrics
2025-05-05,94853.72986,coinmetrics
2025-05-06,96677.9245,coinmetrics
2025-05-07,97137.37571,coinmetrics
2025-05-08,103069.5393,coinmetrics
2025-05-09,102940.8029,coinmetrics
2025-05-10,104582.8218,coinmetrics
2025-05-11,103976.1378,coinmetrics
2025-05-12,102920.0747,coinmetrics
2025-05-13,104145.7118,coinmetrics
2025-05-14,103572.7196,coinmetrics
2025-05-15,103716.2839,coinmetrics
2025-05-16,103566.2692,coinmetrics
2025-05-17,103190.0414,coinmetrics
2025-05-18,106015.6898,coinmetrics
2025-05-19,105615.829,coinmetrics
2025-05-20,106893.3302,coinmetrics
2025-05-21,109704.8556,coinmetrics
2025-05-22,111477.0148,coinmetrics
2025-05-23,107291.889,coinmetrics
2025-05-24,107917.3283,coinmetrics
2025-05-25,108914.8766,coinmetrics
2025-05-26,109371.9852,coinmetrics
2025-05-27,109066.3456,coinmetrics
2025-05-28,107895.4024,coinmetrics
2025-05-29,105732.9579,coinmetrics
2025-05-30,103981.303,coinmetrics
2025-05-31,104708.9642,coinmetrics
2025-06-01,105750.1597,coinmetrics
2025-06-02,105899.6969,coinmetrics
2025-06-03,105483.9856,coinmetrics
2025-06-04,104782.8449,coinmetrics
2025-06-05,101669.1905,coinmetrics
2025-06-06,104421.0515,coinmetrics
2025-06-07,105685.2504,coinmetrics
2025-06-08,105727.7396,coinmetrics
2025-06-09,110198.1587,coinmetrics
2025-06-10,110074.1191,coinmetrics
2025-06-11,108645.7856,coinmetrics
2025-06-12,105998.9858,coinmetrics
2025-06-13,106024.8221,coinmetrics
2025-06-14,105467.1087,coinmetrics
2025-06-15,105512.7974,coinmetrics
2025-06-16,107243.9333,coinmetrics
2025-06-17,104628.3965,coinmetrics
2025-06-18,104813.367,coinmetrics
2025-06-19,104709.7208,coinmetrics
2025-06-20,103274.9588,coinmetrics
2025-06-21,101548.1964,coinmetrics
2025-06-22,100899.2342,coinmetrics
2025-06-23,105496.9475,coinmetrics
2025-06-24,105964.0651,coinmetrics
2025-06-25,107305.0652,coinmetrics
2025-06-26,107012.8228,coinmetrics
2025-06-27,107090.9591,coinmetrics
2025-06-28,107357.6172,coinmetrics
2025-06-29,108360.9017,coinmetrics
2025-06-30,107153.1011,coinmetrics
2025-07-01,105566.3566,coinmetrics
2025-07-02,108927.1345,coinmetrics
2025-07-03,109632.1591,coinmetrics
2025-07-04,108081.3958,coinmetrics
2025-07-05,108244.7888,coinmetrics
2025-07-06,109180.0055,coinmetrics
2025-07-07,108249.401,coinmetrics
2025-07-08,108956.6317,coinmetrics
2025-07-09,111416.8067,coinmetrics
2025-07-10,115873.9038,coinmetrics
2025-07-11,117618.6051,coinmetrics
2025-07-12,117382.3725,coinmetrics
2025-07-13,118899.7371,coinmetrics
2025-07-14,119871.0962,coinmetrics
2025-07-15,117710.891,coinmetrics
2025-07-16,118730.1878,coinmetrics
2025-07-17,119501.6638,coinmetrics
2025-07-18,117958.5112,coinmetrics
2025-07-19,117908.5247,coinmetrics
2025-07-20,117305.681,coinmetrics
2025-07-21,117432.4356,coinmetrics
2025-07-22,120068.0058,coinmetrics
2025-07-23,118650.5872,coinmetrics
2025-07-24,118377.0819,coinmetrics
2025-07-25,117520.1734,coinmetrics
2025-07-26,117983.2046,coinmetrics
2025-07-27,119438.1642,coinmetrics
2025-07-28,118022.6373,coinmetrics
2025-07-29,117871.3709,coinmetrics
2025-07-30,117732.6437,coinmetrics
2025-07-31,115848.34,coinmetrics
2025-08-01,113282.1443,coinmetrics
2025-08-02,112545.6737,coinmetrics
2025-08-03,114263.6939,coinmetrics
2025-08-04,115199.9337,coinmetrics
2025-08-05,114111.361,coinmetrics
2025-08-06,115034.6787,coinmetrics
2025-08-07,117444.9139,coinmetrics
2025-08-08,116740.6877,coinmetrics
2025-08-09,116511.6557,coinmetrics
2025-08-10,119189.1982,coinmetrics
2025-08-11,118742.043,coinmetrics
2025-08-12,120154.3249,coinmetrics
2025-08-13,123442.6798,coinmetrics
2025-08-14,118510.2713,coinmetrics
2025-08-15,117311.2099,coinmetrics
2025-08-16,117462.4268,coinmetrics
2025-08-17,117601.9522,coinmetrics
2025-08-18,116312.9144,coinmetrics
2025-08-19,112886.1015,coinmetrics
2025-08-20,114277.3209,coinmetrics
2025-08-21,112347.1023,coinmetrics
2025-08-22,116800.977,coinmetrics
2025-08-23,115280.4447,coinmetrics
2025-08-24,113516.1225,coinmetrics
2025-08-25,110089.5333,coinmetrics
2025-08-26,111895.2955,coinmetrics
2025-08-27,111252.3072,coinmetrics
2025-08-28,112481.1529,coinmetrics
2025-08-29,108473.3304,coinmetrics
2025-08-30,108746.1508,coinmetrics
2025-08-31,108316.4469,coinmetrics
2025-09-01,108992.3246,coinmetrics
2025-09-02,111140.9472,coinmetrics
2025-09-03,111780.7436,coinmetrics
2025-09-04,110900.6334,coinmetrics
2025-09-05,110711.2295,coinmetrics
2025-09-06,110243.6507,coinmetrics
2025-09-07,111307.7844,coinmetrics
2025-09-08,112112.3116,coinmetrics
2025-09-09,111486.3968,coinmetrics
2025-09-10,113930.7484,coinmetrics
2025-09-11,115445.8129,coinmetrics
2025-09-12,116149.174,coinmetrics
2025-09-13,115965.6276,coinmetrics
2025-09-14,115395.9334,coinmetrics
2025-09-15,115420.9318,coinmetrics
2025-09-16,116798.8671,coinmetrics
2025-09-17,116575.7776,coinmetrics
2025-09-18,117014.4268,coinmetrics
2025-09-19,115612.3725,coinmetrics
2025-09-20,115753.166,coinmetrics
2025-09-21,115320.8588,coinmetrics
2025-09-22,112727.7077,coinmetrics
2025-09-23,112052.3933,coinmetrics
2025-09-24,113324.6236,coinmetrics
2025-09-25,109166.348,coinmetrics
2025-09-26,109669.1022,coinmetrics
2025-09-27,109644.7307,coinmetrics
2025-09-28,112170.0078,coinmetrics
2025-09-29,114341.1414,coinmetrics
2025-09-30,113971.7428,coinmetrics
2025-10-01,118393.2704,coinmetrics
2025-10-02,120558.594,coinmetrics
2025-10-03,122348.1276,coinmetrics
2025-10-04,122379.7443,coinmetrics
2025-10-05,123523.7683,coinmetrics
2025-10-06,124824.4537,coinmetrics
2025-10-07,121587.6992,coinmetrics
2025-10-08,123390.3531,coinmetrics
2025-10-09,121603.3328,coinmetrics
2025-10-10,113754.8523,coinmetrics
2025-10-11,110940.1136,coinmetrics
2025-10-12,115152.917,coinmetrics
2025-10-13,115332.2529,coinmetrics
2025-10-14,113327.0794,coinmetrics
2025-10-15,110862.8725,coinmetrics
2025-10-16,108135.0496,coinmetrics
2025-10-17,106625.6687,coinmetrics
2025-10-18,107143.9139,coinmetrics
2025-10-19,108706.6638,coinmetrics
2025-10-20,110640.2495,coinmetrics
2025-10-21,108700.3821,coinmetrics
2025-10-22,107667.6302,coinmetrics
2025-10-23,110060.9368,coinmetrics
2025-10-24,111024.9431,coinmetrics
2025-10-25,111614.5359,coinmetrics
2025-10-26,114557.1005,coinmetrics
2025-10-27,114087.7738,coinmetrics
2025-10-28,112980.6858,coinmetrics
2025-10-29,110206.348,coinmetrics
2025-10-30,108019.7238,coinmetrics
2025-10-31,109554.2396,coinmetrics
2025-11-01,110005.2959,coinmetrics
2025-11-02,110389.1686,coinmetrics
2025-11-03,106495.8028,coinmetrics
2025-11-04,101349.7372,coinmetrics
2025-11-05,103915.8848,coinmetrics
2025-11-06,101241.5737,coinmetrics
2025-11-07,103428.4717,coinmetrics
2025-11-08,102335.0214,coinmetrics
2025-11-09,104685.5454,coinmetrics
2025-11-10,106082.4782,coinmetrics
2025-11-11,102974.4056,coinmetrics
2025-11-12,101682.1267,coinmetrics
2025-11-13,100035.3101,coinmetrics
2025-11-14,94502.5476,coinmetrics
2025-11-15,95541.31584,coinmetrics
2025-11-16,94182.3131,coinmetrics
2025-11-17,91911.47135,coinmetrics
2025-11-18,92836.44191,coinmetrics
2025-11-19,91320.48113,coinmetrics
2025-11-20,86911.29806,coinmetrics
2025-11-21,84948.04632,coinmetrics
2025-11-22,84775.00155,coinmetrics
2025-11-23,86872.45466,coinmetrics
2025-11-24,88377.60244,coinmetrics
2025-11-25,87434.55061,coinmetrics
2025-11-26,90449.27707,coinmetrics
2025-11-27,91336.20005,coinmetrics
2025-11-28,90990.12661,coinmetrics
2025-11-29,90842.07382,coinmetrics
2025-11-30,90607.70215,coinmetrics
2025-12-01,86504.63682,coinmetrics
2025-12-02,91528.02458,coinmetrics
2025-12-03,93609.09387,coinmetrics
2025-12-04,92205.59295,coinmetrics
2025-12-05,89279.83446,coinmetrics
2025-12-06,89169.55706,coinmetrics
2025-12-07,90067.8474,coinmetrics
2025-12-08,90673.14444,coinmetrics
2025-12-09,92808.85185,coinmetrics
2025-12-10,92102.93009,coinmetrics
2025-12-11,92623.71987,coinmetrics
2025-12-12,90331.60831,coinmetrics
2025-12-13,90245.26726,coinmetrics
2025-12-14,88096.38261,coinmetrics
2025-12-15,86352.58026,coinmetrics
2025-12-16,87752.42903,coinmetrics
2025-12-17,86059.55222,coinmetrics
2025-12-18,85434.19287,coinmetrics
2025-12-19,88168.07383,coinmetrics
2025-12-20,88292.45364,coinmetrics
2025-12-21,88533.43098,coinmetrics
2025-12-22,88474.46223,coinmetrics
2025-12-23,87365.99379,coinmetrics
2025-12-24,87625.67079,coinmetrics
2025-12-25,87231.30477,coinmetrics
2025-12-26,87334.80778,coinmetrics
2025-12-27,87695.41591,coinmetrics
2025-12-28,87747.64915,coinmetrics
2025-12-29,87133.5104,coinmetrics
2025-12-30,88428.49227,coinmetrics
2025-12-31,87516.97804,coinmetrics
2026-01-01,88684.21785,coinmetrics
2026-01-02,89940.18017,coinmetrics
2026-01-03,90598.13018,coinmetrics
2026-01-04,91359.76368,coinmetrics
2026-01-05,93948.58218,coinmetrics
2026-01-06,93574.28711,coinmetrics
2026-01-07,91208.95626,coinmetrics
2026-01-08,91096.91616,coinmetrics
2026-01-09,90539.60323,coinmetrics
2026-01-10,90406.14241,coinmetrics
2026-01-11,90717.20632,coinmetrics
2026-01-12,91141.14985,coinmetrics
2026-01-13,95304.49829,coinmetrics
2026-01-14,97043.99273,coinmetrics
2026-01-15,95546.13974,coinmetrics
2026-01-16,95489.12996,coinmetrics
2026-01-17,95106.98046,coinmetrics
2026-01-18,94261.32943,coinmetrics
2026-01-19,92526.24196,coinmetrics
2026-01-20,88236.56319,coinmetrics
2026-01-21,89599.36187,coinmetrics
2026-01-22,89395.70074,coinmetrics
2026-01-23,89439.77189,coinmetrics
2026-01-24,89185.0387,coinmetrics
2026-01-25,86445.67059,coinmetrics
2026-01-26,88337.45455,coinmetrics
2026-01-27,89260.38054,coinmetrics
2026-01-28,89177.78925,coinmetrics
2026-01-29,84520.39731,coinmetrics
2026-01-30,84017.03403,coinmetrics
2026-01-31,78702.3855,coinmetrics
2026-02-01,76911.05238,coinmetrics
2026-02-02,78716.60181,coinmetrics
2026-02-03,75684.76603,coinmetrics
2026-02-04,73095.19146,coinmetrics
2026-02-05,63494.68845,coinmetrics
2026-02-06,70647.69822,coinmetrics
2026-02-07,69166.25944,coinmetrics
2026-02-08,70522.58924,coinmetrics
2026-02-09,70244.10178,coinmetrics
2026-02-10,68688.79311,coinmetrics
2026-02-11,66989.71659,coinmetrics
2026-02-12,66221.54431,coinmetrics
2026-02-13,68860.84116,coinmetrics
2026-02-14,69798.07913,coinmetrics
2026-02-15,68629.95998,coinmetrics
2026-02-16,68747.43803,coinmetrics
2026-02-17,67471.05085,coinmetrics
2026-02-18,66380.70696,coinmetrics
2026-02-19,66932.35221,coinmetrics
2026-02-20,67977.30926,coinmetrics
2026-02-21,68020.66776,coinmetrics
2026-02-22,67550.02408,coinmetrics
2026-02-23,64689.91233,coinmetrics
2026-02-24,64123.75108,coinmetrics
2026-02-25,68038.52218,coinmetrics
2026-02-26,67519.26453,coinmetrics
2026-02-27,65864.13582,coinmetrics
2026-02-28,66965.63531,coinmetrics
2026-03-01,65733.52126,coinmetrics
2026-03-02,68922.6243,coinmetrics
2026-03-03,68431.17403,coinmetrics
2026-03-04,72667.46306,coinmetrics
2026-03-05,70987.42718,coinmetrics
2026-03-06,68226.70539,coinmetrics
2026-03-07,67315.55291,coinmetrics
2026-03-08,66202.69787,coinmetrics
2026-03-09,68528.53847,coinmetrics
2026-03-10,69891.82386,coinmetrics
2026-03-11,70298.57535,coinmetrics
2026-03-12,70538.10746,coinmetrics
2026-03-13,70930.01328,coinmetrics
2026-03-14,71136.21792,coinmetrics
2026-03-15,72712.1462,coinmetrics
2026-03-16,74723.95755,coinmetrics
2026-03-17,74086.01361,coinmetrics
2026-03-18,71253.95793,coinmetrics
2026-03-19,69948.90483,coinmetrics
2026-03-20,70510.41968,coinmetrics
2026-03-21,69707.28501,coinmetrics
2026-03-22,68018.15348,coinmetrics
2026-03-23,70726.21105,coinmetrics
2026-03-24,70610.01871,coinmetrics
2026-03-25,71281.29739,coinmetrics
2026-03-26,68722.97184,coinmetrics
2026-03-27,66214.17151,coinmetrics
2026-03-28,66351.07253,coinmetrics
2026-03-29,65966.75239,coinmetrics
2026-03-30,66651.232,coinmetrics
2026-03-31,68214.86804,coinmetrics
2026-04-01,68116.81679,coinmetrics
2026-04-02,66908.31799,coinmetrics
2026-04-03,66891.74223,coinmetrics
2026-04-04,67295.13091,coinmetrics
2026-04-05,68921.80609,coinmetrics
2026-04-06,68742.91331,coinmetrics
2026-04-07,72057.12436,coinmetrics
2026-04-08,71085.05837,coinmetrics
2026-04-09,71788.67978,coinmetrics
2026-04-10,72945.07072,coinmetrics
2026-04-11,73119.10912,coinmetrics
2026-04-12,70685.3697,coinmetrics
2026-04-13,74632.74559,coinmetrics
2026-04-14,74173.50836,coinmetrics
2026-04-15,74761.96465,coinmetrics
2026-04-16,75095.74422,coinmetrics
2026-04-17,77114.48144,coinmetrics
2026-04-18,75792.06375,coinmetrics
2026-04-19,73905.2041,coinmetrics
2026-04-20,75814.14532,coinmetrics
2026-04-21,76107.4433,coinmetrics
2026-04-22,78317.74227,coinmetrics
2026-04-23,78233.68375,coinmetrics
2026-04-24,77444.26928,coinmetrics
2026-04-25,77624.71148,coinmetrics
2026-04-26,78538.77336,coinmetrics
2026-04-27,77256.29716,coinmetrics
2026-04-28,76295.53112,coinmetrics
2026-04-29,75795.00985,coinmetrics
2026-04-30,76299.61613,coinmetrics
2026-05-01,78132.64379,coinmetrics
2026-05-02,78712.53873,coinmetrics
2026-05-03,78649.17329,coinmetrics
2026-05-04,79826.10782,coinmetrics
2026-05-05,80936.75483,coinmetrics
2026-05-06,81364.62013,coinmetrics
2026-05-07,79988.99873,coinmetrics
2026-05-08,80179.6923,coinmetrics
2026-05-09,80663.62965,coinmetrics
2026-05-10,82256.78114,coinmetrics
2026-05-11,81714.74205,coinmetrics
2026-05-12,80525.56302,coinmetrics
2026-05-13,79291.911,coinmetrics
2026-05-14,81175.82711,coinmetrics
2026-05-15,79063.41458,coinmetrics
2026-05-16,78164.49527,coinmetrics
2026-05-17,77497.69711,coinmetrics
2026-05-18,76975.9112,coinmetrics
2026-05-19,76807.46096,coinmetrics
2026-05-20,77408.17221,coinmetrics
2026-05-21,77595.38617,coinmetrics
2026-05-22,75567.54304,coinmetrics
2026-05-23,76619.86661,coinmetrics
