game_id,season,game_type,week,gameday,weekday,gametime,away_team,away_score,home_team,home_score,location,overtime,spread_line,away_rest,home_rest,div_game
1999_01_MIN_ATL,1999,REG,1,1999-09-12,Sunday,,MIN,17,ATL,14,Home,0,-4,7,7,0
1999_01_KC_CHI,1999,REG,1,1999-09-12,Sunday,,KC,17,CHI,20,Home,0,-3,7,7,0
1999_01_PIT_CLE,1999,REG,1,1999-09-12,Sunday,,PIT,43,CLE,0,Home,0,-6,7,7,1
1999_01_OAK_GB,1999,REG,1,1999-09-12,Sunday,,OAK,24,GB,28,Home,0,9,7,7,0
1999_01_BUF_IND,1999,REG,1,1999-09-12,Sunday,,BUF,14,IND,31,Home,0,-3,7,7,1
1999_01_SF_JAX,1999,REG,1,1999-09-12,Sunday,,SF,3,JAX,41,Home,0,5.5,7,7,0
1999_01_CAR_NO,1999,REG,1,1999-09-12,Sunday,,CAR,10,NO,19,Home,0,3.5,7,7,1
1999_01_NE_NYJ,1999,REG,1,1999-09-12,Sunday,,NE,30,NYJ,28,Home,0,7,7,7,1
1999_01_ARI_PHI,1999,REG,1,1999-09-12,Sunday,,ARI,25,PHI,24,Home,0,-3,7,7,1
1999_01_DET_SEA,1999,REG,1,1999-09-12,Sunday,,DET,28,SEA,20,Home,0,9.5,7,7,0
1999_01_BAL_STL,1999,REG,1,1999-09-12,Sunday,,BAL,10,STL,27,Home,0,0,7,7,0
1999_01_NYG_TB,1999,REG,1,1999-09-12,Sunday,,NYG,17,TB,13,Home,0,5.5,7,7,0
1999_01_CIN_TEN,1999,REG,1,1999-09-12,Sunday,,CIN,35,TEN,36,Home,0,9,7,7,1
1999_01_DAL_WAS,1999,REG,1,1999-09-12,Sunday,,DAL,41,WAS,35,Home,1,2.5,7,7,1
1999_01_MIA_DEN,1999,REG,1,1999-09-13,Monday,,MIA,38,DEN,21,Home,0,6,7,7,0
1999_02_PIT_BAL,1999,REG,2,1999-09-19,Sunday,,PIT,23,BAL,20,Home,0,-2.5,7,7,1
1999_02_NYJ_BUF,1999,REG,2,1999-09-19,Sunday,,NYJ,3,BUF,17,Home,0,4,7,7,1
1999_02_JAX_CAR,1999,REG,2,1999-09-19,Sunday,,JAX,22,CAR,20,Home,0,-9.5,7,7,0
1999_02_SEA_CHI,1999,REG,2,1999-09-19,Sunday,,SEA,14,CHI,13,Home,0,-3.5,7,7,0
1999_02_SD_CIN,1999,REG,2,1999-09-19,Sunday,,SD,34,CIN,7,Home,0,1,14,7,0
1999_02_GB_DET,1999,REG,2,1999-09-19,Sunday,,GB,15,DET,23,Home,0,-6.5,7,7,1
1999_02_DEN_KC,1999,REG,2,1999-09-19,Sunday,,DEN,10,KC,26,Home,0,-3.5,6,7,1
1999_02_ARI_MIA,1999,REG,2,1999-09-19,Sunday,,ARI,16,MIA,19,Home,0,9,7,6,0
1999_02_OAK_MIN,1999,REG,2,1999-09-19,Sunday,,OAK,22,MIN,17,Home,0,11,7,7,0
1999_02_IND_NE,1999,REG,2,1999-09-19,Sunday,,IND,28,NE,31,Home,0,4.5,7,7,1
1999_02_WAS_NYG,1999,REG,2,1999-09-19,Sunday,,WAS,50,NYG,21,Home,0,2.5,7,7,1
1999_02_TB_PHI,1999,REG,2,1999-09-19,Sunday,,TB,19,PHI,5,Home,0,-6.5,7,7,0
1999_02_NO_SF,1999,REG,2,1999-09-19,Sunday,,NO,21,SF,28,Home,0,11,7,7,1
1999_02_CLE_TEN,1999,REG,2,1999-09-19,Sunday,,CLE,9,TEN,26,Home,0,16,7,7,1
1999_02_ATL_DAL,1999,REG,2,1999-09-20,Monday,,ATL,7,DAL,24,Home,0,6.5,8,8,0
1999_03_CLE_BAL,1999,REG,3,1999-09-26,Sunday,,CLE,10,BAL,17,Home,0,12,7,7,1
1999_03_PHI_BUF,1999,REG,3,1999-09-26,Sunday,,PHI,0,BUF,26,Home,0,11.5,7,7,0
1999_03_CIN_CAR,1999,REG,3,1999-09-26,Sunday,,CIN,3,CAR,27,Home,0,7,7,7,0
1999_03_MIN_GB,1999,REG,3,1999-09-26,Sunday,,MIN,20,GB,23,Home,0,0,7,7,1
1999_03_TEN_JAX,1999,REG,3,1999-09-26,Sunday,,TEN,20,JAX,19,Home,0,9.5,7,7,1
1999_03_DET_KC,1999,REG,3,1999-09-26,Sunday,,DET,21,KC,31,Home,0,3.5,7,7,0
1999_03_NYG_NE,1999,REG,3,1999-09-26,Sunday,,NYG,14,NE,16,Home,0,6,7,7,0
1999_03_WAS_NYJ,1999,REG,3,1999-09-26,Sunday,,WAS,27,NYJ,20,Home,0,-1,7,7,0
1999_03_CHI_OAK,1999,REG,3,1999-09-26,Sunday,,CHI,17,OAK,24,Home,0,7,7,7,0
1999_03_SEA_PIT,1999,REG,3,1999-09-26,Sunday,,SEA,29,PIT,10,Home,0,4,7,7,0
1999_03_IND_SD,1999,REG,3,1999-09-26,Sunday,,IND,27,SD,19,Home,0,-1,7,7,0
1999_03_ATL_STL,1999,REG,3,1999-09-26,Sunday,,ATL,7,STL,35,Home,0,-1.5,6,14,1
1999_03_DEN_TB,1999,REG,3,1999-09-26,Sunday,,DEN,10,TB,13,Home,0,2.5,7,7,0
1999_03_SF_ARI,1999,REG,3,1999-09-27,Monday,,SF,24,ARI,10,Home,0,-2.5,8,8,0
1999_04_BAL_ATL,1999,REG,4,1999-10-03,Sunday,,BAL,19,ATL,13,Home,1,2.5,7,7,0
1999_04_NO_CHI,1999,REG,4,1999-10-03,Sunday,,NO,10,CHI,14,Home,0,-1,14,7,0
1999_04_STL_CIN,1999,REG,4,1999-10-03,Sunday,,STL,38,CIN,10,Home,0,-3.5,7,7,0
1999_04_NE_CLE,1999,REG,4,1999-10-03,Sunday,,NE,19,CLE,7,Home,0,-12,7,7,0
1999_04_ARI_DAL,1999,REG,4,1999-10-03,Sunday,,ARI,7,DAL,35,Home,0,7,6,13,1
1999_04_NYJ_DEN,1999,REG,4,1999-10-03,Sunday,,NYJ,21,DEN,13,Home,0,5.5,7,7,0
1999_04_TB_MIN,1999,REG,4,1999-10-03,Sunday,,TB,14,MIN,21,Home,0,7,7,7,1
1999_04_PHI_NYG,1999,REG,4,1999-10-03,Sunday,,PHI,15,NYG,16,Home,0,9.5,7,7,1
1999_04_JAX_PIT,1999,REG,4,1999-10-03,Sunday,,JAX,17,PIT,3,Home,0,-3,7,7,1
1999_04_KC_SD,1999,REG,4,1999-10-03,Sunday,,KC,14,SD,21,Home,0,1,7,7,1
1999_04_OAK_SEA,1999,REG,4,1999-10-03,Sunday,,OAK,21,SEA,22,Home,0,3.5,7,7,1
1999_04_TEN_SF,1999,REG,4,1999-10-03,Sunday,,TEN,22,SF,24,Home,0,1.5,7,6,0
1999_04_CAR_WAS,1999,REG,4,1999-10-03,Sunday,,CAR,36,WAS,38,Home,0,8.5,7,7,0
1999_04_BUF_MIA,1999,REG,4,1999-10-04,Monday,,BUF,23,MIA,18,Home,0,4.5,8,15,1
1999_05_NYG_ARI,1999,REG,5,1999-10-10,Sunday,,NYG,3,ARI,14,Home,0,3,7,7,1
1999_05_PIT_BUF,1999,REG,5,1999-10-10,Sunday,,PIT,21,BUF,24,Home,0,6.5,7,6,0
1999_05_CIN_CLE,1999,REG,5,1999-10-10,Sunday,,CIN,18,CLE,17,Home,0,-3,7,7,1
1999_05_SD_DET,1999,REG,5,1999-10-10,Sunday,,SD,20,DET,10,Home,0,3.5,7,14,0
1999_05_TB_GB,1999,REG,5,1999-10-10,Sunday,,TB,23,GB,26,Home,0,6,7,14,1
1999_05_MIA_IND,1999,REG,5,1999-10-10,Sunday,,MIA,34,IND,31,Home,0,-1.5,6,14,1
1999_05_NE_KC,1999,REG,5,1999-10-10,Sunday,,NE,14,KC,16,Home,0,2.5,7,7,0
1999_05_CHI_MIN,1999,REG,5,1999-10-10,Sunday,,CHI,24,MIN,22,Home,0,13,7,7,1
1999_05_ATL_NO,1999,REG,5,1999-10-10,Sunday,,ATL,20,NO,17,Home,0,3,7,7,1
1999_05_DEN_OAK,1999,REG,5,1999-10-10,Sunday,,DEN,16,OAK,13,Home,0,7,7,7,1
1999_05_DAL_PHI,1999,REG,5,1999-10-10,Sunday,,DAL,10,PHI,13,Home,0,-9.5,7,7,1
1999_05_SF_STL,1999,REG,5,1999-10-10,Sunday,,SF,20,STL,42,Home,0,3,7,7,1
1999_05_BAL_TEN,1999,REG,5,1999-10-10,Sunday,,BAL,11,TEN,14,Home,0,7,7,7,1
1999_05_JAX_NYJ,1999,REG,5,1999-10-11,Monday,,JAX,16,NYJ,6,Home,0,-3,8,8,0
1999_06_WAS_ARI,1999,REG,6,1999-10-17,Sunday,,WAS,24,ARI,10,Home,0,-3.5,14,7,1
1999_06_STL_ATL,1999,REG,6,1999-10-17,Sunday,,STL,41,ATL,13,Home,0,-6,7,7,1
1999_06_OAK_BUF,1999,REG,6,1999-10-17,Sunday,,OAK,20,BUF,14,Home,0,3.5,7,7,0
1999_06_PHI_CHI,1999,REG,6,1999-10-17,Sunday,,PHI,20,CHI,16,Home,0,6.5,7,7,0
1999_06_PIT_CIN,1999,REG,6,1999-10-17,Sunday,,PIT,17,CIN,3,Home,0,-5,7,7,1
1999_06_GB_DEN,1999,REG,6,1999-10-17,Sunday,,GB,10,DEN,31,Home,0,-3.5,7,7,0
1999_06_MIN_DET,1999,REG,6,1999-10-17,Sunday,,MIN,23,DET,25,Home,0,-3.5,7,7,1
1999_06_CLE_JAX,1999,REG,6,1999-10-17,Sunday,,CLE,7,JAX,24,Home,0,17.5,7,6,1
1999_06_MIA_NE,1999,REG,6,1999-10-17,Sunday,,MIA,31,NE,30,Home,0,2.5,7,7,1
1999_06_TEN_NO,1999,REG,6,1999-10-17,Sunday,,TEN,24,NO,21,Home,0,-3,7,7,0
1999_06_IND_NYJ,1999,REG,6,1999-10-17,Sunday,,IND,16,NYJ,13,Home,0,-2.5,7,6,1
1999_06_SEA_SD,1999,REG,6,1999-10-17,Sunday,,SEA,10,SD,13,Home,0,-1.5,14,7,1
1999_06_CAR_SF,1999,REG,6,1999-10-17,Sunday,,CAR,31,SF,29,Home,0,5,14,7,1
1999_06_DAL_NYG,1999,REG,6,1999-10-18,Monday,,DAL,10,NYG,13,Home,0,-3,8,8,1
1999_07_KC_BAL,1999,REG,7,1999-10-21,Thursday,,KC,35,BAL,8,Home,0,-1,11,11,0
1999_07_DET_CAR,1999,REG,7,1999-10-24,Sunday,,DET,24,CAR,9,Home,0,4.5,7,7,0
1999_07_WAS_DAL,1999,REG,7,1999-10-24,Sunday,,WAS,20,DAL,38,Home,0,2,7,6,1
1999_07_CIN_IND,1999,REG,7,1999-10-24,Sunday,,CIN,10,IND,31,Home,0,11,7,7,0
1999_07_PHI_MIA,1999,REG,7,1999-10-24,Sunday,,PHI,13,MIA,16,Home,0,9,7,7,0
1999_07_SF_MIN,1999,REG,7,1999-10-24,Sunday,,SF,16,MIN,40,Home,0,7,7,7,0
1999_07_DEN_NE,1999,REG,7,1999-10-24,Sunday,,DEN,23,NE,24,Home,0,3.5,7,7,0
1999_07_NO_NYG,1999,REG,7,1999-10-24,Sunday,,NO,3,NYG,31,Home,0,3,7,6,0
1999_07_NYJ_OAK,1999,REG,7,1999-10-24,Sunday,,NYJ,23,OAK,24,Home,0,6.5,7,7,0
1999_07_GB_SD,1999,REG,7,1999-10-24,Sunday,,GB,31,SD,3,Home,0,-3,7,7,0
1999_07_BUF_SEA,1999,REG,7,1999-10-24,Sunday,,BUF,16,SEA,26,Home,0,2.5,7,7,0
1999_07_CLE_STL,1999,REG,7,1999-10-24,Sunday,,CLE,3,STL,34,Home,0,18.5,7,7,0
1999_07_CHI_TB,1999,REG,7,1999-10-24,Sunday,,CHI,3,TB,6,Home,0,8,7,14,1
1999_07_ATL_PIT,1999,REG,7,1999-10-25,Monday,,ATL,9,PIT,13,Home,0,5.5,8,8,0
1999_08_NE_ARI,1999,REG,8,1999-10-31,Sunday,,NE,27,ARI,3,Home,0,-3,7,14,0
1999_08_CAR_ATL,1999,REG,8,1999-10-31,Sunday,,CAR,20,ATL,27,Home,0,2,7,6,1
1999_08_BUF_BAL,1999,REG,8,1999-10-31,Sunday,,BUF,13,BAL,10,Home,0,-3.5,7,10,0
1999_08_JAX_CIN,1999,REG,8,1999-10-31,Sunday,,JAX,41,CIN,10,Home,0,-12.5,14,7,1
1999_08_MIN_DEN,1999,REG,8,1999-10-31,Sunday,,MIN,23,DEN,20,Home,0,-2.5,7,7,0
1999_08_TB_DET,1999,REG,8,1999-10-31,Sunday,,TB,3,DET,20,Home,0,-2.5,7,7,1
1999_08_DAL_IND,1999,REG,8,1999-10-31,Sunday,,DAL,24,IND,34,Home,0,3,7,7,0
1999_08_SD_KC,1999,REG,8,1999-10-31,Sunday,,SD,0,KC,34,Home,0,6,7,10,1
1999_08_CLE_NO,1999,REG,8,1999-10-31,Sunday,,CLE,21,NO,16,Home,0,9.5,7,7,0
1999_08_MIA_OAK,1999,REG,8,1999-10-31,Sunday,,MIA,16,OAK,9,Home,0,3,7,7,0
1999_08_NYG_PHI,1999,REG,8,1999-10-31,Sunday,,NYG,23,PHI,17,Home,1,-2.5,7,7,1
1999_08_STL_TEN,1999,REG,8,1999-10-31,Sunday,,STL,21,TEN,24,Home,0,-3,7,14,0
1999_08_CHI_WAS,1999,REG,8,1999-10-31,Sunday,,CHI,22,WAS,48,Home,0,8.5,7,7,0
1999_08_SEA_GB,1999,REG,8,1999-11-01,Monday,,SEA,27,GB,7,Home,0,5.5,8,8,0
1999_09_JAX_ATL,1999,REG,9,1999-11-07,Sunday,,JAX,30,ATL,7,Home,0,-6,7,7,0
1999_09_PHI_CAR,1999,REG,9,1999-11-07,Sunday,,PHI,7,CAR,33,Home,0,5,7,7,0
1999_09_BAL_CLE,1999,REG,9,1999-11-07,Sunday,,BAL,41,CLE,9,Home,0,-3.5,7,7,1
1999_09_STL_DET,1999,REG,9,1999-11-07,Sunday,,STL,27,DET,31,Home,0,-4,7,7,0
1999_09_CHI_GB,1999,REG,9,1999-11-07,Sunday,,CHI,14,GB,13,Home,0,9,7,6,1
1999_09_KC_IND,1999,REG,9,1999-11-07,Sunday,,KC,17,IND,25,Home,0,4,7,7,0
1999_09_TEN_MIA,1999,REG,9,1999-11-07,Sunday,,TEN,0,MIA,17,Home,0,3,7,7,0
1999_09_TB_NO,1999,REG,9,1999-11-07,Sunday,,TB,31,NO,16,Home,0,-3.5,7,7,0
1999_09_ARI_NYJ,1999,REG,9,1999-11-07,Sunday,,ARI,7,NYJ,12,Home,0,7,7,14,0
1999_09_DEN_SD,1999,REG,9,1999-11-07,Sunday,,DEN,33,SD,17,Home,0,0,7,7,1
1999_09_CIN_SEA,1999,REG,9,1999-11-07,Sunday,,CIN,20,SEA,37,Home,0,14,7,6,0
1999_09_PIT_SF,1999,REG,9,1999-11-07,Sunday,,PIT,27,SF,6,Home,0,2.5,13,14,0
1999_09_BUF_WAS,1999,REG,9,1999-11-07,Sunday,,BUF,34,WAS,17,Home,0,4,7,7,0
1999_09_DAL_MIN,1999,REG,9,1999-11-08,Monday,,DAL,17,MIN,27,Home,0,6.5,8,8,0
1999_10_DET_ARI,1999,REG,10,1999-11-14,Sunday,,DET,19,ARI,23,Home,0,-5.5,7,7,0
1999_10_MIA_BUF,1999,REG,10,1999-11-14,Sunday,,MIA,3,BUF,23,Home,0,3,7,7,1
1999_10_MIN_CHI,1999,REG,10,1999-11-14,Sunday,,MIN,27,CHI,24,Home,1,-6.5,6,7,1
1999_10_TEN_CIN,1999,REG,10,1999-11-14,Sunday,,TEN,24,CIN,14,Home,0,-10,7,7,1
1999_10_GB_DAL,1999,REG,10,1999-11-14,Sunday,,GB,13,DAL,27,Home,0,-3,7,6,0
1999_10_BAL_JAX,1999,REG,10,1999-11-14,Sunday,,BAL,3,JAX,6,Home,0,13,7,7,1
1999_10_SF_NO,1999,REG,10,1999-11-14,Sunday,,SF,6,NO,24,Home,0,-1,7,7,1
1999_10_IND_NYG,1999,REG,10,1999-11-14,Sunday,,IND,27,NYG,19,Home,0,-3,7,14,0
1999_10_SD_OAK,1999,REG,10,1999-11-14,Sunday,,SD,9,OAK,28,Home,0,7,7,14,1
1999_10_WAS_PHI,1999,REG,10,1999-11-14,Sunday,,WAS,28,PHI,35,Home,0,-6,7,7,1
1999_10_CLE_PIT,1999,REG,10,1999-11-14,Sunday,,CLE,16,PIT,15,Home,0,14.5,7,7,1
1999_10_DEN_SEA,1999,REG,10,1999-11-14,Sunday,,DEN,17,SEA,20,Home,0,5.5,7,7,1
1999_10_CAR_STL,1999,REG,10,1999-11-14,Sunday,,CAR,10,STL,35,Home,0,10,7,7,1
1999_10_KC_TB,1999,REG,10,1999-11-14,Sunday,,KC,10,TB,17,Home,0,3,7,7,0
1999_10_NYJ_NE,1999,REG,10,1999-11-15,Monday,,NYJ,24,NE,17,Home,0,6,8,15,1
1999_11_DAL_ARI,1999,REG,11,1999-11-21,Sunday,,DAL,9,ARI,13,Home,0,-1.5,7,7,1
1999_11_BAL_CIN,1999,REG,11,1999-11-21,Sunday,,BAL,34,CIN,31,Home,0,-5,7,7,1
1999_11_CAR_CLE,1999,REG,11,1999-11-21,Sunday,,CAR,31,CLE,17,Home,0,-5.5,7,7,0
1999_11_DET_GB,1999,REG,11,1999-11-21,Sunday,,DET,17,GB,26,Home,0,4,7,7,1
1999_11_NO_JAX,1999,REG,11,1999-11-21,Sunday,,NO,23,JAX,41,Home,0,12.5,7,7,0
1999_11_SEA_KC,1999,REG,11,1999-11-21,Sunday,,SEA,31,KC,19,Home,0,3,7,7,1
1999_11_NE_MIA,1999,REG,11,1999-11-21,Sunday,,NE,17,MIA,27,Home,0,3.5,6,7,1
1999_11_BUF_NYJ,1999,REG,11,1999-11-21,Sunday,,BUF,7,NYJ,17,Home,0,-2.5,7,6,1
1999_11_IND_PHI,1999,REG,11,1999-11-21,Sunday,,IND,44,PHI,17,Home,0,-7,7,7,0
1999_11_CHI_SD,1999,REG,11,1999-11-21,Sunday,,CHI,23,SD,20,Home,1,0,7,7,0
1999_11_STL_SF,1999,REG,11,1999-11-21,Sunday,,STL,23,SF,7,Home,0,-7.5,7,7,1
1999_11_ATL_TB,1999,REG,11,1999-11-21,Sunday,,ATL,10,TB,19,Home,0,7,14,7,0
1999_11_PIT_TEN,1999,REG,11,1999-11-21,Sunday,,PIT,10,TEN,16,Home,0,5.5,7,7,1
1999_11_NYG_WAS,1999,REG,11,1999-11-21,Sunday,,NYG,13,WAS,23,Home,0,5.5,7,7,1
1999_11_OAK_DEN,1999,REG,11,1999-11-22,Monday,,OAK,21,DEN,27,Home,1,1.5,8,8,1
1999_12_MIA_DAL,1999,REG,12,1999-11-25,Thursday,,MIA,0,DAL,20,Home,0,1.5,4,4,0
1999_12_CHI_DET,1999,REG,12,1999-11-25,Thursday,,CHI,17,DET,21,Home,0,6,4,4,1
1999_12_JAX_BAL,1999,REG,12,1999-11-28,Sunday,,JAX,30,BAL,23,Home,0,-7,7,7,1
1999_12_NE_BUF,1999,REG,12,1999-11-28,Sunday,,NE,7,BUF,17,Home,0,4,7,7,1
1999_12_ATL_CAR,1999,REG,12,1999-11-28,Sunday,,ATL,28,CAR,34,Home,0,4.5,7,7,1
1999_12_TEN_CLE,1999,REG,12,1999-11-28,Sunday,,TEN,33,CLE,21,Home,0,-10.5,7,7,1
1999_12_NYJ_IND,1999,REG,12,1999-11-28,Sunday,,NYJ,6,IND,13,Home,0,7,7,7,1
1999_12_SD_MIN,1999,REG,12,1999-11-28,Sunday,,SD,27,MIN,35,Home,0,13.5,7,14,0
1999_12_ARI_NYG,1999,REG,12,1999-11-28,Sunday,,ARI,34,NYG,24,Home,0,4.5,7,7,1
1999_12_KC_OAK,1999,REG,12,1999-11-28,Sunday,,KC,37,OAK,34,Home,0,3.5,7,6,1
1999_12_CIN_PIT,1999,REG,12,1999-11-28,Sunday,,CIN,27,PIT,20,Home,0,11,7,7,1
1999_12_TB_SEA,1999,REG,12,1999-11-28,Sunday,,TB,16,SEA,3,Home,0,6,7,7,0
1999_12_NO_STL,1999,REG,12,1999-11-28,Sunday,,NO,12,STL,43,Home,0,14,7,7,1
1999_12_PHI_WAS,1999,REG,12,1999-11-28,Sunday,,PHI,17,WAS,20,Home,1,10,7,7,1
1999_12_GB_SF,1999,REG,12,1999-11-29,Monday,,GB,20,SF,3,Home,0,-6,8,8,0
1999_13_PIT_JAX,1999,REG,13,1999-12-02,Thursday,,PIT,6,JAX,20,Home,0,10.5,4,4,1
1999_13_PHI_ARI,1999,REG,13,1999-12-05,Sunday,,PHI,17,ARI,21,Home,0,7,7,7,1
1999_13_NO_ATL,1999,REG,13,1999-12-05,Sunday,,NO,12,ATL,35,Home,0,4,7,7,1
1999_13_TEN_BAL,1999,REG,13,1999-12-05,Sunday,,TEN,14,BAL,41,Home,0,-3.5,7,7,1
1999_13_STL_CAR,1999,REG,13,1999-12-05,Sunday,,STL,34,CAR,21,Home,0,-7,7,7,1
1999_13_GB_CHI,1999,REG,13,1999-12-05,Sunday,,GB,35,CHI,19,Home,0,-3.5,6,10,1
1999_13_SF_CIN,1999,REG,13,1999-12-05,Sunday,,SF,30,CIN,44,Home,0,3,6,7,0
1999_13_KC_DEN,1999,REG,13,1999-12-05,Sunday,,KC,16,DEN,10,Home,0,3.5,7,13,1
1999_13_WAS_DET,1999,REG,13,1999-12-05,Sunday,,WAS,17,DET,33,Home,0,3.5,7,10,0
1999_13_IND_MIA,1999,REG,13,1999-12-05,Sunday,,IND,37,MIA,34,Home,0,2,7,10,1
1999_13_DAL_NE,1999,REG,13,1999-12-05,Sunday,,DAL,6,NE,13,Home,0,2,10,7,0
1999_13_NYJ_NYG,1999,REG,13,1999-12-05,Sunday,,NYJ,28,NYG,41,Home,0,-2.5,7,7,0
1999_13_SEA_OAK,1999,REG,13,1999-12-05,Sunday,,SEA,21,OAK,30,Home,0,1,7,7,1
1999_13_CLE_SD,1999,REG,13,1999-12-05,Sunday,,CLE,10,SD,23,Home,0,7.5,7,7,0
1999_13_MIN_TB,1999,REG,13,1999-12-06,Monday,,MIN,17,TB,24,Home,0,-2.5,8,8,1
1999_14_OAK_TEN,1999,REG,14,1999-12-09,Thursday,,OAK,14,TEN,21,Home,0,3,4,4,0
1999_14_NYG_BUF,1999,REG,14,1999-12-12,Sunday,,NYG,19,BUF,17,Home,0,8,7,14,0
1999_14_CLE_CIN,1999,REG,14,1999-12-12,Sunday,,CLE,28,CIN,44,Home,0,7,7,7,1
1999_14_PHI_DAL,1999,REG,14,1999-12-12,Sunday,,PHI,10,DAL,20,Home,0,9,7,7,1
1999_14_CAR_GB,1999,REG,14,1999-12-12,Sunday,,CAR,33,GB,31,Home,0,8,7,7,0
1999_14_NE_IND,1999,REG,14,1999-12-12,Sunday,,NE,15,IND,20,Home,0,7,7,7,1
1999_14_MIN_KC,1999,REG,14,1999-12-12,Sunday,,MIN,28,KC,31,Home,0,1,6,7,0
1999_14_STL_NO,1999,REG,14,1999-12-12,Sunday,,STL,30,NO,14,Home,0,-10.5,7,7,1
1999_14_MIA_NYJ,1999,REG,14,1999-12-12,Sunday,,MIA,20,NYJ,28,Home,0,-3,7,7,1
1999_14_BAL_PIT,1999,REG,14,1999-12-12,Sunday,,BAL,31,PIT,24,Home,0,1.5,7,10,1
1999_14_SD_SEA,1999,REG,14,1999-12-12,Sunday,,SD,19,SEA,16,Home,0,9.5,7,7,1
1999_14_ATL_SF,1999,REG,14,1999-12-12,Sunday,,ATL,7,SF,26,Home,0,-3,7,7,1
1999_14_DET_TB,1999,REG,14,1999-12-12,Sunday,,DET,16,TB,23,Home,0,4,7,6,1
1999_14_ARI_WAS,1999,REG,14,1999-12-12,Sunday,,ARI,3,WAS,28,Home,0,5.5,7,7,1
1999_14_DEN_JAX,1999,REG,14,1999-12-13,Monday,,DEN,24,JAX,27,Home,0,9,8,11,0
1999_15_SF_CAR,1999,REG,15,1999-12-18,Saturday,,SF,24,CAR,41,Home,0,7.5,6,6,1
1999_15_PIT_KC,1999,REG,15,1999-12-18,Saturday,,PIT,19,KC,35,Home,0,8.5,6,6,0
1999_15_BUF_ARI,1999,REG,15,1999-12-19,Sunday,,BUF,31,ARI,21,Home,0,-3,7,7,0
1999_15_NO_BAL,1999,REG,15,1999-12-19,Sunday,,NO,8,BAL,31,Home,0,8.5,7,7,0
1999_15_DET_CHI,1999,REG,15,1999-12-19,Sunday,,DET,10,CHI,28,Home,0,-3,7,14,1
1999_15_JAX_CLE,1999,REG,15,1999-12-19,Sunday,,JAX,24,CLE,14,Home,0,-14.5,6,7,1
1999_15_NYJ_DAL,1999,REG,15,1999-12-19,Sunday,,NYJ,22,DAL,21,Home,0,6,7,7,0
1999_15_SEA_DEN,1999,REG,15,1999-12-19,Sunday,,SEA,30,DEN,36,Home,1,1.5,7,6,1
1999_15_WAS_IND,1999,REG,15,1999-12-19,Sunday,,WAS,21,IND,24,Home,0,6.5,7,7,0
1999_15_SD_MIA,1999,REG,15,1999-12-19,Sunday,,SD,9,MIA,12,Home,0,7.5,7,7,0
1999_15_TB_OAK,1999,REG,15,1999-12-19,Sunday,,TB,0,OAK,45,Home,0,-1,7,10,0
1999_15_NE_PHI,1999,REG,15,1999-12-19,Sunday,,NE,9,PHI,24,Home,0,-3.5,7,7,0
1999_15_NYG_STL,1999,REG,15,1999-12-19,Sunday,,NYG,10,STL,31,Home,0,10.5,7,7,0
1999_15_ATL_TEN,1999,REG,15,1999-12-19,Sunday,,ATL,17,TEN,30,Home,0,10,7,10,0
1999_15_GB_MIN,1999,REG,15,1999-12-20,Monday,,GB,20,MIN,24,Home,0,4.5,8,8,1
1999_16_DAL_NO,1999,REG,16,1999-12-24,Friday,,DAL,24,NO,31,Home,0,-8.5,5,5,0
1999_16_DEN_DET,1999,REG,16,1999-12-25,Saturday,,DEN,17,DET,7,Home,0,4.5,6,6,0
1999_16_ARI_ATL,1999,REG,16,1999-12-26,Sunday,,ARI,14,ATL,37,Home,0,2,7,7,0
1999_16_CIN_BAL,1999,REG,16,1999-12-26,Sunday,,CIN,0,BAL,22,Home,0,7,14,7,1
1999_16_IND_CLE,1999,REG,16,1999-12-26,Sunday,,IND,29,CLE,28,Home,0,-13.5,7,7,0
1999_16_BUF_NE,1999,REG,16,1999-12-26,Sunday,,BUF,13,NE,10,Home,1,-3,7,7,1
1999_16_MIN_NYG,1999,REG,16,1999-12-26,Sunday,,MIN,34,NYG,17,Home,0,-2.5,6,7,0
1999_16_CAR_PIT,1999,REG,16,1999-12-26,Sunday,,CAR,20,PIT,30,Home,0,-3.5,8,8,0
1999_16_OAK_SD,1999,REG,16,1999-12-26,Sunday,,OAK,20,SD,23,Home,0,-3,7,7,1
1999_16_KC_SEA,1999,REG,16,1999-12-26,Sunday,,KC,14,SEA,23,Home,0,3,8,7,1
1999_16_WAS_SF,1999,REG,16,1999-12-26,Sunday,,WAS,26,SF,20,Home,1,-7,7,8,0
1999_16_CHI_STL,1999,REG,16,1999-12-26,Sunday,,CHI,12,STL,34,Home,0,10,7,7,0
1999_16_GB_TB,1999,REG,16,1999-12-26,Sunday,,GB,10,TB,29,Home,0,3.5,6,7,1
1999_16_JAX_TEN,1999,REG,16,1999-12-26,Sunday,,JAX,14,TEN,41,Home,0,-3,7,7,1
1999_16_NYJ_MIA,1999,REG,16,1999-12-27,Monday,,NYJ,38,MIA,31,Home,0,3.5,8,8,1
1999_17_IND_BUF,1999,REG,17,2000-01-02,Sunday,,IND,6,BUF,31,Home,0,-1.5,7,7,1
1999_17_NO_CAR,1999,REG,17,2000-01-02,Sunday,,NO,13,CAR,45,Home,0,8.5,9,7,1
1999_17_TB_CHI,1999,REG,17,2000-01-02,Sunday,,TB,20,CHI,6,Home,0,-3.5,7,7,1
1999_17_NYG_DAL,1999,REG,17,2000-01-02,Sunday,,NYG,18,DAL,26,Home,0,6.5,7,9,1
1999_17_SD_DEN,1999,REG,17,2000-01-02,Sunday,,SD,12,DEN,6,Home,0,7,7,8,1
1999_17_ARI_GB,1999,REG,17,2000-01-02,Sunday,,ARI,24,GB,49,Home,0,7.5,7,7,0
1999_17_CIN_JAX,1999,REG,17,2000-01-02,Sunday,,CIN,7,JAX,24,Home,0,9,7,7,1
1999_17_OAK_KC,1999,REG,17,2000-01-02,Sunday,,OAK,41,KC,38,Home,1,5,7,7,1
1999_17_DET_MIN,1999,REG,17,2000-01-02,Sunday,,DET,17,MIN,24,Home,0,7,8,7,1
1999_17_BAL_NE,1999,REG,17,2000-01-02,Sunday,,BAL,3,NE,20,Home,0,-1,7,7,0
1999_17_SEA_NYJ,1999,REG,17,2000-01-02,Sunday,,SEA,9,NYJ,19,Home,0,1,7,6,0
1999_17_STL_PHI,1999,REG,17,2000-01-02,Sunday,,STL,31,PHI,38,Home,0,-8,7,14,0
1999_17_TEN_PIT,1999,REG,17,2000-01-02,Sunday,,TEN,47,PIT,36,Home,0,-4,7,7,1
1999_17_MIA_WAS,1999,REG,17,2000-01-02,Sunday,,MIA,10,WAS,21,Home,0,3,6,7,0
1999_17_SF_ATL,1999,REG,17,2000-01-03,Monday,,SF,29,ATL,34,Home,0,6.5,8,8,1
1999_18_BUF_TEN,1999,WC,18,2000-01-08,Saturday,,BUF,16,TEN,22,Home,0,5,6,6,0
1999_18_DET_WAS,1999,WC,18,2000-01-08,Saturday,,DET,13,WAS,27,Home,0,6,6,6,0
1999_18_DAL_MIN,1999,WC,18,2000-01-09,Sunday,,DAL,10,MIN,27,Home,0,7,7,7,0
1999_18_MIA_SEA,1999,WC,18,2000-01-09,Sunday,,MIA,20,SEA,17,Home,0,3.5,7,7,0
1999_19_MIA_JAX,1999,DIV,19,2000-01-15,Saturday,,MIA,7,JAX,62,Home,0,8,6,13,0
1999_19_WAS_TB,1999,DIV,19,2000-01-15,Saturday,,WAS,13,TB,14,Home,0,4.5,7,13,0
1999_19_TEN_IND,1999,DIV,19,2000-01-16,Sunday,,TEN,19,IND,16,Home,0,5.5,8,14,0
1999_19_MIN_STL,1999,DIV,19,2000-01-16,Sunday,,MIN,37,STL,49,Home,0,7,7,14,0
1999_20_TEN_JAX,1999,CON,20,2000-01-23,Sunday,,TEN,33,JAX,14,Home,0,7,7,8,1
1999_20_TB_STL,1999,CON,20,2000-01-23,Sunday,,TB,6,STL,11,Home,0,14,8,7,0
1999_21_STL_TEN,1999,SB,21,2000-01-30,Sunday,,STL,23,TEN,16,Neutral,0,-7,7,7,0
2000_01_SF_ATL,2000,REG,1,2000-09-03,Sunday,13:00,SF,28,ATL,36,Home,0,6.5,7,7,1
2000_01_JAX_CLE,2000,REG,1,2000-09-03,Sunday,13:00,JAX,27,CLE,7,Home,0,-10.5,7,7,1
2000_01_IND_KC,2000,REG,1,2000-09-03,Sunday,13:00,IND,27,KC,14,Home,0,-3.5,7,7,0
2000_01_CHI_MIN,2000,REG,1,2000-09-03,Sunday,13:00,CHI,27,MIN,30,Home,0,4.5,7,7,1
2000_01_TB_NE,2000,REG,1,2000-09-03,Sunday,13:00,TB,21,NE,16,Home,0,-3,7,7,0
2000_01_DET_NO,2000,REG,1,2000-09-03,Sunday,13:00,DET,14,NO,10,Home,0,0,7,7,0
2000_01_ARI_NYG,2000,REG,1,2000-09-03,Sunday,13:00,ARI,16,NYG,21,Home,0,6.5,7,7,1
2000_01_BAL_PIT,2000,REG,1,2000-09-03,Sunday,13:00,BAL,16,PIT,0,Home,0,-2.5,7,7,1
2000_01_CAR_WAS,2000,REG,1,2000-09-03,Sunday,13:00,CAR,17,WAS,20,Home,0,10.5,7,7,0
2000_01_PHI_DAL,2000,REG,1,2000-09-03,Sunday,16:05,PHI,41,DAL,14,Home,0,6,7,7,1
2000_01_NYJ_GB,2000,REG,1,2000-09-03,Sunday,16:15,NYJ,20,GB,16,Home,0,2.5,7,7,0
2000_01_SEA_MIA,2000,REG,1,2000-09-03,Sunday,16:15,SEA,0,MIA,23,Home,0,2,7,7,0
2000_01_SD_OAK,2000,REG,1,2000-09-03,Sunday,16:15,SD,6,OAK,9,Home,0,6.5,7,7,1
2000_01_TEN_BUF,2000,REG,1,2000-09-03,Sunday,20:20,TEN,13,BUF,16,Home,0,1,7,7,0
2000_01_DEN_STL,2000,REG,1,2000-09-04,Monday,09:00,DEN,36,STL,41,Home,0,6.5,7,7,0
2000_02_OAK_IND,2000,REG,2,2000-09-10,Sunday,12:00,OAK,38,IND,31,Home,0,6.5,7,7,0
2000_02_JAX_BAL,2000,REG,2,2000-09-10,Sunday,13:00,JAX,36,BAL,39,Home,0,3,7,7,1
2000_02_GB_BUF,2000,REG,2,2000-09-10,Sunday,13:00,GB,18,BUF,27,Home,0,6,7,7,0
2000_02_CLE_CIN,2000,REG,2,2000-09-10,Sunday,13:00,CLE,24,CIN,7,Home,0,6,7,14,1
2000_02_MIA_MIN,2000,REG,2,2000-09-10,Sunday,13:00,MIA,7,MIN,13,Home,0,3,7,7,0
2000_02_NYG_PHI,2000,REG,2,2000-09-10,Sunday,13:00,NYG,33,PHI,18,Home,0,3,7,7,1
2000_02_CHI_TB,2000,REG,2,2000-09-10,Sunday,13:00,CHI,0,TB,41,Home,0,7,7,7,1
2000_02_KC_TEN,2000,REG,2,2000-09-10,Sunday,13:00,KC,14,TEN,17,Home,1,8.5,7,7,0
2000_02_ATL_DEN,2000,REG,2,2000-09-10,Sunday,16:15,ATL,14,DEN,42,Home,0,4.5,7,6,0
2000_02_WAS_DET,2000,REG,2,2000-09-10,Sunday,16:15,WAS,10,DET,15,Home,0,-5.5,7,7,0
2000_02_NO_SD,2000,REG,2,2000-09-10,Sunday,16:15,NO,28,SD,27,Home,0,5.5,7,7,0
2000_02_STL_SEA,2000,REG,2,2000-09-10,Sunday,16:15,STL,37,SEA,34,Home,0,-7.5,6,7,0
2000_02_CAR_SF,2000,REG,2,2000-09-10,Sunday,16:15,CAR,38,SF,22,Home,0,-3,7,7,1
2000_02_DAL_ARI,2000,REG,2,2000-09-10,Sunday,20:20,DAL,31,ARI,32,Home,0,3,7,7,1
2000_02_NE_NYJ,2000,REG,2,2000-09-11,Monday,09:00,NE,19,NYJ,20,Home,0,6.5,8,8,1
2000_03_ATL_CAR,2000,REG,3,2000-09-17,Sunday,13:00,ATL,15,CAR,10,Home,0,6,7,7,1
2000_03_PIT_CLE,2000,REG,3,2000-09-17,Sunday,13:00,PIT,20,CLE,23,Home,0,-2.5,14,7,1
2000_03_TB_DET,2000,REG,3,2000-09-17,Sunday,13:00,TB,31,DET,10,Home,0,-3,7,7,1
2000_03_PHI_GB,2000,REG,3,2000-09-17,Sunday,13:00,PHI,3,GB,6,Home,0,4,7,7,0
2000_03_CIN_JAX,2000,REG,3,2000-09-17,Sunday,13:00,CIN,0,JAX,13,Home,0,13,7,7,1
2000_03_SD_KC,2000,REG,3,2000-09-17,Sunday,13:00,SD,10,KC,42,Home,0,4.5,7,7,1
2000_03_BUF_NYJ,2000,REG,3,2000-09-17,Sunday,13:00,BUF,14,NYJ,27,Home,0,1,7,6,1
2000_03_SF_STL,2000,REG,3,2000-09-17,Sunday,13:00,SF,24,STL,41,Home,0,17,7,7,1
2000_03_DEN_OAK,2000,REG,3,2000-09-17,Sunday,16:05,DEN,33,OAK,24,Home,0,3,7,7,1
2000_03_NYG_CHI,2000,REG,3,2000-09-17,Sunday,16:15,NYG,14,CHI,7,Home,0,2,7,7,0
2000_03_MIN_NE,2000,REG,3,2000-09-17,Sunday,16:15,MIN,21,NE,13,Home,0,1.5,7,6,0
2000_03_NO_SEA,2000,REG,3,2000-09-17,Sunday,16:15,NO,10,SEA,20,Home,0,6,7,7,0
2000_03_BAL_MIA,2000,REG,3,2000-09-17,Sunday,20:20,BAL,6,MIA,19,Home,0,-1.5,7,7,0
2000_03_DAL_WAS,2000,REG,3,2000-09-18,Monday,09:00,DAL,27,WAS,21,Home,0,10.5,8,8,1
2000_04_STL_ATL,2000,REG,4,2000-09-24,Sunday,13:00,STL,41,ATL,20,Home,0,-6.5,7,7,1
2000_04_CIN_BAL,2000,REG,4,2000-09-24,Sunday,13:00,CIN,0,BAL,37,Home,0,11.5,7,7,1
2000_04_DET_CHI,2000,REG,4,2000-09-24,Sunday,13:00,DET,21,CHI,14,Home,0,1,7,7,1
2000_04_SF_DAL,2000,REG,4,2000-09-24,Sunday,13:00,SF,41,DAL,24,Home,0,6.5,7,6,0
2000_04_NE_MIA,2000,REG,4,2000-09-24,Sunday,13:00,NE,3,MIA,10,Home,0,4.5,7,7,1
2000_04_PHI_NO,2000,REG,4,2000-09-24,Sunday,13:00,PHI,21,NO,7,Home,0,1.5,7,7,0
2000_04_TEN_PIT,2000,REG,4,2000-09-24,Sunday,13:00,TEN,23,PIT,20,Home,0,-7,14,7,1
2000_04_GB_ARI,2000,REG,4,2000-09-24,Sunday,15:05,GB,29,ARI,3,Home,0,1,7,14,0
2000_04_KC_DEN,2000,REG,4,2000-09-24,Sunday,16:15,KC,23,DEN,22,Home,0,7,7,7,1
2000_04_CLE_OAK,2000,REG,4,2000-09-24,Sunday,16:15,CLE,10,OAK,36,Home,0,10.5,7,7,0
2000_04_SEA_SD,2000,REG,4,2000-09-24,Sunday,16:15,SEA,20,SD,12,Home,0,-2.5,7,7,1
2000_04_NYJ_TB,2000,REG,4,2000-09-24,Sunday,16:15,NYJ,21,TB,17,Home,0,7,7,7,0
2000_04_WAS_NYG,2000,REG,4,2000-09-24,Sunday,20:20,WAS,16,NYG,6,Home,0,1,6,7,1
2000_04_JAX_IND,2000,REG,4,2000-09-25,Monday,09:00,JAX,14,IND,43,Home,0,3.5,8,15,0
2000_05_IND_BUF,2000,REG,5,2000-10-01,Sunday,13:00,IND,18,BUF,16,Home,0,1.5,6,14,1
2000_05_DAL_CAR,2000,REG,5,2000-10-01,Sunday,13:00,DAL,16,CAR,13,Home,1,6.5,7,14,0
2000_05_BAL_CLE,2000,REG,5,2000-10-01,Sunday,13:00,BAL,12,CLE,0,Home,0,-8.5,7,7,1
2000_05_MIN_DET,2000,REG,5,2000-10-01,Sunday,13:00,MIN,31,DET,24,Home,0,1,14,7,1
2000_05_PIT_JAX,2000,REG,5,2000-10-01,Sunday,13:00,PIT,24,JAX,13,Home,0,11,7,6,1
2000_05_SD_STL,2000,REG,5,2000-10-01,Sunday,13:00,SD,31,STL,57,Home,0,17,7,7,0
2000_05_NYG_TEN,2000,REG,5,2000-10-01,Sunday,13:00,NYG,14,TEN,28,Home,0,5,7,7,0
2000_05_MIA_CIN,2000,REG,5,2000-10-01,Sunday,16:05,MIA,31,CIN,16,Home,0,-7,7,7,0
2000_05_NE_DEN,2000,REG,5,2000-10-01,Sunday,16:05,NE,28,DEN,19,Home,0,8.5,7,7,0
2000_05_CHI_GB,2000,REG,5,2000-10-01,Sunday,16:15,CHI,27,GB,24,Home,0,5.5,7,7,1
2000_05_ARI_SF,2000,REG,5,2000-10-01,Sunday,16:15,ARI,20,SF,27,Home,0,3.5,7,7,0
2000_05_TB_WAS,2000,REG,5,2000-10-01,Sunday,16:15,TB,17,WAS,20,Home,1,1.5,7,7,0
2000_05_ATL_PHI,2000,REG,5,2000-10-01,Sunday,20:20,ATL,10,PHI,38,Home,0,3,7,7,0
2000_05_SEA_KC,2000,REG,5,2000-10-02,Monday,09:00,SEA,17,KC,24,Home,0,4,8,8,1
2000_06_NO_CHI,2000,REG,6,2000-10-08,Sunday,13:00,NO,31,CHI,10,Home,0,5.5,14,7,0
2000_06_TEN_CIN,2000,REG,6,2000-10-08,Sunday,13:00,TEN,23,CIN,14,Home,0,-10,7,7,1
2000_06_GB_DET,2000,REG,6,2000-10-08,Sunday,13:00,GB,24,DET,31,Home,0,3,7,7,1
2000_06_BUF_MIA,2000,REG,6,2000-10-08,Sunday,13:00,BUF,13,MIA,22,Home,0,2,7,7,1
2000_06_IND_NE,2000,REG,6,2000-10-08,Sunday,13:00,IND,16,NE,24,Home,0,-3.5,7,7,1
2000_06_PIT_NYJ,2000,REG,6,2000-10-08,Sunday,13:00,PIT,20,NYJ,3,Home,0,8,7,14,0
2000_06_WAS_PHI,2000,REG,6,2000-10-08,Sunday,13:00,WAS,17,PHI,14,Home,0,-3.5,7,7,1
2000_06_CLE_ARI,2000,REG,6,2000-10-08,Sunday,15:15,CLE,21,ARI,29,Home,0,4.5,7,7,0
2000_06_NYG_ATL,2000,REG,6,2000-10-08,Sunday,16:05,NYG,13,ATL,6,Home,0,1,7,7,0
2000_06_SEA_CAR,2000,REG,6,2000-10-08,Sunday,16:15,SEA,3,CAR,26,Home,0,3.5,6,7,0
2000_06_DEN_SD,2000,REG,6,2000-10-08,Sunday,16:15,DEN,21,SD,7,Home,0,-6.5,7,7,1
2000_06_OAK_SF,2000,REG,6,2000-10-08,Sunday,16:15,OAK,34,SF,28,Home,1,-4.5,14,7,0
2000_06_BAL_JAX,2000,REG,6,2000-10-08,Sunday,20:20,BAL,15,JAX,10,Home,0,2.5,7,7,1
2000_06_TB_MIN,2000,REG,6,2000-10-09,Monday,09:00,TB,23,MIN,30,Home,0,1,8,8,1
2000_07_SD_BUF,2000,REG,7,2000-10-15,Sunday,13:00,SD,24,BUF,27,Home,1,10,7,7,0
2000_07_OAK_KC,2000,REG,7,2000-10-15,Sunday,13:00,OAK,20,KC,17,Home,0,3,7,13,1
2000_07_CAR_NO,2000,REG,7,2000-10-15,Sunday,13:00,CAR,6,NO,24,Home,0,0,7,7,1
2000_07_DAL_NYG,2000,REG,7,2000-10-15,Sunday,13:00,DAL,14,NYG,19,Home,0,4,14,7,1
2000_07_CIN_PIT,2000,REG,7,2000-10-15,Sunday,13:00,CIN,0,PIT,15,Home,0,8.5,7,7,1
2000_07_ATL_STL,2000,REG,7,2000-10-15,Sunday,13:00,ATL,29,STL,45,Home,0,18,7,14,1
2000_07_BAL_WAS,2000,REG,7,2000-10-15,Sunday,13:00,BAL,3,WAS,10,Home,0,3.5,7,7,0
2000_07_PHI_ARI,2000,REG,7,2000-10-15,Sunday,15:15,PHI,33,ARI,14,Home,0,-2.5,7,7,1
2000_07_CLE_DEN,2000,REG,7,2000-10-15,Sunday,16:05,CLE,10,DEN,44,Home,0,12.5,7,7,0
2000_07_NYJ_NE,2000,REG,7,2000-10-15,Sunday,16:05,NYJ,34,NE,17,Home,0,3,7,7,1
2000_07_IND_SEA,2000,REG,7,2000-10-15,Sunday,16:05,IND,37,SEA,24,Home,0,-5.5,7,7,0
2000_07_SF_GB,2000,REG,7,2000-10-15,Sunday,16:15,SF,28,GB,31,Home,0,4.5,7,7,0
2000_07_MIN_CHI,2000,REG,7,2000-10-15,Sunday,20:20,MIN,28,CHI,16,Home,0,-6,6,7,1
2000_07_JAX_TEN,2000,REG,7,2000-10-16,Monday,09:00,JAX,13,TEN,27,Home,0,6,8,8,1
2000_08_DET_TB,2000,REG,8,2000-10-19,Thursday,20:20,DET,28,TB,14,Home,0,8,11,10,1
2000_08_NE_IND,2000,REG,8,2000-10-22,Sunday,12:00,NE,23,IND,30,Home,0,8.5,7,7,1
2000_08_NO_ATL,2000,REG,8,2000-10-22,Sunday,13:00,NO,21,ATL,19,Home,0,-1.5,7,7,1
2000_08_TEN_BAL,2000,REG,8,2000-10-22,Sunday,13:00,TEN,14,BAL,6,Home,0,1,6,7,1
2000_08_SF_CAR,2000,REG,8,2000-10-22,Sunday,13:00,SF,16,CAR,34,Home,0,3,7,7,1
2000_08_DEN_CIN,2000,REG,8,2000-10-22,Sunday,13:00,DEN,21,CIN,31,Home,0,-10,7,7,0
2000_08_ARI_DAL,2000,REG,8,2000-10-22,Sunday,13:00,ARI,7,DAL,48,Home,0,7,7,7,1
2000_08_STL_KC,2000,REG,8,2000-10-22,Sunday,13:00,STL,34,KC,54,Home,0,-7,7,7,0
2000_08_BUF_MIN,2000,REG,8,2000-10-22,Sunday,13:00,BUF,27,MIN,31,Home,0,6.5,7,7,0
2000_08_CHI_PHI,2000,REG,8,2000-10-22,Sunday,13:00,CHI,9,PHI,13,Home,0,6.5,7,7,0
2000_08_SEA_OAK,2000,REG,8,2000-10-22,Sunday,16:05,SEA,3,OAK,31,Home,0,7.5,7,7,1
2000_08_CLE_PIT,2000,REG,8,2000-10-22,Sunday,16:05,CLE,0,PIT,22,Home,0,9,7,7,1
2000_08_WAS_JAX,2000,REG,8,2000-10-22,Sunday,16:15,WAS,35,JAX,16,Home,0,-4,7,6,0
2000_08_MIA_NYJ,2000,REG,8,2000-10-23,Monday,09:00,MIA,37,NYJ,40,Home,1,3,15,8,1
2000_09_CAR_ATL,2000,REG,9,2000-10-29,Sunday,13:00,CAR,12,ATL,13,Home,0,-3,7,7,1
2000_09_PIT_BAL,2000,REG,9,2000-10-29,Sunday,13:00,PIT,9,BAL,6,Home,0,4.5,7,7,1
2000_09_NYJ_BUF,2000,REG,9,2000-10-29,Sunday,13:00,NYJ,20,BUF,23,Home,0,3.5,6,7,1
2000_09_CIN_CLE,2000,REG,9,2000-10-29,Sunday,13:00,CIN,12,CLE,3,Home,0,-3,7,7,1
2000_09_DET_IND,2000,REG,9,2000-10-29,Sunday,13:00,DET,18,IND,30,Home,0,7,10,7,0
2000_09_GB_MIA,2000,REG,9,2000-10-29,Sunday,13:00,GB,20,MIA,28,Home,0,4.5,14,6,0
2000_09_MIN_TB,2000,REG,9,2000-10-29,Sunday,13:00,MIN,13,TB,41,Home,0,3,7,10,1
2000_09_NO_ARI,2000,REG,9,2000-10-29,Sunday,16:05,NO,21,ARI,10,Home,0,-6,7,7,0
2000_09_PHI_NYG,2000,REG,9,2000-10-29,Sunday,16:05,PHI,7,NYG,24,Home,0,3.5,7,14,1
2000_09_STL_SF,2000,REG,9,2000-10-29,Sunday,16:05,STL,34,SF,24,Home,0,-7,7,7,1
2000_09_JAX_DAL,2000,REG,9,2000-10-29,Sunday,16:15,JAX,23,DAL,17,Home,1,4,7,7,0
2000_09_KC_SEA,2000,REG,9,2000-10-29,Sunday,16:15,KC,24,SEA,19,Home,0,-4,7,7,1
2000_09_OAK_SD,2000,REG,9,2000-10-29,Sunday,20:20,OAK,15,SD,13,Home,0,-6.5,7,14,1
2000_09_TEN_WAS,2000,REG,9,2000-10-30,Monday,09:00,TEN,27,WAS,21,Home,0,4,8,8,0
2000_10_TB_ATL,2000,REG,10,2000-11-05,Sunday,13:00,TB,27,ATL,14,Home,0,-7,7,7,0
2000_10_IND_CHI,2000,REG,10,2000-11-05,Sunday,13:00,IND,24,CHI,27,Home,0,-7,7,14,0
2000_10_BAL_CIN,2000,REG,10,2000-11-05,Sunday,13:00,BAL,27,CIN,7,Home,0,-6,7,7,1
2000_10_NYG_CLE,2000,REG,10,2000-11-05,Sunday,13:00,NYG,24,CLE,3,Home,0,-10,7,7,0
2000_10_MIA_DET,2000,REG,10,2000-11-05,Sunday,13:00,MIA,23,DET,8,Home,0,2.5,7,7,0
2000_10_BUF_NE,2000,REG,10,2000-11-05,Sunday,13:00,BUF,16,NE,13,Home,1,2,7,14,1
2000_10_SF_NO,2000,REG,10,2000-11-05,Sunday,13:00,SF,15,NO,31,Home,0,5.5,7,7,1
2000_10_DAL_PHI,2000,REG,10,2000-11-05,Sunday,13:00,DAL,13,PHI,16,Home,1,3,7,7,1
2000_10_PIT_TEN,2000,REG,10,2000-11-05,Sunday,13:00,PIT,7,TEN,9,Home,0,8,7,6,1
2000_10_WAS_ARI,2000,REG,10,2000-11-05,Sunday,16:05,WAS,15,ARI,16,Home,0,-10,6,7,1
2000_10_DEN_NYJ,2000,REG,10,2000-11-05,Sunday,16:15,DEN,30,NYJ,23,Home,0,3,14,7,0
2000_10_KC_OAK,2000,REG,10,2000-11-05,Sunday,16:15,KC,31,OAK,49,Home,0,3.5,7,7,1
2000_10_SD_SEA,2000,REG,10,2000-11-05,Sunday,16:15,SD,15,SEA,17,Home,0,4.5,7,7,1
2000_10_CAR_STL,2000,REG,10,2000-11-05,Sunday,20:20,CAR,27,STL,24,Home,0,13.5,7,7,1
2000_10_MIN_GB,2000,REG,10,2000-11-06,Monday,09:00,MIN,20,GB,26,Home,1,-3.5,8,8,1
2000_11_CHI_BUF,2000,REG,11,2000-11-12,Sunday,13:00,CHI,3,BUF,20,Home,0,7,7,7,0
2000_11_NO_CAR,2000,REG,11,2000-11-12,Sunday,13:00,NO,20,CAR,10,Home,0,-2,7,7,1
2000_11_CIN_DAL,2000,REG,11,2000-11-12,Sunday,13:00,CIN,6,DAL,23,Home,0,8.5,7,7,0
2000_11_ATL_DET,2000,REG,11,2000-11-12,Sunday,13:00,ATL,10,DET,13,Home,0,8.5,7,7,0
2000_11_SEA_JAX,2000,REG,11,2000-11-12,Sunday,13:00,SEA,28,JAX,21,Home,0,7.5,7,14,0
2000_11_ARI_MIN,2000,REG,11,2000-11-12,Sunday,13:00,ARI,14,MIN,31,Home,0,12.5,7,6,0
2000_11_PHI_PIT,2000,REG,11,2000-11-12,Sunday,13:00,PHI,26,PIT,23,Home,1,3.5,7,7,0
2000_11_BAL_TEN,2000,REG,11,2000-11-12,Sunday,13:00,BAL,24,TEN,23,Home,0,4,7,7,1
2000_11_NE_CLE,2000,REG,11,2000-11-12,Sunday,13:05,NE,11,CLE,19,Home,0,-7,7,7,0
2000_11_MIA_SD,2000,REG,11,2000-11-12,Sunday,16:05,MIA,17,SD,7,Home,0,-5,7,7,0
2000_11_KC_SF,2000,REG,11,2000-11-12,Sunday,16:05,KC,7,SF,21,Home,0,-3.5,7,7,0
2000_11_STL_NYG,2000,REG,11,2000-11-12,Sunday,16:15,STL,38,NYG,24,Home,0,-2,7,7,0
2000_11_GB_TB,2000,REG,11,2000-11-12,Sunday,16:15,GB,15,TB,20,Home,0,9,6,7,1
2000_11_NYJ_IND,2000,REG,11,2000-11-12,Sunday,20:20,NYJ,15,IND,23,Home,0,6,7,7,1
2000_11_OAK_DEN,2000,REG,11,2000-11-13,Monday,09:00,OAK,24,DEN,27,Home,0,3,8,8,1
2000_12_TB_CHI,2000,REG,12,2000-11-19,Sunday,13:00,TB,10,CHI,13,Home,0,-8,7,7,1
2000_12_IND_GB,2000,REG,12,2000-11-19,Sunday,13:00,IND,24,GB,26,Home,0,-6,7,7,0
2000_12_BUF_KC,2000,REG,12,2000-11-19,Sunday,13:00,BUF,21,KC,17,Home,0,3,7,7,0
2000_12_CAR_MIN,2000,REG,12,2000-11-19,Sunday,13:00,CAR,17,MIN,31,Home,0,9.5,7,7,0
2000_12_CIN_NE,2000,REG,12,2000-11-19,Sunday,13:00,CIN,13,NE,16,Home,0,7,7,7,0
2000_12_OAK_NO,2000,REG,12,2000-11-19,Sunday,13:00,OAK,31,NO,22,Home,0,-3,6,7,0
2000_12_DET_NYG,2000,REG,12,2000-11-19,Sunday,13:00,DET,31,NYG,21,Home,0,5,7,7,0
2000_12_ARI_PHI,2000,REG,12,2000-11-19,Sunday,13:00,ARI,9,PHI,34,Home,0,7,7,7,1
2000_12_CLE_TEN,2000,REG,12,2000-11-19,Sunday,13:00,CLE,10,TEN,24,Home,0,16,7,7,1
2000_12_SD_DEN,2000,REG,12,2000-11-19,Sunday,16:05,SD,37,DEN,38,Home,0,9.5,7,6,1
2000_12_NYJ_MIA,2000,REG,12,2000-11-19,Sunday,16:05,NYJ,20,MIA,3,Home,0,3.5,7,7,1
2000_12_DAL_BAL,2000,REG,12,2000-11-19,Sunday,16:15,DAL,0,BAL,27,Home,0,7,7,7,0
2000_12_ATL_SF,2000,REG,12,2000-11-19,Sunday,16:15,ATL,6,SF,16,Home,0,5.5,7,7,1
2000_12_JAX_PIT,2000,REG,12,2000-11-19,Sunday,20:20,JAX,34,PIT,24,Home,0,3,7,7,1
2000_12_WAS_STL,2000,REG,12,2000-11-20,Monday,09:00,WAS,33,STL,20,Home,0,5.5,15,8,0
2000_13_NE_DET,2000,REG,13,2000-11-23,Thursday,12:30,NE,9,DET,34,Home,0,6.5,4,4,0
2000_13_MIN_DAL,2000,REG,13,2000-11-23,Thursday,16:05,MIN,27,DAL,15,Home,0,-7,4,4,0
2000_13_CLE_BAL,2000,REG,13,2000-11-26,Sunday,13:00,CLE,7,BAL,44,Home,0,15,7,7,1
2000_13_PIT_CIN,2000,REG,13,2000-11-26,Sunday,13:00,PIT,48,CIN,28,Home,0,-4,7,7,1
2000_13_CHI_NYJ,2000,REG,13,2000-11-26,Sunday,13:00,CHI,10,NYJ,17,Home,0,7,7,7,0
2000_13_NO_STL,2000,REG,13,2000-11-26,Sunday,13:00,NO,31,STL,24,Home,0,13.5,7,6,1
2000_13_BUF_TB,2000,REG,13,2000-11-26,Sunday,13:00,BUF,17,TB,31,Home,0,4,7,7,0
2000_13_PHI_WAS,2000,REG,13,2000-11-26,Sunday,13:00,PHI,23,WAS,20,Home,0,7,7,6,1
2000_13_ATL_OAK,2000,REG,13,2000-11-26,Sunday,16:05,ATL,14,OAK,41,Home,0,11,7,7,0
2000_13_MIA_IND,2000,REG,13,2000-11-26,Sunday,16:15,MIA,17,IND,14,Home,0,5.5,7,7,1
2000_13_TEN_JAX,2000,REG,13,2000-11-26,Sunday,16:15,TEN,13,JAX,16,Home,0,-3,7,7,1
2000_13_KC_SD,2000,REG,13,2000-11-26,Sunday,16:15,KC,16,SD,17,Home,0,-3,7,7,1
2000_13_DEN_SEA,2000,REG,13,2000-11-26,Sunday,16:15,DEN,38,SEA,31,Home,0,-3,7,14,1
2000_13_NYG_ARI,2000,REG,13,2000-11-26,Sunday,20:20,NYG,31,ARI,7,Home,0,-6,7,7,1
2000_13_GB_CAR,2000,REG,13,2000-11-27,Monday,09:00,GB,14,CAR,31,Home,0,0,8,8,0
2000_14_DET_MIN,2000,REG,14,2000-11-30,Thursday,20:20,DET,17,MIN,24,Home,0,9,7,7,1
2000_14_SEA_ATL,2000,REG,14,2000-12-03,Sunday,13:00,SEA,30,ATL,10,Home,0,0,7,7,0
2000_14_MIA_BUF,2000,REG,14,2000-12-03,Sunday,13:00,MIA,33,BUF,6,Home,0,3.5,7,7,1
2000_14_STL_CAR,2000,REG,14,2000-12-03,Sunday,13:00,STL,3,CAR,16,Home,0,-8,7,6,1
2000_14_ARI_CIN,2000,REG,14,2000-12-03,Sunday,13:00,ARI,13,CIN,24,Home,0,4,7,7,0
2000_14_DEN_NO,2000,REG,14,2000-12-03,Sunday,13:00,DEN,38,NO,23,Home,0,0,7,7,0
2000_14_TEN_PHI,2000,REG,14,2000-12-03,Sunday,13:00,TEN,15,PHI,13,Home,0,-3,7,7,0
2000_14_OAK_PIT,2000,REG,14,2000-12-03,Sunday,13:00,OAK,20,PIT,21,Home,0,-3,7,7,0
2000_14_DAL_TB,2000,REG,14,2000-12-03,Sunday,13:00,DAL,7,TB,27,Home,0,10,10,7,0
2000_14_NYG_WAS,2000,REG,14,2000-12-03,Sunday,13:00,NYG,9,WAS,7,Home,0,6,7,7,1
2000_14_SF_SD,2000,REG,14,2000-12-03,Sunday,16:05,SF,45,SD,17,Home,0,-2.5,14,7,0
2000_14_CLE_JAX,2000,REG,14,2000-12-03,Sunday,16:15,CLE,0,JAX,48,Home,0,14.5,7,7,1
2000_14_IND_NYJ,2000,REG,14,2000-12-03,Sunday,16:15,IND,17,NYJ,27,Home,0,2.5,7,7,1
2000_14_GB_CHI,2000,REG,14,2000-12-03,Sunday,20:20,GB,28,CHI,6,Home,0,-2.5,6,7,1
2000_14_KC_NE,2000,REG,14,2000-12-04,Monday,09:00,KC,24,NE,30,Home,0,1,8,11,0
2000_15_SD_BAL,2000,REG,15,2000-12-10,Sunday,13:00,SD,3,BAL,24,Home,0,13.5,7,14,0
2000_15_NE_CHI,2000,REG,15,2000-12-10,Sunday,13:00,NE,17,CHI,24,Home,0,2,6,7,0
2000_15_PHI_CLE,2000,REG,15,2000-12-10,Sunday,13:00,PHI,35,CLE,24,Home,0,-14,7,7,0
2000_15_DET_GB,2000,REG,15,2000-12-10,Sunday,13:00,DET,13,GB,26,Home,0,3.5,10,7,1
2000_15_ARI_JAX,2000,REG,15,2000-12-10,Sunday,13:00,ARI,10,JAX,44,Home,0,15,7,7,0
2000_15_CAR_KC,2000,REG,15,2000-12-10,Sunday,13:00,CAR,14,KC,15,Home,0,2.5,7,6,0
2000_15_TB_MIA,2000,REG,15,2000-12-10,Sunday,13:00,TB,16,MIA,13,Home,0,2.5,7,7,0
2000_15_PIT_NYG,2000,REG,15,2000-12-10,Sunday,13:00,PIT,10,NYG,30,Home,0,3.5,7,7,0
2000_15_CIN_TEN,2000,REG,15,2000-12-10,Sunday,13:00,CIN,3,TEN,35,Home,0,13,7,7,1
2000_15_SEA_DEN,2000,REG,15,2000-12-10,Sunday,16:05,SEA,24,DEN,31,Home,0,10,7,7,1
2000_15_WAS_DAL,2000,REG,15,2000-12-10,Sunday,16:15,WAS,13,DAL,32,Home,0,-6,7,7,1
2000_15_NO_SF,2000,REG,15,2000-12-10,Sunday,16:15,NO,31,SF,27,Home,0,3,7,7,1
2000_15_MIN_STL,2000,REG,15,2000-12-10,Sunday,16:15,MIN,29,STL,40,Home,0,3.5,10,7,0
2000_15_NYJ_OAK,2000,REG,15,2000-12-10,Sunday,20:20,NYJ,7,OAK,31,Home,0,3.5,7,7,0
2000_15_BUF_IND,2000,REG,15,2000-12-11,Monday,09:00,BUF,20,IND,44,Home,0,6,8,8,1
2000_16_WAS_PIT,2000,REG,16,2000-12-16,Saturday,12:30,WAS,3,PIT,24,Home,0,-1,6,6,0
2000_16_OAK_SEA,2000,REG,16,2000-12-16,Saturday,16:05,OAK,24,SEA,27,Home,0,-6,6,6,1
2000_16_NE_BUF,2000,REG,16,2000-12-17,Sunday,13:00,NE,13,BUF,10,Home,1,4.5,7,6,1
2000_16_SD_CAR,2000,REG,16,2000-12-17,Sunday,13:00,SD,22,CAR,30,Home,0,8.5,7,7,0
2000_16_JAX_CIN,2000,REG,16,2000-12-17,Sunday,13:00,JAX,14,CIN,17,Home,0,-10.5,7,7,1
2000_16_TEN_CLE,2000,REG,16,2000-12-17,Sunday,13:00,TEN,24,CLE,0,Home,0,-16,7,7,1
2000_16_DEN_KC,2000,REG,16,2000-12-17,Sunday,13:00,DEN,7,KC,20,Home,0,-3,7,7,1
2000_16_GB_MIN,2000,REG,16,2000-12-17,Sunday,13:00,GB,33,MIN,28,Home,0,7.5,7,7,1
2000_16_ATL_NO,2000,REG,16,2000-12-17,Sunday,13:00,ATL,7,NO,23,Home,0,10,14,7,1
2000_16_DET_NYJ,2000,REG,16,2000-12-17,Sunday,13:00,DET,10,NYJ,7,Home,0,6.5,7,7,0
2000_16_CHI_SF,2000,REG,16,2000-12-17,Sunday,16:05,CHI,0,SF,17,Home,0,6,7,7,0
2000_16_BAL_ARI,2000,REG,16,2000-12-17,Sunday,16:15,BAL,13,ARI,7,Home,0,-15,7,7,0
2000_16_IND_MIA,2000,REG,16,2000-12-17,Sunday,16:15,IND,20,MIA,13,Home,0,3,6,7,1
2000_16_NYG_DAL,2000,REG,16,2000-12-17,Sunday,20:20,NYG,17,DAL,13,Home,0,-6.5,7,7,1
2000_16_STL_TB,2000,REG,16,2000-12-18,Monday,09:00,STL,35,TB,38,Home,0,-1,8,8,0
2000_17_JAX_NYG,2000,REG,17,2000-12-23,Saturday,12:30,JAX,25,NYG,28,Home,0,4,6,6,0
2000_17_SF_DEN,2000,REG,17,2000-12-23,Saturday,16:15,SF,9,DEN,38,Home,0,7,6,6,0
2000_17_BUF_SEA,2000,REG,17,2000-12-23,Saturday,20:20,BUF,42,SEA,23,Home,0,3,6,7,0
2000_17_KC_ATL,2000,REG,17,2000-12-24,Sunday,13:00,KC,13,ATL,29,Home,0,-4.5,7,7,0
2000_17_NYJ_BAL,2000,REG,17,2000-12-24,Sunday,13:00,NYJ,20,BAL,34,Home,0,6,7,7,0
2000_17_CHI_DET,2000,REG,17,2000-12-24,Sunday,13:00,CHI,23,DET,20,Home,0,10,7,7,1
2000_17_TB_GB,2000,REG,17,2000-12-24,Sunday,13:00,TB,14,GB,17,Home,1,2.5,6,7,1
2000_17_MIA_NE,2000,REG,17,2000-12-24,Sunday,13:00,MIA,27,NE,24,Home,0,-4,7,7,1
2000_17_STL_NO,2000,REG,17,2000-12-24,Sunday,13:00,STL,26,NO,21,Home,0,-3.5,6,7,1
2000_17_CIN_PHI,2000,REG,17,2000-12-24,Sunday,13:00,CIN,7,PHI,16,Home,0,10.5,7,14,0
2000_17_ARI_WAS,2000,REG,17,2000-12-24,Sunday,13:00,ARI,3,WAS,20,Home,0,7,7,8,1
2000_17_PIT_SD,2000,REG,17,2000-12-24,Sunday,16:05,PIT,34,SD,21,Home,0,-3,8,7,0
2000_17_MIN_IND,2000,REG,17,2000-12-24,Sunday,16:15,MIN,10,IND,31,Home,0,3,7,7,0
2000_17_CAR_OAK,2000,REG,17,2000-12-24,Sunday,16:15,CAR,9,OAK,52,Home,0,9,7,8,0
2000_17_DAL_TEN,2000,REG,17,2000-12-25,Monday,09:00,DAL,0,TEN,31,Home,0,13.5,8,8,0
2000_18_IND_MIA,2000,WC,18,2000-12-30,Saturday,12:30,IND,17,MIA,23,Home,1,-1.5,6,6,1
2000_18_STL_NO,2000,WC,18,2000-12-30,Saturday,16:00,STL,28,NO,31,Home,0,-5.5,6,6,1
2000_18_DEN_BAL,2000,WC,18,2000-12-31,Sunday,12:30,DEN,3,BAL,21,Home,0,3.5,8,7,0
2000_18_TB_PHI,2000,WC,18,2000-12-31,Sunday,16:15,TB,3,PHI,21,Home,0,-3,7,7,0
2000_19_NO_MIN,2000,DIV,19,2001-01-06,Saturday,12:30,NO,16,MIN,34,Home,0,8,7,13,0
2000_19_MIA_OAK,2000,DIV,19,2001-01-06,Saturday,16:00,MIA,0,OAK,27,Home,0,9,7,13,0
2000_19_BAL_TEN,2000,DIV,19,2001-01-07,Sunday,12:30,BAL,24,TEN,10,Home,0,6,7,13,1
2000_19_PHI_NYG,2000,DIV,19,2001-01-07,Sunday,16:00,PHI,10,NYG,20,Home,0,4.5,7,15,1
2000_20_MIN_NYG,2000,CON,20,2001-01-14,Sunday,13:00,MIN,0,NYG,41,Home,0,-1,8,7,0
2000_20_BAL_OAK,2000,CON,20,2001-01-14,Sunday,16:00,BAL,16,OAK,3,Home,0,6,7,8,0
2000_21_BAL_NYG,2000,SB,21,2001-01-28,Sunday,18:18,BAL,34,NYG,7,Neutral,0,-3,14,14,0
2001_01_CHI_BAL,2001,REG,1,2001-09-09,Sunday,13:00,CHI,6,BAL,17,Home,0,10.5,7,7,0
2001_01_NO_BUF,2001,REG,1,2001-09-09,Sunday,13:00,NO,24,BUF,6,Home,0,-1.5,7,7,0
2001_01_NE_CIN,2001,REG,1,2001-09-09,Sunday,13:00,NE,17,CIN,23,Home,0,0,7,7,0
2001_01_SEA_CLE,2001,REG,1,2001-09-09,Sunday,13:00,SEA,9,CLE,6,Home,0,-4,7,7,0
2001_01_TB_DAL,2001,REG,1,2001-09-09,Sunday,13:00,TB,10,DAL,6,Home,0,-9,7,7,0
2001_01_DET_GB,2001,REG,1,2001-09-09,Sunday,13:00,DET,6,GB,28,Home,0,5.5,7,7,1
2001_01_PIT_JAX,2001,REG,1,2001-09-09,Sunday,13:00,PIT,3,JAX,21,Home,0,3,7,7,1
2001_01_OAK_KC,2001,REG,1,2001-09-09,Sunday,13:00,OAK,27,KC,24,Home,0,-3,7,7,1
2001_01_CAR_MIN,2001,REG,1,2001-09-09,Sunday,13:00,CAR,24,MIN,13,Home,0,10,7,7,0
2001_01_IND_NYJ,2001,REG,1,2001-09-09,Sunday,13:00,IND,45,NYJ,24,Home,0,-1.5,7,7,1
2001_01_STL_PHI,2001,REG,1,2001-09-09,Sunday,16:15,STL,20,PHI,17,Home,1,-3,7,7,0
2001_01_WAS_SD,2001,REG,1,2001-09-09,Sunday,16:15,WAS,3,SD,30,Home,0,2.5,7,7,0
2001_01_ATL_SF,2001,REG,1,2001-09-09,Sunday,16:15,ATL,13,SF,16,Home,1,3.5,7,7,1
2001_01_MIA_TEN,2001,REG,1,2001-09-09,Sunday,20:30,MIA,31,TEN,23,Home,0,6.5,7,7,0
2001_01_NYG_DEN,2001,REG,1,2001-09-10,Monday,09:00,NYG,20,DEN,31,Home,0,7,7,7,0
2001_02_CAR_ATL,2001,REG,2,2001-09-23,Sunday,13:00,CAR,16,ATL,24,Home,0,3.5,14,14,1
2001_02_MIN_CHI,2001,REG,2,2001-09-23,Sunday,13:00,MIN,10,CHI,17,Home,0,-3,14,14,1
2001_02_BAL_CIN,2001,REG,2,2001-09-23,Sunday,13:00,BAL,10,CIN,21,Home,0,-7,14,14,1
2001_02_DET_CLE,2001,REG,2,2001-09-23,Sunday,13:00,DET,14,CLE,24,Home,0,-1.5,14,14,0
2001_02_SD_DAL,2001,REG,2,2001-09-23,Sunday,13:00,SD,32,DAL,21,Home,0,-3.5,14,14,0
2001_02_BUF_IND,2001,REG,2,2001-09-23,Sunday,13:00,BUF,26,IND,42,Home,0,10,14,14,1
2001_02_TEN_JAX,2001,REG,2,2001-09-23,Sunday,13:00,TEN,6,JAX,13,Home,0,2,14,14,1
2001_02_NYG_KC,2001,REG,2,2001-09-23,Sunday,13:00,NYG,13,KC,3,Home,0,1.5,13,14,0
2001_02_OAK_MIA,2001,REG,2,2001-09-23,Sunday,13:00,OAK,15,MIA,18,Home,0,1.5,14,14,0
2001_02_NYJ_NE,2001,REG,2,2001-09-23,Sunday,16:05,NYJ,10,NE,3,Home,0,-1.5,14,14,1
2001_02_PHI_SEA,2001,REG,2,2001-09-23,Sunday,16:15,PHI,27,SEA,3,Home,0,-2.5,14,14,0
2001_02_STL_SF,2001,REG,2,2001-09-23,Sunday,16:15,STL,30,SF,26,Home,0,-6,14,14,1
2001_02_DEN_ARI,2001,REG,2,2001-09-23,Sunday,20:30,DEN,38,ARI,17,Home,0,-8.5,13,14,0
2001_02_WAS_GB,2001,REG,2,2001-09-24,Monday,09:00,WAS,0,GB,37,Home,0,8.5,15,15,0
2001_03_PIT_BUF,2001,REG,3,2001-09-30,Sunday,13:00,PIT,20,BUF,3,Home,0,-3,21,7,0
2001_03_GB_CAR,2001,REG,3,2001-09-30,Sunday,13:00,GB,28,CAR,7,Home,0,-3.5,6,7,0
2001_03_TB_MIN,2001,REG,3,2001-09-30,Sunday,13:00,TB,16,MIN,20,Home,0,-2.5,21,7,1
2001_03_IND_NE,2001,REG,3,2001-09-30,Sunday,13:00,IND,13,NE,44,Home,0,-11.5,7,7,1
2001_03_NO_NYG,2001,REG,3,2001-09-30,Sunday,13:00,NO,13,NYG,21,Home,0,3,21,7,0
2001_03_MIA_STL,2001,REG,3,2001-09-30,Sunday,13:00,MIA,10,STL,42,Home,0,6,7,7,0
2001_03_KC_WAS,2001,REG,3,2001-09-30,Sunday,13:00,KC,45,WAS,13,Home,0,-3,7,6,0
2001_03_ATL_ARI,2001,REG,3,2001-09-30,Sunday,16:05,ATL,34,ARI,14,Home,0,-3,7,7,0
2001_03_BAL_DEN,2001,REG,3,2001-09-30,Sunday,16:15,BAL,20,DEN,13,Home,0,4.5,7,7,0
2001_03_CLE_JAX,2001,REG,3,2001-09-30,Sunday,16:15,CLE,23,JAX,14,Home,0,8.5,7,7,1
2001_03_SEA_OAK,2001,REG,3,2001-09-30,Sunday,16:15,SEA,14,OAK,38,Home,0,10.5,7,7,1
2001_03_CIN_SD,2001,REG,3,2001-09-30,Sunday,16:15,CIN,14,SD,28,Home,0,6.5,7,7,0
2001_03_DAL_PHI,2001,REG,3,2001-09-30,Sunday,20:30,DAL,18,PHI,40,Home,0,13.5,7,7,1
2001_03_SF_NYJ,2001,REG,3,2001-10-01,Monday,09:00,SF,19,NYJ,17,Home,0,3,8,8,0
2001_04_CHI_ATL,2001,REG,4,2001-10-07,Sunday,13:00,CHI,31,ATL,3,Home,0,3.5,14,7,0
2001_04_TEN_BAL,2001,REG,4,2001-10-07,Sunday,13:00,TEN,7,BAL,26,Home,0,3.5,14,7,1
2001_04_SD_CLE,2001,REG,4,2001-10-07,Sunday,13:00,SD,16,CLE,20,Home,0,-3,7,7,0
2001_04_NE_MIA,2001,REG,4,2001-10-07,Sunday,13:00,NE,10,MIA,30,Home,0,9.5,7,7,1
2001_04_MIN_NO,2001,REG,4,2001-10-07,Sunday,13:00,MIN,15,NO,28,Home,0,3.5,7,7,0
2001_04_WAS_NYG,2001,REG,4,2001-10-07,Sunday,13:00,WAS,9,NYG,23,Home,0,14,7,7,1
2001_04_ARI_PHI,2001,REG,4,2001-10-07,Sunday,13:00,ARI,21,PHI,20,Home,0,14.5,7,7,1
2001_04_CIN_PIT,2001,REG,4,2001-10-07,Sunday,13:00,CIN,7,PIT,16,Home,0,5,7,7,1
2001_04_NYJ_BUF,2001,REG,4,2001-10-07,Sunday,16:05,NYJ,42,BUF,36,Home,0,-4.5,6,7,1
2001_04_KC_DEN,2001,REG,4,2001-10-07,Sunday,16:05,KC,6,DEN,20,Home,0,10,7,7,1
2001_04_JAX_SEA,2001,REG,4,2001-10-07,Sunday,16:05,JAX,15,SEA,24,Home,0,-3.5,7,7,0
2001_04_DAL_OAK,2001,REG,4,2001-10-07,Sunday,16:15,DAL,21,OAK,28,Home,0,18,7,7,0
2001_04_GB_TB,2001,REG,4,2001-10-07,Sunday,16:15,GB,10,TB,14,Home,0,3,7,7,1
2001_04_CAR_SF,2001,REG,4,2001-10-07,Sunday,20:30,CAR,14,SF,24,Home,0,6.5,7,6,1
2001_04_STL_DET,2001,REG,4,2001-10-08,Monday,09:00,STL,35,DET,0,Home,0,-12.5,8,15,0
2001_05_SF_ATL,2001,REG,5,2001-10-14,Sunday,13:00,SF,37,ATL,31,Home,1,-3,7,7,1
2001_05_NO_CAR,2001,REG,5,2001-10-14,Sunday,13:00,NO,27,CAR,25,Home,0,-5,7,7,1
2001_05_ARI_CHI,2001,REG,5,2001-10-14,Sunday,13:00,ARI,13,CHI,20,Home,0,7,7,7,0
2001_05_CLE_CIN,2001,REG,5,2001-10-14,Sunday,13:00,CLE,14,CIN,24,Home,0,1.5,7,7,1
2001_05_BAL_GB,2001,REG,5,2001-10-14,Sunday,13:00,BAL,23,GB,31,Home,0,0,7,7,0
2001_05_PIT_KC,2001,REG,5,2001-10-14,Sunday,13:00,PIT,20,KC,17,Home,0,2.5,7,7,0
2001_05_DET_MIN,2001,REG,5,2001-10-14,Sunday,13:00,DET,26,MIN,31,Home,0,10,6,7,1
2001_05_SD_NE,2001,REG,5,2001-10-14,Sunday,13:00,SD,26,NE,29,Home,1,-3,7,7,0
2001_05_NYG_STL,2001,REG,5,2001-10-14,Sunday,13:00,NYG,14,STL,15,Home,0,10.5,7,6,0
2001_05_TB_TEN,2001,REG,5,2001-10-14,Sunday,13:00,TB,28,TEN,31,Home,1,3,7,7,0
2001_05_MIA_NYJ,2001,REG,5,2001-10-14,Sunday,16:15,MIA,17,NYJ,21,Home,0,-3,7,7,1
2001_05_DEN_SEA,2001,REG,5,2001-10-14,Sunday,16:15,DEN,21,SEA,34,Home,0,-6,7,7,1
2001_05_OAK_IND,2001,REG,5,2001-10-14,Sunday,20:30,OAK,23,IND,18,Home,0,3.5,7,14,0
2001_05_WAS_DAL,2001,REG,5,2001-10-15,Monday,09:00,WAS,7,DAL,9,Home,0,3,8,8,1
2001_06_BUF_JAX,2001,REG,6,2001-10-18,Thursday,20:30,BUF,13,JAX,10,Home,0,9,11,11,0
2001_06_CHI_CIN,2001,REG,6,2001-10-21,Sunday,13:00,CHI,24,CIN,0,Home,0,1,7,7,0
2001_06_BAL_CLE,2001,REG,6,2001-10-21,Sunday,13:00,BAL,14,CLE,24,Home,0,-7.5,7,7,1
2001_06_TEN_DET,2001,REG,6,2001-10-21,Sunday,13:00,TEN,27,DET,24,Home,0,-5.5,7,7,0
2001_06_NE_IND,2001,REG,6,2001-10-21,Sunday,13:00,NE,38,IND,17,Home,0,10.5,7,7,1
2001_06_ATL_NO,2001,REG,6,2001-10-21,Sunday,13:00,ATL,20,NO,13,Home,0,8,7,7,1
2001_06_STL_NYJ,2001,REG,6,2001-10-21,Sunday,13:00,STL,34,NYJ,14,Home,0,-7,7,7,0
2001_06_PIT_TB,2001,REG,6,2001-10-21,Sunday,13:00,PIT,17,TB,10,Home,0,5,7,7,0
2001_06_CAR_WAS,2001,REG,6,2001-10-21,Sunday,13:00,CAR,14,WAS,17,Home,1,-3.5,7,6,0
2001_06_KC_ARI,2001,REG,6,2001-10-21,Sunday,16:00,KC,16,ARI,24,Home,0,-2,7,7,0
2001_06_DEN_SD,2001,REG,6,2001-10-21,Sunday,16:05,DEN,10,SD,27,Home,0,-2.5,7,7,1
2001_06_GB_MIN,2001,REG,6,2001-10-21,Sunday,16:15,GB,13,MIN,35,Home,0,-3,7,7,1
2001_06_PHI_NYG,2001,REG,6,2001-10-22,Monday,09:00,PHI,10,NYG,9,Home,0,3,15,8,1
2001_07_IND_KC,2001,REG,7,2001-10-25,Thursday,20:30,IND,35,KC,28,Home,0,-3,4,4,0
2001_07_JAX_BAL,2001,REG,7,2001-10-28,Sunday,13:00,JAX,17,BAL,18,Home,0,7.5,10,7,1
2001_07_NYJ_CAR,2001,REG,7,2001-10-28,Sunday,13:00,NYJ,13,CAR,12,Home,0,-2.5,7,7,0
2001_07_SF_CHI,2001,REG,7,2001-10-28,Sunday,13:00,SF,31,CHI,37,Home,1,2,14,7,0
2001_07_CIN_DET,2001,REG,7,2001-10-28,Sunday,13:00,CIN,31,DET,27,Home,0,3,7,7,0
2001_07_NO_STL,2001,REG,7,2001-10-28,Sunday,13:00,NO,34,STL,31,Home,0,12,7,7,1
2001_07_MIN_TB,2001,REG,7,2001-10-28,Sunday,13:00,MIN,14,TB,41,Home,0,3,7,7,1
2001_07_ARI_DAL,2001,REG,7,2001-10-28,Sunday,16:05,ARI,3,DAL,17,Home,0,-3,7,13,1
2001_07_NYG_WAS,2001,REG,7,2001-10-28,Sunday,16:05,NYG,21,WAS,35,Home,0,-7.5,6,7,1
2001_07_NE_DEN,2001,REG,7,2001-10-28,Sunday,16:15,NE,20,DEN,31,Home,0,7,7,7,0
2001_07_OAK_PHI,2001,REG,7,2001-10-28,Sunday,16:15,OAK,20,PHI,10,Home,0,1,14,6,0
2001_07_BUF_SD,2001,REG,7,2001-10-28,Sunday,16:15,BUF,24,SD,27,Home,0,7.5,10,7,0
2001_07_MIA_SEA,2001,REG,7,2001-10-28,Sunday,16:15,MIA,24,SEA,20,Home,0,-2.5,14,14,0
2001_07_TEN_PIT,2001,REG,7,2001-10-29,Monday,09:00,TEN,7,PIT,34,Home,0,3,8,8,1
2001_08_NE_ATL,2001,REG,8,2001-11-04,Sunday,13:00,NE,24,ATL,10,Home,0,3,7,14,0
2001_08_IND_BUF,2001,REG,8,2001-11-04,Sunday,13:00,IND,30,BUF,14,Home,0,-3,10,7,1
2001_08_TB_GB,2001,REG,8,2001-11-04,Sunday,13:00,TB,20,GB,21,Home,0,5,7,14,1
2001_08_CAR_MIA,2001,REG,8,2001-11-04,Sunday,13:00,CAR,6,MIA,23,Home,0,10,7,7,0
2001_08_DAL_NYG,2001,REG,8,2001-11-04,Sunday,13:00,DAL,24,NYG,27,Home,1,10.5,7,7,1
2001_08_BAL_PIT,2001,REG,8,2001-11-04,Sunday,13:00,BAL,13,PIT,10,Home,0,2,7,6,1
2001_08_JAX_TEN,2001,REG,8,2001-11-04,Sunday,13:00,JAX,24,TEN,28,Home,0,3,7,6,1
2001_08_PHI_ARI,2001,REG,8,2001-11-04,Sunday,16:05,PHI,21,ARI,7,Home,0,-7,7,7,1
2001_08_DET_SF,2001,REG,8,2001-11-04,Sunday,16:05,DET,13,SF,21,Home,0,8.5,7,7,0
2001_08_CLE_CHI,2001,REG,8,2001-11-04,Sunday,16:15,CLE,21,CHI,27,Home,1,4.5,14,7,0
2001_08_KC_SD,2001,REG,8,2001-11-04,Sunday,16:15,KC,25,SD,20,Home,0,5.5,10,7,1
2001_08_SEA_WAS,2001,REG,8,2001-11-04,Sunday,16:15,SEA,14,WAS,27,Home,0,-2.5,7,7,0
2001_08_NYJ_NO,2001,REG,8,2001-11-04,Sunday,20:30,NYJ,16,NO,9,Home,0,6.5,7,7,0
2001_08_DEN_OAK,2001,REG,8,2001-11-05,Monday,09:00,DEN,28,OAK,38,Home,0,5.5,8,8,1
2001_09_DAL_ATL,2001,REG,9,2001-11-11,Sunday,13:00,DAL,13,ATL,20,Home,0,6,7,7,0
2001_09_GB_CHI,2001,REG,9,2001-11-11,Sunday,13:00,GB,20,CHI,12,Home,0,-2.5,7,7,1
2001_09_PIT_CLE,2001,REG,9,2001-11-11,Sunday,13:00,PIT,15,CLE,12,Home,1,-3,7,7,1
2001_09_TB_DET,2001,REG,9,2001-11-11,Sunday,13:00,TB,20,DET,17,Home,0,-5,7,7,1
2001_09_MIA_IND,2001,REG,9,2001-11-11,Sunday,13:00,MIA,27,IND,24,Home,0,3,7,7,1
2001_09_CIN_JAX,2001,REG,9,2001-11-11,Sunday,13:00,CIN,13,JAX,30,Home,0,4,14,7,1
2001_09_BUF_NE,2001,REG,9,2001-11-11,Sunday,13:00,BUF,11,NE,21,Home,0,6,7,7,1
2001_09_KC_NYJ,2001,REG,9,2001-11-11,Sunday,13:00,KC,7,NYJ,27,Home,0,4.5,7,7,0
2001_09_CAR_STL,2001,REG,9,2001-11-11,Sunday,13:00,CAR,14,STL,48,Home,0,18,7,14,1
2001_09_SD_DEN,2001,REG,9,2001-11-11,Sunday,16:05,SD,16,DEN,26,Home,0,5.5,7,6,1
2001_09_NYG_ARI,2001,REG,9,2001-11-11,Sunday,16:15,NYG,17,ARI,10,Home,0,-5.5,7,7,1
2001_09_MIN_PHI,2001,REG,9,2001-11-11,Sunday,16:15,MIN,17,PHI,48,Home,0,4.5,14,7,0
2001_09_NO_SF,2001,REG,9,2001-11-11,Sunday,16:15,NO,27,SF,28,Home,0,3,7,7,1
2001_09_OAK_SEA,2001,REG,9,2001-11-11,Sunday,20:30,OAK,27,SEA,34,Home,0,-6,6,7,1
2001_09_BAL_TEN,2001,REG,9,2001-11-12,Monday,09:00,BAL,16,TEN,10,Home,0,-1.5,8,8,1
2001_10_CLE_BAL,2001,REG,10,2001-11-18,Sunday,13:00,CLE,27,BAL,17,Home,0,8,7,6,1
2001_10_SEA_BUF,2001,REG,10,2001-11-18,Sunday,13:00,SEA,23,BUF,20,Home,0,-3.5,7,7,0
2001_10_SF_CAR,2001,REG,10,2001-11-18,Sunday,13:00,SF,25,CAR,22,Home,1,-7,7,7,1
2001_10_TEN_CIN,2001,REG,10,2001-11-18,Sunday,13:00,TEN,20,CIN,7,Home,0,1.5,6,7,1
2001_10_PHI_DAL,2001,REG,10,2001-11-18,Sunday,13:00,PHI,36,DAL,3,Home,0,-7,7,7,1
2001_10_ATL_GB,2001,REG,10,2001-11-18,Sunday,13:00,ATL,23,GB,20,Home,0,10,7,7,0
2001_10_NYJ_MIA,2001,REG,10,2001-11-18,Sunday,13:00,NYJ,24,MIA,0,Home,0,5.5,7,7,1
2001_10_IND_NO,2001,REG,10,2001-11-18,Sunday,13:00,IND,20,NO,34,Home,0,5.5,7,7,0
2001_10_SD_OAK,2001,REG,10,2001-11-18,Sunday,16:05,SD,24,OAK,34,Home,0,9,7,7,1
2001_10_JAX_PIT,2001,REG,10,2001-11-18,Sunday,16:05,JAX,7,PIT,20,Home,0,5.5,7,7,1
2001_10_DET_ARI,2001,REG,10,2001-11-18,Sunday,16:15,DET,38,ARI,45,Home,0,2,7,7,0
2001_10_WAS_DEN,2001,REG,10,2001-11-18,Sunday,16:15,WAS,17,DEN,10,Home,0,8.5,14,7,0
2001_10_CHI_TB,2001,REG,10,2001-11-18,Sunday,16:15,CHI,27,TB,24,Home,0,5,7,7,1
2001_10_STL_NE,2001,REG,10,2001-11-18,Sunday,20:30,STL,24,NE,17,Home,0,-8.5,7,7,0
2001_10_NYG_MIN,2001,REG,10,2001-11-19,Monday,09:00,NYG,16,MIN,28,Home,0,2,8,8,0
2001_11_GB_DET,2001,REG,11,2001-11-22,Thursday,12:30,GB,29,DET,27,Home,0,-7,4,4,1
2001_11_DEN_DAL,2001,REG,11,2001-11-22,Thursday,16:05,DEN,26,DAL,24,Home,0,-7,4,4,0
2001_11_MIA_BUF,2001,REG,11,2001-11-25,Sunday,13:00,MIA,34,BUF,27,Home,0,-5,7,7,1
2001_11_ATL_CAR,2001,REG,11,2001-11-25,Sunday,13:00,ATL,10,CAR,7,Home,0,-3,7,7,1
2001_11_CIN_CLE,2001,REG,11,2001-11-25,Sunday,13:00,CIN,0,CLE,18,Home,0,6,7,7,1
2001_11_SF_IND,2001,REG,11,2001-11-25,Sunday,13:00,SF,40,IND,21,Home,0,2.5,7,7,0
2001_11_BAL_JAX,2001,REG,11,2001-11-25,Sunday,13:00,BAL,24,JAX,21,Home,0,-3,7,7,1
2001_11_SEA_KC,2001,REG,11,2001-11-25,Sunday,13:00,SEA,7,KC,19,Home,0,1.5,7,14,1
2001_11_WAS_PHI,2001,REG,11,2001-11-25,Sunday,13:00,WAS,13,PHI,3,Home,0,8,7,7,1
2001_11_PIT_TEN,2001,REG,11,2001-11-25,Sunday,13:00,PIT,34,TEN,24,Home,0,2,7,7,1
2001_11_NO_NE,2001,REG,11,2001-11-25,Sunday,16:05,NO,17,NE,34,Home,0,0,7,7,0
2001_11_ARI_SD,2001,REG,11,2001-11-25,Sunday,16:05,ARI,20,SD,17,Home,0,7,7,7,0
2001_11_OAK_NYG,2001,REG,11,2001-11-25,Sunday,16:15,OAK,28,NYG,10,Home,0,-2.5,7,6,0
2001_11_CHI_MIN,2001,REG,11,2001-11-25,Sunday,20:30,CHI,13,MIN,6,Home,0,3,7,6,1
2001_11_TB_STL,2001,REG,11,2001-11-26,Monday,09:00,TB,24,STL,17,Home,0,9.5,8,8,0
2001_12_PHI_KC,2001,REG,12,2001-11-29,Thursday,20:30,PHI,23,KC,10,Home,0,-3,4,4,0
2001_12_IND_BAL,2001,REG,12,2001-12-02,Sunday,13:00,IND,27,BAL,39,Home,0,7,7,7,0
2001_12_DET_CHI,2001,REG,12,2001-12-02,Sunday,13:00,DET,10,CHI,13,Home,0,7,10,7,1
2001_12_TB_CIN,2001,REG,12,2001-12-02,Sunday,13:00,TB,16,CIN,13,Home,1,-5,6,7,0
2001_12_TEN_CLE,2001,REG,12,2001-12-02,Sunday,13:00,TEN,31,CLE,15,Home,0,1.5,7,7,1
2001_12_DEN_MIA,2001,REG,12,2001-12-02,Sunday,13:00,DEN,10,MIA,21,Home,0,3,10,7,0
2001_12_CAR_NO,2001,REG,12,2001-12-02,Sunday,13:00,CAR,23,NO,27,Home,0,10,7,7,1
2001_12_NE_NYJ,2001,REG,12,2001-12-02,Sunday,13:00,NE,17,NYJ,16,Home,0,3,7,14,1
2001_12_MIN_PIT,2001,REG,12,2001-12-02,Sunday,13:00,MIN,16,PIT,21,Home,0,7,7,7,0
2001_12_SD_SEA,2001,REG,12,2001-12-02,Sunday,16:05,SD,10,SEA,13,Home,1,3,7,7,1
2001_12_STL_ATL,2001,REG,12,2001-12-02,Sunday,16:15,STL,35,ATL,6,Home,0,-8,6,7,1
2001_12_ARI_OAK,2001,REG,12,2001-12-02,Sunday,16:15,ARI,34,OAK,31,Home,1,13,7,7,0
2001_12_DAL_WAS,2001,REG,12,2001-12-02,Sunday,16:15,DAL,20,WAS,14,Home,0,8.5,10,7,1
2001_12_BUF_SF,2001,REG,12,2001-12-02,Sunday,20:30,BUF,0,SF,35,Home,0,8.5,7,7,0
2001_12_GB_JAX,2001,REG,12,2001-12-03,Monday,09:00,GB,28,JAX,21,Home,0,-3,11,8,0
2001_13_NO_ATL,2001,REG,13,2001-12-09,Sunday,13:00,NO,28,ATL,10,Home,0,-3,7,7,1
2001_13_CAR_BUF,2001,REG,13,2001-12-09,Sunday,13:00,CAR,24,BUF,25,Home,0,3.5,7,7,0
2001_13_JAX_CIN,2001,REG,13,2001-12-09,Sunday,13:00,JAX,14,CIN,10,Home,0,1,6,7,1
2001_13_NYG_DAL,2001,REG,13,2001-12-09,Sunday,13:00,NYG,13,DAL,20,Home,0,-3.5,14,7,1
2001_13_CHI_GB,2001,REG,13,2001-12-09,Sunday,13:00,CHI,7,GB,17,Home,0,5.5,7,6,1
2001_13_TEN_MIN,2001,REG,13,2001-12-09,Sunday,13:00,TEN,24,MIN,42,Home,0,-2.5,7,7,0
2001_13_CLE_NE,2001,REG,13,2001-12-09,Sunday,13:00,CLE,16,NE,27,Home,0,5,7,7,0
2001_13_SD_PHI,2001,REG,13,2001-12-09,Sunday,13:00,SD,14,PHI,24,Home,0,7,7,10,0
2001_13_SF_STL,2001,REG,13,2001-12-09,Sunday,13:00,SF,14,STL,27,Home,0,7,7,7,1
2001_13_DET_TB,2001,REG,13,2001-12-09,Sunday,13:00,DET,12,TB,15,Home,0,8,7,7,1
2001_13_WAS_ARI,2001,REG,13,2001-12-09,Sunday,16:05,WAS,20,ARI,10,Home,0,2,7,7,1
2001_13_KC_OAK,2001,REG,13,2001-12-09,Sunday,16:15,KC,26,OAK,28,Home,0,9,10,7,1
2001_13_NYJ_PIT,2001,REG,13,2001-12-09,Sunday,16:15,NYJ,7,PIT,18,Home,0,3.5,7,7,0
2001_13_SEA_DEN,2001,REG,13,2001-12-09,Sunday,20:30,SEA,7,DEN,20,Home,0,6,7,7,1
2001_13_IND_MIA,2001,REG,13,2001-12-10,Monday,09:00,IND,6,MIA,41,Home,0,5,8,8,1
2001_14_ARI_NYG,2001,REG,14,2001-12-15,Saturday,13:30,ARI,13,NYG,17,Home,0,5,6,6,1
2001_14_OAK_SD,2001,REG,14,2001-12-15,Saturday,17:00,OAK,13,SD,6,Home,0,-4,6,6,1
2001_14_NE_BUF,2001,REG,14,2001-12-16,Sunday,13:00,NE,12,BUF,9,Home,1,-4,7,7,1
2001_14_TB_CHI,2001,REG,14,2001-12-16,Sunday,13:00,TB,3,CHI,27,Home,0,2.5,7,7,1
2001_14_JAX_CLE,2001,REG,14,2001-12-16,Sunday,13:00,JAX,15,CLE,10,Home,0,2,7,7,1
2001_14_MIN_DET,2001,REG,14,2001-12-16,Sunday,13:00,MIN,24,DET,27,Home,0,-3,7,7,1
2001_14_ATL_IND,2001,REG,14,2001-12-16,Sunday,13:00,ATL,27,IND,41,Home,0,4,7,6,0
2001_14_DEN_KC,2001,REG,14,2001-12-16,Sunday,13:00,DEN,23,KC,26,Home,1,-2.5,7,7,1
2001_14_CIN_NYJ,2001,REG,14,2001-12-16,Sunday,13:00,CIN,14,NYJ,15,Home,0,8.5,7,7,0
2001_14_PHI_WAS,2001,REG,14,2001-12-16,Sunday,16:00,PHI,20,WAS,6,Home,0,-2.5,7,7,1
2001_14_MIA_SF,2001,REG,14,2001-12-16,Sunday,16:05,MIA,0,SF,21,Home,0,3.5,6,7,0
2001_14_DAL_SEA,2001,REG,14,2001-12-16,Sunday,16:15,DAL,3,SEA,29,Home,0,5.5,7,7,0
2001_14_GB_TEN,2001,REG,14,2001-12-16,Sunday,16:15,GB,20,TEN,26,Home,0,-2.5,7,7,0
2001_14_PIT_BAL,2001,REG,14,2001-12-16,Sunday,20:30,PIT,26,BAL,21,Home,0,3,7,14,1
2001_14_STL_NO,2001,REG,14,2001-12-17,Monday,09:00,STL,34,NO,21,Home,0,-6,8,8,1
2001_15_TEN_OAK,2001,REG,15,2001-12-22,Saturday,09:00,TEN,13,OAK,10,Home,0,6,6,7,0
2001_15_MIA_NE,2001,REG,15,2001-12-22,Saturday,13:30,MIA,13,NE,20,Home,0,3,6,6,1
2001_15_PHI_SF,2001,REG,15,2001-12-22,Saturday,17:00,PHI,3,SF,13,Home,0,3,6,6,0
2001_15_BUF_ATL,2001,REG,15,2001-12-23,Sunday,13:00,BUF,30,ATL,33,Home,0,4,7,7,0
2001_15_CIN_BAL,2001,REG,15,2001-12-23,Sunday,13:00,CIN,0,BAL,16,Home,0,10.5,7,7,1
2001_15_STL_CAR,2001,REG,15,2001-12-23,Sunday,13:00,STL,38,CAR,32,Home,0,-12.5,6,14,1
2001_15_SD_KC,2001,REG,15,2001-12-23,Sunday,13:00,SD,17,KC,20,Home,0,3.5,8,7,1
2001_15_JAX_MIN,2001,REG,15,2001-12-23,Sunday,13:00,JAX,33,MIN,3,Home,0,2.5,7,7,0
2001_15_SEA_NYG,2001,REG,15,2001-12-23,Sunday,13:00,SEA,24,NYG,27,Home,0,3,7,8,0
2001_15_DET_PIT,2001,REG,15,2001-12-23,Sunday,13:00,DET,14,PIT,47,Home,0,10,7,7,0
2001_15_NO_TB,2001,REG,15,2001-12-23,Sunday,13:00,NO,21,TB,48,Home,0,2.5,6,7,0
2001_15_CHI_WAS,2001,REG,15,2001-12-23,Sunday,13:00,CHI,20,WAS,15,Home,0,1,7,7,0
2001_15_DAL_ARI,2001,REG,15,2001-12-23,Sunday,16:05,DAL,10,ARI,17,Home,0,3.5,7,8,1
2001_15_CLE_GB,2001,REG,15,2001-12-23,Sunday,16:15,CLE,7,GB,30,Home,0,7.5,7,7,0
2001_15_NYJ_IND,2001,REG,15,2001-12-23,Sunday,20:30,NYJ,29,IND,28,Home,0,1,7,7,1
2001_16_BAL_TB,2001,REG,16,2001-12-29,Saturday,09:00,BAL,10,TB,22,Home,0,1.5,6,6,0
2001_16_ARI_CAR,2001,REG,16,2001-12-30,Sunday,13:00,ARI,30,CAR,7,Home,0,1,7,7,0
2001_16_PIT_CIN,2001,REG,16,2001-12-30,Sunday,13:00,PIT,23,CIN,26,Home,1,-8,7,7,1
2001_16_SF_DAL,2001,REG,16,2001-12-30,Sunday,13:00,SF,21,DAL,27,Home,0,-6.5,8,7,0
2001_16_CHI_DET,2001,REG,16,2001-12-30,Sunday,13:00,CHI,24,DET,0,Home,0,-5.5,7,7,1
2001_16_MIN_GB,2001,REG,16,2001-12-30,Sunday,13:00,MIN,13,GB,24,Home,0,12,7,7,1
2001_16_KC_JAX,2001,REG,16,2001-12-30,Sunday,13:00,KC,30,JAX,26,Home,0,4.5,7,7,0
2001_16_ATL_MIA,2001,REG,16,2001-12-30,Sunday,13:00,ATL,14,MIA,21,Home,0,7,7,8,0
2001_16_BUF_NYJ,2001,REG,16,2001-12-30,Sunday,13:00,BUF,14,NYJ,9,Home,0,7,7,7,1
2001_16_IND_STL,2001,REG,16,2001-12-30,Sunday,13:00,IND,17,STL,42,Home,0,13,7,7,0
2001_16_CLE_TEN,2001,REG,16,2001-12-30,Sunday,13:00,CLE,41,TEN,38,Home,0,5,7,8,1
2001_16_NYG_PHI,2001,REG,16,2001-12-30,Sunday,16:05,NYG,21,PHI,24,Home,0,5,7,8,1
2001_16_OAK_DEN,2001,REG,16,2001-12-30,Sunday,16:15,OAK,17,DEN,23,Home,0,1,8,14,1
2001_16_SEA_SD,2001,REG,16,2001-12-30,Sunday,16:15,SEA,25,SD,22,Home,0,1.5,7,7,1
2001_16_WAS_NO,2001,REG,16,2001-12-30,Sunday,20:30,WAS,40,NO,10,Home,0,5,7,7,0
2001_17_DEN_IND,2001,REG,17,2002-01-06,Sunday,12:00,DEN,10,IND,29,Home,0,2,7,7,0
2001_17_NE_CAR,2001,REG,17,2002-01-06,Sunday,13:00,NE,38,CAR,6,Home,0,-6.5,15,7,0
2001_17_JAX_CHI,2001,REG,17,2002-01-06,Sunday,13:00,JAX,13,CHI,33,Home,0,6,7,7,0
2001_17_DAL_DET,2001,REG,17,2002-01-06,Sunday,13:00,DAL,10,DET,15,Home,0,-3,7,7,0
2001_17_SF_NO,2001,REG,17,2002-01-06,Sunday,13:00,SF,38,NO,0,Home,0,-2.5,7,7,1
2001_17_GB_NYG,2001,REG,17,2002-01-06,Sunday,13:00,GB,34,NYG,25,Home,0,-3,7,7,0
2001_17_CLE_PIT,2001,REG,17,2002-01-06,Sunday,13:00,CLE,7,PIT,28,Home,0,7,7,7,1
2001_17_CIN_TEN,2001,REG,17,2002-01-06,Sunday,13:00,CIN,23,TEN,21,Home,0,5.5,7,7,1
2001_17_ARI_WAS,2001,REG,17,2002-01-06,Sunday,13:00,ARI,17,WAS,20,Home,0,3.5,7,7,1
2001_17_ATL_STL,2001,REG,17,2002-01-06,Sunday,16:05,ATL,13,STL,31,Home,0,14.5,7,7,1
2001_17_BUF_MIA,2001,REG,17,2002-01-06,Sunday,16:15,BUF,7,MIA,34,Home,0,6.5,7,7,1
2001_17_NYJ_OAK,2001,REG,17,2002-01-06,Sunday,16:15,NYJ,24,OAK,22,Home,0,4.5,7,7,0
2001_17_KC_SEA,2001,REG,17,2002-01-06,Sunday,16:15,KC,18,SEA,21,Home,0,3.5,7,7,1
2001_17_PHI_TB,2001,REG,17,2002-01-06,Sunday,20:30,PHI,17,TB,13,Home,0,3,7,8,0
2001_17_MIN_BAL,2001,REG,17,2002-01-07,Monday,09:00,MIN,3,BAL,19,Home,0,10,8,9,0
2001_18_TB_PHI,2001,WC,18,2002-01-12,Saturday,16:30,TB,9,PHI,31,Home,0,3.5,6,6,0
2001_18_NYJ_OAK,2001,WC,18,2002-01-12,Saturday,20:00,NYJ,24,OAK,38,Home,0,4.5,6,6,0
2001_18_SF_GB,2001,WC,18,2002-01-13,Sunday,12:30,SF,15,GB,25,Home,0,3.5,7,7,0
2001_18_BAL_MIA,2001,WC,18,2002-01-13,Sunday,16:00,BAL,20,MIA,3,Home,0,2.5,6,7,0
2001_19_PHI_CHI,2001,DIV,19,2002-01-19,Saturday,16:30,PHI,33,CHI,19,Home,0,3,7,13,0
2001_19_OAK_NE,2001,DIV,19,2002-01-19,Saturday,20:00,OAK,13,NE,16,Home,1,3,7,13,0
2001_19_BAL_PIT,2001,DIV,19,2002-01-20,Sunday,12:30,BAL,10,PIT,27,Home,0,5.5,7,14,1
2001_19_GB_STL,2001,DIV,19,2002-01-20,Sunday,16:00,GB,17,STL,45,Home,0,11,7,14,0
2001_20_NE_PIT,2001,CON,20,2002-01-27,Sunday,12:30,NE,24,PIT,17,Home,0,10,8,7,0
2001_20_PHI_STL,2001,CON,20,2002-01-27,Sunday,16:00,PHI,24,STL,29,Home,0,11,8,7,0
2001_21_STL_NE,2001,SB,21,2002-02-03,Sunday,18:40,STL,17,NE,20,Neutral,0,-14,7,7,0
2002_01_SF_NYG,2002,REG,1,2002-09-05,Thursday,20:30,SF,16,NYG,13,Home,0,-4,7,7,0
2002_01_NYJ_BUF,2002,REG,1,2002-09-08,Sunday,13:00,NYJ,37,BUF,31,Home,1,-3,7,7,1
2002_01_BAL_CAR,2002,REG,1,2002-09-08,Sunday,13:00,BAL,7,CAR,10,Home,0,0,7,7,0
2002_01_MIN_CHI,2002,REG,1,2002-09-08,Sunday,13:00,MIN,23,CHI,27,Home,0,4.5,7,7,1
2002_01_SD_CIN,2002,REG,1,2002-09-08,Sunday,13:00,SD,34,CIN,6,Home,0,3,7,7,0
2002_01_KC_CLE,2002,REG,1,2002-09-08,Sunday,13:00,KC,40,CLE,39,Home,0,2,7,7,0
2002_01_ATL_GB,2002,REG,1,2002-09-08,Sunday,13:00,ATL,34,GB,37,Home,1,7,7,7,0
2002_01_IND_JAX,2002,REG,1,2002-09-08,Sunday,13:00,IND,28,JAX,25,Home,0,-3.5,7,7,1
2002_01_DET_MIA,2002,REG,1,2002-09-08,Sunday,13:00,DET,21,MIA,49,Home,0,9.5,7,7,0
2002_01_PHI_TEN,2002,REG,1,2002-09-08,Sunday,13:00,PHI,24,TEN,27,Home,0,2,7,7,0
2002_01_ARI_WAS,2002,REG,1,2002-09-08,Sunday,13:00,ARI,23,WAS,31,Home,0,6,7,7,0
2002_01_STL_DEN,2002,REG,1,2002-09-08,Sunday,16:15,STL,16,DEN,23,Home,0,-3,7,7,0
2002_01_SEA_OAK,2002,REG,1,2002-09-08,Sunday,16:15,SEA,17,OAK,31,Home,0,7.5,7,7,0
2002_01_NO_TB,2002,REG,1,2002-09-08,Sunday,16:15,NO,26,TB,20,Home,1,6,7,7,1
2002_01_DAL_HOU,2002,REG,1,2002-09-08,Sunday,20:30,DAL,10,HOU,19,Home,0,-8.5,7,7,0
2002_01_PIT_NE,2002,REG,1,2002-09-09,Monday,09:00,PIT,14,NE,30,Home,0,-2.5,7,7,0
2002_02_CHI_ATL,2002,REG,2,2002-09-15,Sunday,13:00,CHI,14,ATL,13,Home,0,2.5,7,7,0
2002_02_TB_BAL,2002,REG,2,2002-09-15,Sunday,13:00,TB,25,BAL,0,Home,0,-4.5,7,7,0
2002_02_DET_CAR,2002,REG,2,2002-09-15,Sunday,13:00,DET,7,CAR,31,Home,0,3,7,7,0
2002_02_CIN_CLE,2002,REG,2,2002-09-15,Sunday,13:00,CIN,7,CLE,20,Home,0,3.5,7,7,1
2002_02_TEN_DAL,2002,REG,2,2002-09-15,Sunday,13:00,TEN,13,DAL,21,Home,0,-3.5,7,7,0
2002_02_MIA_IND,2002,REG,2,2002-09-15,Sunday,13:00,MIA,21,IND,13,Home,0,0,7,7,0
2002_02_JAX_KC,2002,REG,2,2002-09-15,Sunday,13:00,JAX,23,KC,16,Home,0,3.5,7,7,0
2002_02_GB_NO,2002,REG,2,2002-09-15,Sunday,13:00,GB,20,NO,35,Home,0,-2.5,7,7,0
2002_02_NE_NYJ,2002,REG,2,2002-09-15,Sunday,13:00,NE,44,NYJ,7,Home,0,1,6,7,1
2002_02_ARI_SEA,2002,REG,2,2002-09-15,Sunday,16:05,ARI,24,SEA,13,Home,0,4,7,7,1
2002_02_NYG_STL,2002,REG,2,2002-09-15,Sunday,16:05,NYG,26,STL,21,Home,0,12,10,7,0
2002_02_BUF_MIN,2002,REG,2,2002-09-15,Sunday,16:15,BUF,45,MIN,39,Home,1,3.5,7,7,0
2002_02_HOU_SD,2002,REG,2,2002-09-15,Sunday,16:15,HOU,3,SD,24,Home,0,13.5,7,7,0
2002_02_DEN_SF,2002,REG,2,2002-09-15,Sunday,16:15,DEN,24,SF,14,Home,0,3.5,7,10,0
2002_02_OAK_PIT,2002,REG,2,2002-09-15,Sunday,20:30,OAK,30,PIT,17,Home,0,4,7,6,0
2002_02_PHI_WAS,2002,REG,2,2002-09-16,Monday,09:00,PHI,37,WAS,7,Home,0,-3,8,8,1
2002_03_NO_CHI,2002,REG,3,2002-09-22,Sunday,13:00,NO,29,CHI,23,Home,0,-2,7,7,0
2002_03_IND_HOU,2002,REG,3,2002-09-22,Sunday,13:00,IND,23,HOU,3,Home,0,-10.5,7,7,1
2002_03_NYJ_MIA,2002,REG,3,2002-09-22,Sunday,13:00,NYJ,3,MIA,30,Home,0,6,7,7,1
2002_03_CAR_MIN,2002,REG,3,2002-09-22,Sunday,13:00,CAR,21,MIN,14,Home,0,6.5,7,7,0
2002_03_KC_NE,2002,REG,3,2002-09-22,Sunday,13:00,KC,38,NE,41,Home,1,8.5,7,7,0
2002_03_DAL_PHI,2002,REG,3,2002-09-22,Sunday,13:00,DAL,13,PHI,44,Home,0,10,7,6,1
2002_03_CLE_TEN,2002,REG,3,2002-09-22,Sunday,13:00,CLE,31,TEN,28,Home,1,4.5,7,7,0
2002_03_SD_ARI,2002,REG,3,2002-09-22,Sunday,16:05,SD,23,ARI,15,Home,0,-2.5,7,7,0
2002_03_BUF_DEN,2002,REG,3,2002-09-22,Sunday,16:05,BUF,23,DEN,28,Home,0,7.5,7,7,0
2002_03_GB_DET,2002,REG,3,2002-09-22,Sunday,16:15,GB,37,DET,31,Home,0,-7.5,7,7,1
2002_03_SEA_NYG,2002,REG,3,2002-09-22,Sunday,16:15,SEA,6,NYG,9,Home,0,5.5,7,7,0
2002_03_WAS_SF,2002,REG,3,2002-09-22,Sunday,16:15,WAS,10,SF,20,Home,0,10,6,7,0
2002_03_CIN_ATL,2002,REG,3,2002-09-22,Sunday,20:30,CIN,3,ATL,30,Home,0,7,7,7,0
2002_03_STL_TB,2002,REG,3,2002-09-23,Monday,09:00,STL,14,TB,26,Home,0,-1.5,8,8,0
2002_04_CHI_BUF,2002,REG,4,2002-09-29,Sunday,13:00,CHI,27,BUF,33,Home,1,3,7,7,0
2002_04_NO_DET,2002,REG,4,2002-09-29,Sunday,13:00,NO,21,DET,26,Home,0,-9,7,7,0
2002_04_CAR_GB,2002,REG,4,2002-09-29,Sunday,13:00,CAR,14,GB,17,Home,0,6.5,7,7,0
2002_04_NYJ_JAX,2002,REG,4,2002-09-29,Sunday,13:00,NYJ,3,JAX,28,Home,0,3.5,7,14,0
2002_04_MIA_KC,2002,REG,4,2002-09-29,Sunday,13:00,MIA,30,KC,48,Home,0,-3,7,7,0
2002_04_HOU_PHI,2002,REG,4,2002-09-29,Sunday,13:00,HOU,17,PHI,35,Home,0,19,7,7,0
2002_04_CLE_PIT,2002,REG,4,2002-09-29,Sunday,13:00,CLE,13,PIT,16,Home,1,6,7,14,1
2002_04_DAL_STL,2002,REG,4,2002-09-29,Sunday,13:00,DAL,13,STL,10,Home,0,12,7,6,0
2002_04_NYG_ARI,2002,REG,4,2002-09-29,Sunday,16:05,NYG,7,ARI,21,Home,0,-3,7,7,0
2002_04_TB_CIN,2002,REG,4,2002-09-29,Sunday,16:05,TB,35,CIN,7,Home,0,-6.5,6,7,0
2002_04_TEN_OAK,2002,REG,4,2002-09-29,Sunday,16:15,TEN,25,OAK,52,Home,0,6.5,7,14,0
2002_04_NE_SD,2002,REG,4,2002-09-29,Sunday,16:15,NE,14,SD,21,Home,0,-3,7,7,0
2002_04_MIN_SEA,2002,REG,4,2002-09-29,Sunday,20:30,MIN,23,SEA,48,Home,0,3,7,7,0
2002_04_DEN_BAL,2002,REG,4,2002-09-30,Monday,09:00,DEN,23,BAL,34,Home,0,-9,8,15,0
2002_05_TB_ATL,2002,REG,5,2002-10-06,Sunday,13:00,TB,20,ATL,6,Home,0,2.5,7,14,1
2002_05_OAK_BUF,2002,REG,5,2002-10-06,Sunday,13:00,OAK,49,BUF,31,Home,0,-3,7,7,0
2002_05_ARI_CAR,2002,REG,5,2002-10-06,Sunday,13:00,ARI,16,CAR,13,Home,0,5,7,7,0
2002_05_NYG_DAL,2002,REG,5,2002-10-06,Sunday,13:00,NYG,21,DAL,17,Home,0,-1.5,7,7,1
2002_05_CIN_IND,2002,REG,5,2002-10-06,Sunday,13:00,CIN,21,IND,28,Home,0,13.5,7,14,0
2002_05_NE_MIA,2002,REG,5,2002-10-06,Sunday,13:00,NE,13,MIA,26,Home,0,3,7,7,1
2002_05_PIT_NO,2002,REG,5,2002-10-06,Sunday,13:00,PIT,29,NO,32,Home,0,3,7,7,0
2002_05_WAS_TEN,2002,REG,5,2002-10-06,Sunday,13:00,WAS,31,TEN,14,Home,0,3.5,14,7,0
2002_05_SD_DEN,2002,REG,5,2002-10-06,Sunday,16:05,SD,9,DEN,26,Home,0,6.5,7,6,1
2002_05_KC_NYJ,2002,REG,5,2002-10-06,Sunday,16:05,KC,29,NYJ,25,Home,0,-3,7,7,0
2002_05_PHI_JAX,2002,REG,5,2002-10-06,Sunday,16:15,PHI,25,JAX,28,Home,0,-3,7,7,0
2002_05_STL_SF,2002,REG,5,2002-10-06,Sunday,16:15,STL,13,SF,37,Home,0,6,7,14,1
2002_05_BAL_CLE,2002,REG,5,2002-10-06,Sunday,20:30,BAL,26,CLE,21,Home,0,6,6,7,1
2002_05_GB_CHI,2002,REG,5,2002-10-07,Monday,09:00,GB,34,CHI,21,Home,0,1,8,8,1
2002_06_PIT_CIN,2002,REG,6,2002-10-13,Sunday,13:00,PIT,34,CIN,7,Home,0,-6.5,7,7,1
2002_06_CAR_DAL,2002,REG,6,2002-10-13,Sunday,13:00,CAR,13,DAL,14,Home,0,2,7,7,0
2002_06_BUF_HOU,2002,REG,6,2002-10-13,Sunday,13:00,BUF,31,HOU,24,Home,0,-7,7,14,0
2002_06_BAL_IND,2002,REG,6,2002-10-13,Sunday,13:00,BAL,20,IND,22,Home,0,6.5,7,7,0
2002_06_DET_MIN,2002,REG,6,2002-10-13,Sunday,13:00,DET,24,MIN,31,Home,0,4.5,14,14,1
2002_06_GB_NE,2002,REG,6,2002-10-13,Sunday,13:00,GB,28,NE,10,Home,0,4.5,6,7,0
2002_06_ATL_NYG,2002,REG,6,2002-10-13,Sunday,13:00,ATL,17,NYG,10,Home,0,6,7,7,0
2002_06_CLE_TB,2002,REG,6,2002-10-13,Sunday,13:00,CLE,3,TB,17,Home,0,7.5,7,7,0
2002_06_NO_WAS,2002,REG,6,2002-10-13,Sunday,13:00,NO,43,WAS,27,Home,0,-1.5,7,7,0
2002_06_KC_SD,2002,REG,6,2002-10-13,Sunday,16:15,KC,34,SD,35,Home,0,3,7,7,1
2002_06_OAK_STL,2002,REG,6,2002-10-13,Sunday,16:15,OAK,13,STL,28,Home,0,-7,7,7,0
2002_06_JAX_TEN,2002,REG,6,2002-10-13,Sunday,16:15,JAX,14,TEN,23,Home,0,-1.5,7,7,1
2002_06_MIA_DEN,2002,REG,6,2002-10-13,Sunday,20:30,MIA,24,DEN,22,Home,0,3.5,7,7,0
2002_06_SF_SEA,2002,REG,6,2002-10-14,Monday,09:00,SF,28,SEA,21,Home,0,-3,8,15,1
2002_07_CAR_ATL,2002,REG,7,2002-10-20,Sunday,13:00,CAR,0,ATL,30,Home,0,4,7,7,1
2002_07_JAX_BAL,2002,REG,7,2002-10-20,Sunday,13:00,JAX,10,BAL,17,Home,0,-1.5,7,7,0
2002_07_CHI_DET,2002,REG,7,2002-10-20,Sunday,13:00,CHI,20,DET,23,Home,1,-3,13,7,1
2002_07_DEN_KC,2002,REG,7,2002-10-20,Sunday,13:00,DEN,37,KC,34,Home,1,-3,7,7,1
2002_07_BUF_MIA,2002,REG,7,2002-10-20,Sunday,13:00,BUF,23,MIA,10,Home,0,6,7,7,1
2002_07_SF_NO,2002,REG,7,2002-10-20,Sunday,13:00,SF,27,NO,35,Home,0,1.5,6,7,0
2002_07_MIN_NYJ,2002,REG,7,2002-10-20,Sunday,13:00,MIN,7,NYJ,20,Home,0,3,7,14,0
2002_07_SEA_STL,2002,REG,7,2002-10-20,Sunday,13:00,SEA,20,STL,37,Home,0,6.5,6,7,1
2002_07_HOU_CLE,2002,REG,7,2002-10-20,Sunday,16:05,HOU,17,CLE,34,Home,0,8.5,7,7,0
2002_07_SD_OAK,2002,REG,7,2002-10-20,Sunday,16:05,SD,27,OAK,21,Home,1,7,7,7,1
2002_07_DAL_ARI,2002,REG,7,2002-10-20,Sunday,16:15,DAL,6,ARI,9,Home,1,3.5,7,14,0
2002_07_WAS_GB,2002,REG,7,2002-10-20,Sunday,16:15,WAS,9,GB,30,Home,0,7,7,7,0
2002_07_TB_PHI,2002,REG,7,2002-10-20,Sunday,16:15,TB,10,PHI,20,Home,0,3,7,14,0
2002_07_IND_PIT,2002,REG,7,2002-10-21,Monday,09:00,IND,10,PIT,28,Home,0,4.5,8,8,0
2002_08_PIT_BAL,2002,REG,8,2002-10-27,Sunday,13:00,PIT,31,BAL,18,Home,0,-3,6,7,1
2002_08_DET_BUF,2002,REG,8,2002-10-27,Sunday,13:00,DET,17,BUF,24,Home,0,7.5,7,7,0
2002_08_TB_CAR,2002,REG,8,2002-10-27,Sunday,13:00,TB,12,CAR,9,Home,0,-8,7,7,1
2002_08_TEN_CIN,2002,REG,8,2002-10-27,Sunday,13:00,TEN,30,CIN,24,Home,0,-4.5,14,14,0
2002_08_SEA_DAL,2002,REG,8,2002-10-27,Sunday,13:00,SEA,17,DAL,14,Home,0,2,7,7,0
2002_08_OAK_KC,2002,REG,8,2002-10-27,Sunday,13:00,OAK,10,KC,20,Home,0,-2.5,7,7,1
2002_08_CHI_MIN,2002,REG,8,2002-10-27,Sunday,13:00,CHI,7,MIN,25,Home,0,2,7,7,1
2002_08_ATL_NO,2002,REG,8,2002-10-27,Sunday,13:00,ATL,37,NO,35,Home,0,3.5,7,7,1
2002_08_CLE_NYJ,2002,REG,8,2002-10-27,Sunday,13:00,CLE,24,NYJ,21,Home,0,3,7,7,0
2002_08_ARI_SF,2002,REG,8,2002-10-27,Sunday,16:05,ARI,28,SF,38,Home,0,8.5,7,7,1
2002_08_HOU_JAX,2002,REG,8,2002-10-27,Sunday,16:15,HOU,21,JAX,19,Home,0,11,7,7,1
2002_08_DEN_NE,2002,REG,8,2002-10-27,Sunday,16:15,DEN,24,NE,16,Home,0,3,7,14,0
2002_08_IND_WAS,2002,REG,8,2002-10-27,Sunday,20:30,IND,21,WAS,26,Home,0,1,6,7,0
2002_08_NYG_PHI,2002,REG,8,2002-10-28,Monday,09:00,NYG,3,PHI,17,Home,0,7,15,8,1
2002_09_BAL_ATL,2002,REG,9,2002-11-03,Sunday,13:00,BAL,17,ATL,20,Home,0,7,7,7,0
2002_09_NE_BUF,2002,REG,9,2002-11-03,Sunday,13:00,NE,38,BUF,7,Home,0,3,7,7,1
2002_09_PHI_CHI,2002,REG,9,2002-11-03,Sunday,13:00,PHI,19,CHI,13,Home,0,-7,6,7,0
2002_09_PIT_CLE,2002,REG,9,2002-11-03,Sunday,13:00,PIT,23,CLE,20,Home,0,-3.5,7,7,1
2002_09_DAL_DET,2002,REG,9,2002-11-03,Sunday,13:00,DAL,7,DET,9,Home,0,3,7,7,0
2002_09_CIN_HOU,2002,REG,9,2002-11-03,Sunday,13:00,CIN,38,HOU,3,Home,0,2.5,7,7,0
2002_09_TEN_IND,2002,REG,9,2002-11-03,Sunday,13:00,TEN,23,IND,15,Home,0,3,7,7,1
2002_09_MIN_TB,2002,REG,9,2002-11-03,Sunday,13:00,MIN,24,TB,38,Home,0,7.5,7,7,0
2002_09_NYJ_SD,2002,REG,9,2002-11-03,Sunday,16:05,NYJ,44,SD,13,Home,0,8.5,7,14,0
2002_09_STL_ARI,2002,REG,9,2002-11-03,Sunday,16:15,STL,27,ARI,14,Home,0,-5,14,7,1
2002_09_SF_OAK,2002,REG,9,2002-11-03,Sunday,16:15,SF,23,OAK,20,Home,1,3,7,7,0
2002_09_WAS_SEA,2002,REG,9,2002-11-03,Sunday,16:15,WAS,14,SEA,3,Home,0,2,7,7,0
2002_09_JAX_NYG,2002,REG,9,2002-11-03,Sunday,20:30,JAX,17,NYG,24,Home,0,3,7,6,0
2002_09_MIA_GB,2002,REG,9,2002-11-04,Monday,09:00,MIA,10,GB,24,Home,0,4.5,15,15,0
2002_10_CIN_BAL,2002,REG,10,2002-11-10,Sunday,13:00,CIN,27,BAL,38,Home,0,4,7,7,1
2002_10_NO_CAR,2002,REG,10,2002-11-10,Sunday,13:00,NO,34,CAR,24,Home,0,-4,14,14,1
2002_10_DET_GB,2002,REG,10,2002-11-10,Sunday,13:00,DET,14,GB,40,Home,0,10.5,7,6,1
2002_10_NYG_MIN,2002,REG,10,2002-11-10,Sunday,13:00,NYG,27,MIN,20,Home,0,-1.5,7,7,0
2002_10_IND_PHI,2002,REG,10,2002-11-10,Sunday,13:00,IND,35,PHI,13,Home,0,9.5,7,7,0
2002_10_ATL_PIT,2002,REG,10,2002-11-10,Sunday,13:00,ATL,34,PIT,34,Home,1,5.5,7,7,0
2002_10_SD_STL,2002,REG,10,2002-11-10,Sunday,13:00,SD,24,STL,28,Home,0,6,7,7,0
2002_10_HOU_TEN,2002,REG,10,2002-11-10,Sunday,13:00,HOU,10,TEN,17,Home,0,9,7,7,1
2002_10_SEA_ARI,2002,REG,10,2002-11-10,Sunday,16:05,SEA,27,ARI,6,Home,0,3,7,7,1
2002_10_WAS_JAX,2002,REG,10,2002-11-10,Sunday,16:05,WAS,7,JAX,26,Home,0,1.5,7,7,0
2002_10_NE_CHI,2002,REG,10,2002-11-10,Sunday,16:15,NE,33,CHI,30,Home,0,-5,7,7,0
2002_10_KC_SF,2002,REG,10,2002-11-10,Sunday,16:15,KC,13,SF,17,Home,0,5,14,7,0
2002_10_MIA_NYJ,2002,REG,10,2002-11-10,Sunday,20:30,MIA,10,NYJ,13,Home,0,2.5,6,7,1
2002_10_OAK_DEN,2002,REG,10,2002-11-11,Monday,09:00,OAK,34,DEN,10,Home,0,6,8,15,1
2002_11_NO_ATL,2002,REG,11,2002-11-17,Sunday,13:00,NO,17,ATL,24,Home,0,1.5,7,7,1
2002_11_CLE_CIN,2002,REG,11,2002-11-17,Sunday,13:00,CLE,27,CIN,20,Home,0,-3,14,7,1
2002_11_JAX_HOU,2002,REG,11,2002-11-17,Sunday,13:00,JAX,24,HOU,21,Home,0,-6.5,7,7,1
2002_11_DAL_IND,2002,REG,11,2002-11-17,Sunday,13:00,DAL,3,IND,20,Home,0,6.5,14,7,0
2002_11_BUF_KC,2002,REG,11,2002-11-17,Sunday,13:00,BUF,16,KC,17,Home,0,3.5,14,7,0
2002_11_GB_MIN,2002,REG,11,2002-11-17,Sunday,13:00,GB,21,MIN,31,Home,0,-6.5,7,7,1
2002_11_WAS_NYG,2002,REG,11,2002-11-17,Sunday,13:00,WAS,17,NYG,19,Home,0,3.5,7,7,1
2002_11_ARI_PHI,2002,REG,11,2002-11-17,Sunday,13:00,ARI,14,PHI,38,Home,0,12,7,7,0
2002_11_PIT_TEN,2002,REG,11,2002-11-17,Sunday,13:00,PIT,23,TEN,31,Home,0,-3,7,7,0
2002_11_SF_SD,2002,REG,11,2002-11-17,Sunday,16:05,SF,17,SD,20,Home,1,-2.5,7,7,0
2002_11_CAR_TB,2002,REG,11,2002-11-17,Sunday,16:05,CAR,10,TB,23,Home,0,8,7,14,1
2002_11_NYJ_DET,2002,REG,11,2002-11-17,Sunday,16:15,NYJ,31,DET,14,Home,0,-3,7,7,0
2002_11_BAL_MIA,2002,REG,11,2002-11-17,Sunday,16:15,BAL,7,MIA,26,Home,0,5,7,7,0
2002_11_DEN_SEA,2002,REG,11,2002-11-17,Sunday,16:15,DEN,31,SEA,9,Home,0,-5.5,6,7,0
2002_11_NE_OAK,2002,REG,11,2002-11-17,Sunday,20:30,NE,20,OAK,27,Home,0,4.5,7,6,0
2002_11_CHI_STL,2002,REG,11,2002-11-18,Monday,09:00,CHI,16,STL,21,Home,0,10.5,8,8,0
2002_12_TEN_BAL,2002,REG,12,2002-11-24,Sunday,13:00,TEN,12,BAL,13,Home,0,-2.5,7,7,0
2002_12_ATL_CAR,2002,REG,12,2002-11-24,Sunday,13:00,ATL,41,CAR,0,Home,0,-3.5,7,7,1
2002_12_DET_CHI,2002,REG,12,2002-11-24,Sunday,13:00,DET,17,CHI,20,Home,1,5,7,6,1
2002_12_JAX_DAL,2002,REG,12,2002-11-24,Sunday,13:00,JAX,19,DAL,21,Home,0,-2.5,7,7,0
2002_12_SD_MIA,2002,REG,12,2002-11-24,Sunday,13:00,SD,3,MIA,30,Home,0,4,7,7,0
2002_12_MIN_NE,2002,REG,12,2002-11-24,Sunday,13:00,MIN,17,NE,24,Home,0,8,7,7,0
2002_12_CLE_NO,2002,REG,12,2002-11-24,Sunday,13:00,CLE,24,NO,15,Home,0,5.5,7,7,0
2002_12_BUF_NYJ,2002,REG,12,2002-11-24,Sunday,13:00,BUF,13,NYJ,31,Home,0,3,7,7,1
2002_12_CIN_PIT,2002,REG,12,2002-11-24,Sunday,13:00,CIN,21,PIT,29,Home,0,10.5,7,7,1
2002_12_STL_WAS,2002,REG,12,2002-11-24,Sunday,13:00,STL,17,WAS,20,Home,0,-3.5,6,7,0
2002_12_OAK_ARI,2002,REG,12,2002-11-24,Sunday,16:05,OAK,41,ARI,20,Home,0,-9.5,7,7,0
2002_12_KC_SEA,2002,REG,12,2002-11-24,Sunday,16:05,KC,32,SEA,39,Home,0,-3.5,7,7,0
2002_12_NYG_HOU,2002,REG,12,2002-11-24,Sunday,16:15,NYG,14,HOU,16,Home,0,-5.5,7,7,0
2002_12_GB_TB,2002,REG,12,2002-11-24,Sunday,16:15,GB,7,TB,21,Home,0,3,7,7,0
2002_12_IND_DEN,2002,REG,12,2002-11-24,Sunday,20:30,IND,23,DEN,20,Home,1,6,7,7,0
2002_12_PHI_SF,2002,REG,12,2002-11-25,Monday,09:00,PHI,38,SF,17,Home,0,7,8,8,0
2002_13_NE_DET,2002,REG,13,2002-11-28,Thursday,12:30,NE,20,DET,12,Home,0,-6,4,4,0
2002_13_WAS_DAL,2002,REG,13,2002-11-28,Thursday,16:05,WAS,20,DAL,27,Home,0,-1,4,4,1
2002_13_MIA_BUF,2002,REG,13,2002-12-01,Sunday,13:00,MIA,21,BUF,38,Home,0,-2,7,7,1
2002_13_BAL_CIN,2002,REG,13,2002-12-01,Sunday,13:00,BAL,27,CIN,23,Home,0,-2.5,7,7,1
2002_13_CAR_CLE,2002,REG,13,2002-12-01,Sunday,13:00,CAR,13,CLE,6,Home,0,7.5,7,7,0
2002_13_CHI_GB,2002,REG,13,2002-12-01,Sunday,13:00,CHI,20,GB,30,Home,0,9.5,7,7,1
2002_13_PIT_JAX,2002,REG,13,2002-12-01,Sunday,13:00,PIT,25,JAX,23,Home,0,-3,7,7,0
2002_13_ARI_KC,2002,REG,13,2002-12-01,Sunday,13:00,ARI,0,KC,49,Home,0,9,7,7,0
2002_13_ATL_MIN,2002,REG,13,2002-12-01,Sunday,13:00,ATL,30,MIN,24,Home,1,-3.5,7,7,0
2002_13_TEN_NYG,2002,REG,13,2002-12-01,Sunday,13:00,TEN,32,NYG,29,Home,1,3,7,7,0
2002_13_HOU_IND,2002,REG,13,2002-12-01,Sunday,16:05,HOU,3,IND,19,Home,0,11.5,7,7,1
2002_13_DEN_SD,2002,REG,13,2002-12-01,Sunday,16:05,DEN,27,SD,30,Home,1,-3,7,7,1
2002_13_STL_PHI,2002,REG,13,2002-12-01,Sunday,16:15,STL,3,PHI,10,Home,0,-2,7,6,0
2002_13_SEA_SF,2002,REG,13,2002-12-01,Sunday,16:15,SEA,24,SF,31,Home,0,8.5,7,6,1
2002_13_TB_NO,2002,REG,13,2002-12-01,Sunday,20:30,TB,20,NO,23,Home,0,-1.5,7,7,1
2002_13_NYJ_OAK,2002,REG,13,2002-12-02,Monday,09:00,NYJ,20,OAK,26,Home,0,6,8,8,0
2002_14_CIN_CAR,2002,REG,14,2002-12-08,Sunday,13:00,CIN,31,CAR,52,Home,0,3,7,7,0
2002_14_SF_DAL,2002,REG,14,2002-12-08,Sunday,13:00,SF,31,DAL,27,Home,0,-4.5,7,10,0
2002_14_CLE_JAX,2002,REG,14,2002-12-08,Sunday,13:00,CLE,21,JAX,20,Home,0,2.5,7,7,0
2002_14_STL_KC,2002,REG,14,2002-12-08,Sunday,13:00,STL,10,KC,49,Home,0,4.5,7,7,0
2002_14_BUF_NE,2002,REG,14,2002-12-08,Sunday,13:00,BUF,17,NE,27,Home,0,3.5,7,10,1
2002_14_HOU_PIT,2002,REG,14,2002-12-08,Sunday,13:00,HOU,24,PIT,6,Home,0,14,7,7,0
2002_14_ATL_TB,2002,REG,14,2002-12-08,Sunday,13:00,ATL,10,TB,34,Home,0,3.5,7,7,1
2002_14_IND_TEN,2002,REG,14,2002-12-08,Sunday,13:00,IND,17,TEN,27,Home,0,-1,7,7,1
2002_14_NYG_WAS,2002,REG,14,2002-12-08,Sunday,13:00,NYG,27,WAS,21,Home,0,3,7,10,1
2002_14_DET_ARI,2002,REG,14,2002-12-08,Sunday,16:05,DET,20,ARI,23,Home,1,-1,10,7,0
2002_14_NO_BAL,2002,REG,14,2002-12-08,Sunday,16:05,NO,37,BAL,25,Home,0,-2,7,7,0
2002_14_PHI_SEA,2002,REG,14,2002-12-08,Sunday,16:05,PHI,27,SEA,20,Home,0,-3,7,7,0
2002_14_DEN_NYJ,2002,REG,14,2002-12-08,Sunday,16:15,DEN,13,NYJ,19,Home,0,-1.5,7,6,0
2002_14_OAK_SD,2002,REG,14,2002-12-08,Sunday,16:15,OAK,27,SD,7,Home,0,-3.5,6,7,1
2002_14_MIN_GB,2002,REG,14,2002-12-08,Sunday,20:30,MIN,22,GB,26,Home,0,9.5,7,7,1
2002_14_CHI_MIA,2002,REG,14,2002-12-09,Monday,09:00,CHI,9,MIA,27,Home,0,10.5,8,8,0
2002_15_SEA_ATL,2002,REG,15,2002-12-15,Sunday,13:00,SEA,30,ATL,24,Home,1,9.5,7,7,0
2002_15_SD_BUF,2002,REG,15,2002-12-15,Sunday,13:00,SD,13,BUF,20,Home,0,3,7,7,0
2002_15_NYJ_CHI,2002,REG,15,2002-12-15,Sunday,13:00,NYJ,13,CHI,20,Home,0,-6.5,7,6,0
2002_15_JAX_CIN,2002,REG,15,2002-12-15,Sunday,13:00,JAX,29,CIN,15,Home,0,-3,7,7,0
2002_15_IND_CLE,2002,REG,15,2002-12-15,Sunday,13:00,IND,28,CLE,23,Home,0,-2,7,7,0
2002_15_TB_DET,2002,REG,15,2002-12-15,Sunday,13:00,TB,23,DET,20,Home,0,-9.5,7,7,0
2002_15_BAL_HOU,2002,REG,15,2002-12-15,Sunday,13:00,BAL,23,HOU,19,Home,0,-3,7,7,0
2002_15_OAK_MIA,2002,REG,15,2002-12-15,Sunday,13:00,OAK,17,MIA,23,Home,0,1.5,7,6,0
2002_15_MIN_NO,2002,REG,15,2002-12-15,Sunday,13:00,MIN,32,NO,31,Home,0,7,7,7,0
2002_15_WAS_PHI,2002,REG,15,2002-12-15,Sunday,13:00,WAS,21,PHI,34,Home,0,7.5,7,7,1
2002_15_CAR_PIT,2002,REG,15,2002-12-15,Sunday,13:00,CAR,14,PIT,30,Home,0,9,7,7,0
2002_15_KC_DEN,2002,REG,15,2002-12-15,Sunday,16:05,KC,24,DEN,31,Home,0,3.5,7,7,1
2002_15_DAL_NYG,2002,REG,15,2002-12-15,Sunday,16:15,DAL,7,NYG,37,Home,0,5,7,7,1
2002_15_GB_SF,2002,REG,15,2002-12-15,Sunday,16:15,GB,20,SF,14,Home,0,3,7,7,0
2002_15_ARI_STL,2002,REG,15,2002-12-15,Sunday,20:30,ARI,28,STL,30,Home,0,11,7,7,1
2002_15_NE_TEN,2002,REG,15,2002-12-16,Monday,09:00,NE,7,TEN,24,Home,0,2.5,8,8,0
2002_16_MIA_MIN,2002,REG,16,2002-12-21,Saturday,13:30,MIA,17,MIN,20,Home,0,-3,6,6,0
2002_16_SF_ARI,2002,REG,16,2002-12-21,Saturday,17:00,SF,17,ARI,14,Home,0,-3.5,6,6,1
2002_16_PHI_DAL,2002,REG,16,2002-12-21,Saturday,20:30,PHI,27,DAL,3,Home,0,-7,6,6,1
2002_16_DET_ATL,2002,REG,16,2002-12-22,Sunday,13:00,DET,15,ATL,36,Home,0,10.5,7,7,0
2002_16_CHI_CAR,2002,REG,16,2002-12-22,Sunday,13:00,CHI,14,CAR,24,Home,0,4,7,7,0
2002_16_NO_CIN,2002,REG,16,2002-12-22,Sunday,13:00,NO,13,CIN,20,Home,0,-7,7,7,0
2002_16_BUF_GB,2002,REG,16,2002-12-22,Sunday,13:00,BUF,0,GB,10,Home,0,6.5,7,7,0
2002_16_NYG_IND,2002,REG,16,2002-12-22,Sunday,13:00,NYG,44,IND,27,Home,0,4.5,7,7,0
2002_16_TEN_JAX,2002,REG,16,2002-12-22,Sunday,13:00,TEN,28,JAX,10,Home,0,-3,6,7,1
2002_16_SD_KC,2002,REG,16,2002-12-22,Sunday,13:00,SD,22,KC,24,Home,0,1.5,7,7,1
2002_16_HOU_WAS,2002,REG,16,2002-12-22,Sunday,13:00,HOU,10,WAS,26,Home,0,6.5,7,7,0
2002_16_STL_SEA,2002,REG,16,2002-12-22,Sunday,16:05,STL,10,SEA,30,Home,0,2.5,7,7,1
2002_16_CLE_BAL,2002,REG,16,2002-12-22,Sunday,16:15,CLE,14,BAL,13,Home,0,2.5,7,7,1
2002_16_DEN_OAK,2002,REG,16,2002-12-22,Sunday,16:15,DEN,16,OAK,28,Home,0,3.5,7,7,1
2002_16_NYJ_NE,2002,REG,16,2002-12-22,Sunday,20:30,NYJ,30,NE,17,Home,0,3.5,7,6,1
2002_16_PIT_TB,2002,REG,16,2002-12-23,Monday,09:00,PIT,17,TB,7,Home,0,4.5,8,8,0
2002_17_PHI_NYG,2002,REG,17,2002-12-28,Saturday,13:30,PHI,7,NYG,10,Home,1,1,7,6,1
2002_17_KC_OAK,2002,REG,17,2002-12-28,Saturday,17:00,KC,0,OAK,24,Home,0,8.5,6,6,1
2002_17_CIN_BUF,2002,REG,17,2002-12-29,Sunday,13:00,CIN,9,BUF,27,Home,0,7.5,7,7,0
2002_17_ATL_CLE,2002,REG,17,2002-12-29,Sunday,13:00,ATL,16,CLE,24,Home,0,-2.5,7,7,0
2002_17_MIN_DET,2002,REG,17,2002-12-29,Sunday,13:00,MIN,38,DET,36,Home,0,-3.5,8,7,1
2002_17_TEN_HOU,2002,REG,17,2002-12-29,Sunday,13:00,TEN,13,HOU,3,Home,0,-9.5,7,7,1
2002_17_MIA_NE,2002,REG,17,2002-12-29,Sunday,13:00,MIA,24,NE,27,Home,1,-2,8,7,1
2002_17_CAR_NO,2002,REG,17,2002-12-29,Sunday,13:00,CAR,10,NO,6,Home,0,6,7,7,1
2002_17_BAL_PIT,2002,REG,17,2002-12-29,Sunday,13:00,BAL,31,PIT,34,Home,0,8,7,6,1
2002_17_DAL_WAS,2002,REG,17,2002-12-29,Sunday,13:00,DAL,14,WAS,20,Home,0,7.5,8,7,1
2002_17_JAX_IND,2002,REG,17,2002-12-29,Sunday,16:05,JAX,13,IND,20,Home,0,8.5,7,7,1
2002_17_ARI_DEN,2002,REG,17,2002-12-29,Sunday,16:15,ARI,7,DEN,37,Home,0,13.5,8,7,0
2002_17_GB_NYJ,2002,REG,17,2002-12-29,Sunday,16:15,GB,17,NYJ,42,Home,0,-1.5,7,7,0
2002_17_SEA_SD,2002,REG,17,2002-12-29,Sunday,16:15,SEA,31,SD,28,Home,1,3,7,7,0
2002_17_TB_CHI,2002,REG,17,2002-12-29,Sunday,20:30,TB,15,CHI,0,Home,0,-7,6,7,0
2002_17_SF_STL,2002,REG,17,2002-12-30,Monday,09:00,SF,20,STL,31,Home,0,2,9,8,1
2002_18_IND_NYJ,2002,WC,18,2003-01-04,Saturday,16:30,IND,0,NYJ,41,Home,0,6,6,6,0
2002_18_ATL_GB,2002,WC,18,2003-01-04,Saturday,20:00,ATL,27,GB,7,Home,0,6.5,6,6,0
2002_18_CLE_PIT,2002,WC,18,2003-01-05,Sunday,13:00,CLE,33,PIT,36,Home,0,8,7,7,1
2002_18_NYG_SF,2002,WC,18,2003-01-05,Sunday,16:30,NYG,38,SF,39,Home,0,3,8,6,0
2002_19_PIT_TEN,2002,DIV,19,2003-01-11,Saturday,16:30,PIT,31,TEN,34,Home,1,4.5,6,13,0
2002_19_ATL_PHI,2002,DIV,19,2003-01-11,Saturday,20:00,ATL,6,PHI,20,Home,0,7.5,7,14,0
2002_19_SF_TB,2002,DIV,19,2003-01-12,Sunday,13:00,SF,6,TB,31,Home,0,6,7,14,0
2002_19_NYJ_OAK,2002,DIV,19,2003-01-12,Sunday,16:30,NYJ,10,OAK,30,Home,0,5.5,8,15,0
2002_20_TB_PHI,2002,CON,20,2003-01-19,Sunday,15:00,TB,27,PHI,10,Home,0,4,7,8,0
2002_20_TEN_OAK,2002,CON,20,2003-01-19,Sunday,18:30,TEN,24,OAK,41,Home,0,9,8,7,0
2002_21_OAK_TB,2002,SB,21,2003-01-26,Sunday,18:18,OAK,21,TB,48,Neutral,0,-3.5,7,7,0
2003_01_NYJ_WAS,2003,REG,1,2003-09-04,Thursday,09:00,NYJ,13,WAS,16,Home,0,3,7,7,0
2003_01_NE_BUF,2003,REG,1,2003-09-07,Sunday,13:00,NE,0,BUF,31,Home,0,1,7,7,1
2003_01_JAX_CAR,2003,REG,1,2003-09-07,Sunday,13:00,JAX,23,CAR,24,Home,0,4,7,7,0
2003_01_DEN_CIN,2003,REG,1,2003-09-07,Sunday,13:00,DEN,30,CIN,10,Home,0,-6,7,7,0
2003_01_IND_CLE,2003,REG,1,2003-09-07,Sunday,13:00,IND,9,CLE,6,Home,0,-2,7,7,0
2003_01_ARI_DET,2003,REG,1,2003-09-07,Sunday,13:00,ARI,24,DET,42,Home,0,3.5,7,7,0
2003_01_MIN_GB,2003,REG,1,2003-09-07,Sunday,13:00,MIN,30,GB,25,Home,0,4,7,7,1
2003_01_SD_KC,2003,REG,1,2003-09-07,Sunday,13:00,SD,14,KC,27,Home,0,4.5,7,7,1
2003_01_HOU_MIA,2003,REG,1,2003-09-07,Sunday,13:00,HOU,21,MIA,20,Home,0,14,7,7,0
2003_01_STL_NYG,2003,REG,1,2003-09-07,Sunday,13:00,STL,13,NYG,23,Home,0,-1,7,7,0
2003_01_BAL_PIT,2003,REG,1,2003-09-07,Sunday,13:00,BAL,15,PIT,34,Home,0,4,7,7,1
2003_01_ATL_DAL,2003,REG,1,2003-09-07,Sunday,16:15,ATL,27,DAL,13,Home,0,2,7,7,0
2003_01_NO_SEA,2003,REG,1,2003-09-07,Sunday,16:15,NO,10,SEA,27,Home,0,3,7,7,0
2003_01_CHI_SF,2003,REG,1,2003-09-07,Sunday,16:15,CHI,7,SF,49,Home,0,6.5,7,7,0
2003_01_OAK_TEN,2003,REG,1,2003-09-07,Sunday,20:30,OAK,20,TEN,25,Home,0,3.5,7,7,0
2003_01_TB_PHI,2003,REG,1,2003-09-08,Monday,09:00,TB,17,PHI,0,Home,0,3,7,7,0
2003_02_WAS_ATL,2003,REG,2,2003-09-14,Sunday,13:00,WAS,33,ATL,31,Home,0,3,10,7,0
2003_02_CLE_BAL,2003,REG,2,2003-09-14,Sunday,13:00,CLE,13,BAL,33,Home,0,2.5,7,7,1
2003_02_DET_GB,2003,REG,2,2003-09-14,Sunday,13:00,DET,6,GB,31,Home,0,7,7,7,1
2003_02_TEN_IND,2003,REG,2,2003-09-14,Sunday,13:00,TEN,7,IND,33,Home,0,2.5,7,7,1
2003_02_BUF_JAX,2003,REG,2,2003-09-14,Sunday,13:00,BUF,38,JAX,17,Home,0,-3,7,7,0
2003_02_PIT_KC,2003,REG,2,2003-09-14,Sunday,13:00,PIT,20,KC,41,Home,0,3.5,7,7,0
2003_02_HOU_NO,2003,REG,2,2003-09-14,Sunday,13:00,HOU,10,NO,31,Home,0,8,7,7,0
2003_02_MIA_NYJ,2003,REG,2,2003-09-14,Sunday,13:00,MIA,21,NYJ,10,Home,0,-3,7,10,1
2003_02_SF_STL,2003,REG,2,2003-09-14,Sunday,13:00,SF,24,STL,27,Home,1,3,7,7,1
2003_02_SEA_ARI,2003,REG,2,2003-09-14,Sunday,16:05,SEA,38,ARI,0,Home,0,-5,7,7,1
2003_02_CAR_TB,2003,REG,2,2003-09-14,Sunday,16:05,CAR,12,TB,9,Home,1,9,7,6,1
2003_02_CIN_OAK,2003,REG,2,2003-09-14,Sunday,16:15,CIN,20,OAK,23,Home,0,12,7,7,0
2003_02_NE_PHI,2003,REG,2,2003-09-14,Sunday,16:15,NE,31,PHI,10,Home,0,4,7,6,0
2003_02_DEN_SD,2003,REG,2,2003-09-14,Sunday,16:15,DEN,37,SD,13,Home,0,-3,7,7,1
2003_02_CHI_MIN,2003,REG,2,2003-09-14,Sunday,20:30,CHI,13,MIN,24,Home,0,9,7,7,1
2003_02_DAL_NYG,2003,REG,2,2003-09-15,Monday,09:00,DAL,35,NYG,32,Home,1,7.5,8,8,1
2003_03_TB_ATL,2003,REG,3,2003-09-21,Sunday,13:00,TB,31,ATL,10,Home,0,-6.5,7,7,1
2003_03_PIT_CIN,2003,REG,3,2003-09-21,Sunday,13:00,PIT,17,CIN,10,Home,0,-4.5,7,7,1
2003_03_MIN_DET,2003,REG,3,2003-09-21,Sunday,13:00,MIN,23,DET,13,Home,0,-4,7,7,1
2003_03_KC_HOU,2003,REG,3,2003-09-21,Sunday,13:00,KC,42,HOU,14,Home,0,-7.5,7,7,0
2003_03_JAX_IND,2003,REG,3,2003-09-21,Sunday,13:00,JAX,13,IND,23,Home,0,7.5,7,7,1
2003_03_NYJ_NE,2003,REG,3,2003-09-21,Sunday,13:00,NYJ,16,NE,23,Home,0,6,7,7,1
2003_03_NO_TEN,2003,REG,3,2003-09-21,Sunday,13:00,NO,12,TEN,27,Home,0,4.5,7,7,0
2003_03_GB_ARI,2003,REG,3,2003-09-21,Sunday,16:05,GB,13,ARI,20,Home,0,-7.5,7,7,0
2003_03_STL_SEA,2003,REG,3,2003-09-21,Sunday,16:05,STL,23,SEA,24,Home,0,3,7,7,1
2003_03_NYG_WAS,2003,REG,3,2003-09-21,Sunday,16:05,NYG,24,WAS,21,Home,1,1.5,6,7,1
2003_03_BAL_SD,2003,REG,3,2003-09-21,Sunday,16:15,BAL,24,SD,10,Home,0,1.5,7,7,0
2003_03_CLE_SF,2003,REG,3,2003-09-21,Sunday,16:15,CLE,13,SF,12,Home,0,7,7,7,0
2003_03_BUF_MIA,2003,REG,3,2003-09-21,Sunday,20:30,BUF,7,MIA,17,Home,0,3,7,7,1
2003_03_OAK_DEN,2003,REG,3,2003-09-22,Monday,09:00,OAK,10,DEN,31,Home,0,5.5,8,8,1
2003_04_PHI_BUF,2003,REG,4,2003-09-28,Sunday,13:00,PHI,23,BUF,13,Home,0,3,14,7,0
2003_04_CIN_CLE,2003,REG,4,2003-09-28,Sunday,13:00,CIN,21,CLE,14,Home,0,4.5,7,7,1
2003_04_JAX_HOU,2003,REG,4,2003-09-28,Sunday,13:00,JAX,20,HOU,24,Home,0,-2.5,7,7,1
2003_04_SF_MIN,2003,REG,4,2003-09-28,Sunday,13:00,SF,7,MIN,35,Home,0,0,7,7,0
2003_04_TEN_PIT,2003,REG,4,2003-09-28,Sunday,13:00,TEN,30,PIT,13,Home,0,3.5,7,7,0
2003_04_ARI_STL,2003,REG,4,2003-09-28,Sunday,13:00,ARI,13,STL,37,Home,0,11.5,7,7,1
2003_04_NE_WAS,2003,REG,4,2003-09-28,Sunday,13:00,NE,17,WAS,20,Home,0,3.5,7,7,0
2003_04_KC_BAL,2003,REG,4,2003-09-28,Sunday,16:05,KC,17,BAL,10,Home,0,-3,7,7,0
2003_04_SD_OAK,2003,REG,4,2003-09-28,Sunday,16:05,SD,31,OAK,34,Home,1,7,7,6,1
2003_04_ATL_CAR,2003,REG,4,2003-09-28,Sunday,16:15,ATL,3,CAR,23,Home,0,6,7,14,1
2003_04_DET_DEN,2003,REG,4,2003-09-28,Sunday,16:15,DET,16,DEN,20,Home,0,12,7,6,0
2003_04_DAL_NYJ,2003,REG,4,2003-09-28,Sunday,16:15,DAL,17,NYJ,6,Home,0,3,13,7,0
2003_04_IND_NO,2003,REG,4,2003-09-28,Sunday,20:30,IND,55,NO,21,Home,0,-1.5,7,7,0
2003_04_GB_CHI,2003,REG,4,2003-09-29,Monday,09:00,GB,38,CHI,23,Home,0,-4,8,15,1
2003_05_MIN_ATL,2003,REG,5,2003-10-05,Sunday,13:00,MIN,39,ATL,26,Home,0,-4.5,7,7,0
2003_05_CIN_BUF,2003,REG,5,2003-10-05,Sunday,13:00,CIN,16,BUF,22,Home,1,7,7,7,0
2003_05_NO_CAR,2003,REG,5,2003-10-05,Sunday,13:00,NO,13,CAR,19,Home,0,7,7,7,1
2003_05_OAK_CHI,2003,REG,5,2003-10-05,Sunday,13:00,OAK,21,CHI,24,Home,0,-3.5,7,6,0
2003_05_ARI_DAL,2003,REG,5,2003-10-05,Sunday,13:00,ARI,7,DAL,24,Home,0,7.5,7,7,0
2003_05_SEA_GB,2003,REG,5,2003-10-05,Sunday,13:00,SEA,13,GB,35,Home,0,1,14,6,0
2003_05_DEN_KC,2003,REG,5,2003-10-05,Sunday,13:00,DEN,23,KC,24,Home,0,3.5,7,7,1
2003_05_TEN_NE,2003,REG,5,2003-10-05,Sunday,13:00,TEN,30,NE,38,Home,0,1,7,7,0
2003_05_MIA_NYG,2003,REG,5,2003-10-05,Sunday,13:00,MIA,23,NYG,10,Home,0,1.5,14,14,0
2003_05_SD_JAX,2003,REG,5,2003-10-05,Sunday,16:05,SD,21,JAX,27,Home,0,3,7,7,0
2003_05_WAS_PHI,2003,REG,5,2003-10-05,Sunday,16:15,WAS,25,PHI,27,Home,0,4.5,7,7,1
2003_05_DET_SF,2003,REG,5,2003-10-05,Sunday,16:15,DET,17,SF,24,Home,0,7.5,7,7,0
2003_05_CLE_PIT,2003,REG,5,2003-10-05,Sunday,20:30,CLE,33,PIT,13,Home,0,7,7,7,1
2003_05_IND_TB,2003,REG,5,2003-10-06,Monday,09:00,IND,38,TB,35,Home,1,4.5,8,15,0
2003_06_OAK_CLE,2003,REG,6,2003-10-12,Sunday,13:00,OAK,7,CLE,13,Home,0,3.5,7,7,0
2003_06_PHI_DAL,2003,REG,6,2003-10-12,Sunday,13:00,PHI,21,DAL,23,Home,0,1,7,7,1
2003_06_KC_GB,2003,REG,6,2003-10-12,Sunday,13:00,KC,40,GB,34,Home,1,2.5,7,7,0
2003_06_CAR_IND,2003,REG,6,2003-10-12,Sunday,13:00,CAR,23,IND,20,Home,1,4,7,6,0
2003_06_MIA_JAX,2003,REG,6,2003-10-12,Sunday,13:00,MIA,24,JAX,10,Home,0,-3.5,7,7,0
2003_06_NYG_NE,2003,REG,6,2003-10-12,Sunday,13:00,NYG,6,NE,17,Home,0,2.5,7,7,0
2003_06_CHI_NO,2003,REG,6,2003-10-12,Sunday,13:00,CHI,13,NO,20,Home,0,6.5,7,7,0
2003_06_HOU_TEN,2003,REG,6,2003-10-12,Sunday,13:00,HOU,17,TEN,38,Home,0,8.5,14,7,1
2003_06_TB_WAS,2003,REG,6,2003-10-12,Sunday,13:00,TB,35,WAS,13,Home,0,-3.5,6,7,0
2003_06_BAL_ARI,2003,REG,6,2003-10-12,Sunday,16:15,BAL,26,ARI,18,Home,0,-6.5,14,7,0
2003_06_PIT_DEN,2003,REG,6,2003-10-12,Sunday,16:15,PIT,14,DEN,17,Home,0,6.5,7,7,0
2003_06_BUF_NYJ,2003,REG,6,2003-10-12,Sunday,16:15,BUF,3,NYJ,30,Home,0,-1,7,14,1
2003_06_SF_SEA,2003,REG,6,2003-10-12,Sunday,20:30,SF,19,SEA,20,Home,0,3.5,7,7,1
2003_06_ATL_STL,2003,REG,6,2003-10-13,Monday,09:00,ATL,0,STL,36,Home,0,10,8,15,0
2003_07_NO_ATL,2003,REG,7,2003-10-19,Sunday,13:00,NO,45,ATL,17,Home,0,-3,7,6,1
2003_07_TEN_CAR,2003,REG,7,2003-10-19,Sunday,13:00,TEN,37,CAR,17,Home,0,0,7,7,0
2003_07_BAL_CIN,2003,REG,7,2003-10-19,Sunday,13:00,BAL,26,CIN,34,Home,0,-1,7,14,1
2003_07_SD_CLE,2003,REG,7,2003-10-19,Sunday,13:00,SD,26,CLE,20,Home,0,3.5,14,7,0
2003_07_DAL_DET,2003,REG,7,2003-10-19,Sunday,13:00,DAL,38,DET,7,Home,0,-3,7,14,0
2003_07_NE_MIA,2003,REG,7,2003-10-19,Sunday,13:00,NE,19,MIA,13,Home,1,6.5,7,7,1
2003_07_DEN_MIN,2003,REG,7,2003-10-19,Sunday,13:00,DEN,20,MIN,28,Home,0,4,7,14,0
2003_07_PHI_NYG,2003,REG,7,2003-10-19,Sunday,13:00,PHI,14,NYG,10,Home,0,3,7,7,1
2003_07_GB_STL,2003,REG,7,2003-10-19,Sunday,13:00,GB,24,STL,34,Home,0,4,7,6,0
2003_07_NYJ_HOU,2003,REG,7,2003-10-19,Sunday,16:05,NYJ,19,HOU,14,Home,0,-3.5,7,7,0
2003_07_WAS_BUF,2003,REG,7,2003-10-19,Sunday,16:15,WAS,7,BUF,24,Home,0,3,7,7,0
2003_07_CHI_SEA,2003,REG,7,2003-10-19,Sunday,16:15,CHI,17,SEA,24,Home,0,11,7,7,0
2003_07_TB_SF,2003,REG,7,2003-10-19,Sunday,16:15,TB,7,SF,24,Home,0,-5,7,7,0
2003_07_KC_OAK,2003,REG,7,2003-10-20,Monday,09:00,KC,17,OAK,10,Home,0,-4.5,8,8,1
2003_08_DEN_BAL,2003,REG,8,2003-10-26,Sunday,13:00,DEN,6,BAL,26,Home,0,2.5,7,7,0
2003_08_DET_CHI,2003,REG,8,2003-10-26,Sunday,13:00,DET,16,CHI,24,Home,0,3,7,7,1
2003_08_SEA_CIN,2003,REG,8,2003-10-26,Sunday,13:00,SEA,24,CIN,27,Home,0,-3,7,7,0
2003_08_TEN_JAX,2003,REG,8,2003-10-26,Sunday,13:00,TEN,30,JAX,17,Home,0,-4.5,7,14,1
2003_08_NYG_MIN,2003,REG,8,2003-10-26,Sunday,13:00,NYG,29,MIN,17,Home,0,5.5,7,7,0
2003_08_CLE_NE,2003,REG,8,2003-10-26,Sunday,13:00,CLE,3,NE,9,Home,0,4.5,7,7,0
2003_08_CAR_NO,2003,REG,8,2003-10-26,Sunday,13:00,CAR,23,NO,20,Home,1,3,7,7,1
2003_08_STL_PIT,2003,REG,8,2003-10-26,Sunday,13:00,STL,33,PIT,21,Home,0,1,7,14,0
2003_08_DAL_TB,2003,REG,8,2003-10-26,Sunday,13:00,DAL,0,TB,16,Home,0,6,7,7,0
2003_08_SF_ARI,2003,REG,8,2003-10-26,Sunday,16:05,SF,13,ARI,16,Home,1,-7,7,14,1
2003_08_HOU_IND,2003,REG,8,2003-10-26,Sunday,16:15,HOU,21,IND,30,Home,0,13,7,14,1
2003_08_NYJ_PHI,2003,REG,8,2003-10-26,Sunday,16:15,NYJ,17,PHI,24,Home,0,3,7,7,0
2003_08_BUF_KC,2003,REG,8,2003-10-26,Sunday,20:30,BUF,5,KC,38,Home,0,5.5,7,6,0
2003_08_MIA_SD,2003,REG,8,2003-10-27,Monday,09:00,MIA,26,SD,10,Neutral,0,-6.5,8,8,0
2003_09_JAX_BAL,2003,REG,9,2003-11-02,Sunday,13:00,JAX,17,BAL,24,Home,0,7,7,7,0
2003_09_SD_CHI,2003,REG,9,2003-11-02,Sunday,13:00,SD,7,CHI,20,Home,0,1,6,7,0
2003_09_OAK_DET,2003,REG,9,2003-11-02,Sunday,13:00,OAK,13,DET,23,Home,0,-3.5,13,7,0
2003_09_CAR_HOU,2003,REG,9,2003-11-02,Sunday,13:00,CAR,10,HOU,14,Home,0,-6,7,7,0
2003_09_IND_MIA,2003,REG,9,2003-11-02,Sunday,13:00,IND,23,MIA,17,Home,0,3,7,6,0
2003_09_NYG_NYJ,2003,REG,9,2003-11-02,Sunday,13:00,NYG,31,NYJ,28,Home,1,-3.5,7,7,0
2003_09_NO_TB,2003,REG,9,2003-11-02,Sunday,13:00,NO,17,TB,14,Home,0,8,7,7,1
2003_09_CIN_ARI,2003,REG,9,2003-11-02,Sunday,16:05,CIN,14,ARI,17,Home,0,-3,7,7,0
2003_09_PIT_SEA,2003,REG,9,2003-11-02,Sunday,16:05,PIT,16,SEA,23,Home,0,5,7,7,0
2003_09_PHI_ATL,2003,REG,9,2003-11-02,Sunday,16:15,PHI,23,ATL,16,Home,0,-6,7,14,0
2003_09_WAS_DAL,2003,REG,9,2003-11-02,Sunday,16:15,WAS,14,DAL,21,Home,0,6,14,7,1
2003_09_STL_SF,2003,REG,9,2003-11-02,Sunday,16:15,STL,10,SF,30,Home,0,-5,7,7,1
2003_09_GB_MIN,2003,REG,9,2003-11-02,Sunday,20:30,GB,30,MIN,27,Home,0,5.5,14,7,1
2003_09_NE_DEN,2003,REG,9,2003-11-03,Monday,09:00,NE,30,DEN,26,Home,0,2,8,8,0
2003_10_TB_CAR,2003,REG,10,2003-11-09,Sunday,13:00,TB,24,CAR,27,Home,0,-3.5,7,7,1
2003_10_HOU_CIN,2003,REG,10,2003-11-09,Sunday,13:00,HOU,27,CIN,34,Home,0,4,7,7,0
2003_10_CHI_DET,2003,REG,10,2003-11-09,Sunday,13:00,CHI,10,DET,12,Home,0,0,7,7,1
2003_10_IND_JAX,2003,REG,10,2003-11-09,Sunday,13:00,IND,23,JAX,28,Home,0,-6,7,7,1
2003_10_CLE_KC,2003,REG,10,2003-11-09,Sunday,13:00,CLE,20,KC,41,Home,0,9,14,14,0
2003_10_ATL_NYG,2003,REG,10,2003-11-09,Sunday,13:00,ATL,27,NYG,7,Home,0,11.5,7,7,0
2003_10_ARI_PIT,2003,REG,10,2003-11-09,Sunday,13:00,ARI,15,PIT,28,Home,0,7,7,7,0
2003_10_MIA_TEN,2003,REG,10,2003-11-09,Sunday,13:00,MIA,7,TEN,31,Home,0,5.5,7,14,0
2003_10_SEA_WAS,2003,REG,10,2003-11-09,Sunday,13:00,SEA,20,WAS,27,Home,0,-3,7,7,0
2003_10_MIN_SD,2003,REG,10,2003-11-09,Sunday,16:05,MIN,28,SD,42,Home,0,-5.5,7,7,0
2003_10_BUF_DAL,2003,REG,10,2003-11-09,Sunday,16:15,BUF,6,DAL,10,Home,0,4,14,7,0
2003_10_NYJ_OAK,2003,REG,10,2003-11-09,Sunday,16:15,NYJ,27,OAK,24,Home,1,-3,7,7,0
2003_10_BAL_STL,2003,REG,10,2003-11-09,Sunday,20:30,BAL,22,STL,33,Home,0,6.5,7,7,0
2003_10_PHI_GB,2003,REG,10,2003-11-10,Monday,09:00,PHI,17,GB,14,Home,0,4.5,8,8,0
2003_11_HOU_BUF,2003,REG,11,2003-11-16,Sunday,13:00,HOU,12,BUF,10,Home,0,7,7,7,0
2003_11_WAS_CAR,2003,REG,11,2003-11-16,Sunday,13:00,WAS,17,CAR,20,Home,0,6,7,7,0
2003_11_STL_CHI,2003,REG,11,2003-11-16,Sunday,13:00,STL,23,CHI,21,Home,0,-6,7,7,0
2003_11_KC_CIN,2003,REG,11,2003-11-16,Sunday,13:00,KC,19,CIN,24,Home,0,-6,7,7,0
2003_11_ARI_CLE,2003,REG,11,2003-11-16,Sunday,13:00,ARI,6,CLE,44,Home,0,5,7,7,0
2003_11_BAL_MIA,2003,REG,11,2003-11-16,Sunday,13:00,BAL,6,MIA,9,Home,1,5,7,7,0
2003_11_ATL_NO,2003,REG,11,2003-11-16,Sunday,13:00,ATL,20,NO,23,Home,1,9,7,14,1
2003_11_NYG_PHI,2003,REG,11,2003-11-16,Sunday,13:00,NYG,10,PHI,28,Home,0,3,7,6,1
2003_11_JAX_TEN,2003,REG,11,2003-11-16,Sunday,13:00,JAX,3,TEN,10,Home,0,9,7,7,1
2003_11_SD_DEN,2003,REG,11,2003-11-16,Sunday,16:05,SD,8,DEN,37,Home,0,8.5,7,13,1
2003_11_NYJ_IND,2003,REG,11,2003-11-16,Sunday,16:05,NYJ,31,IND,38,Home,0,6,7,7,0
2003_11_MIN_OAK,2003,REG,11,2003-11-16,Sunday,16:15,MIN,18,OAK,28,Home,0,-4.5,7,7,0
2003_11_DET_SEA,2003,REG,11,2003-11-16,Sunday,16:15,DET,14,SEA,35,Home,0,11,7,7,0
2003_11_GB_TB,2003,REG,11,2003-11-16,Sunday,16:15,GB,20,TB,13,Home,0,3.5,6,7,0
2003_11_DAL_NE,2003,REG,11,2003-11-16,Sunday,20:30,DAL,0,NE,12,Home,0,4,7,13,0
2003_11_PIT_SF,2003,REG,11,2003-11-17,Monday,09:00,PIT,14,SF,30,Home,0,4,8,15,0
2003_12_SEA_BAL,2003,REG,12,2003-11-23,Sunday,13:00,SEA,41,BAL,44,Home,1,3,7,7,0
2003_12_IND_BUF,2003,REG,12,2003-11-23,Sunday,13:00,IND,17,BUF,14,Home,0,-3,7,7,0
2003_12_PIT_CLE,2003,REG,12,2003-11-23,Sunday,13:00,PIT,13,CLE,6,Home,0,3,6,7,1
2003_12_CAR_DAL,2003,REG,12,2003-11-23,Sunday,13:00,CAR,20,DAL,24,Home,0,3,7,7,0
2003_12_SF_GB,2003,REG,12,2003-11-23,Sunday,13:00,SF,10,GB,20,Home,0,3.5,6,7,0
2003_12_NE_HOU,2003,REG,12,2003-11-23,Sunday,13:00,NE,23,HOU,20,Home,1,-5,7,7,0
2003_12_DET_MIN,2003,REG,12,2003-11-23,Sunday,13:00,DET,14,MIN,24,Home,0,10.5,7,7,1
2003_12_JAX_NYJ,2003,REG,12,2003-11-23,Sunday,13:00,JAX,10,NYJ,13,Home,0,4,7,7,0
2003_12_NO_PHI,2003,REG,12,2003-11-23,Sunday,13:00,NO,20,PHI,33,Home,0,5.5,7,7,0
2003_12_STL_ARI,2003,REG,12,2003-11-23,Sunday,16:05,STL,30,ARI,27,Home,1,-7,7,7,1
2003_12_CHI_DEN,2003,REG,12,2003-11-23,Sunday,16:05,CHI,19,DEN,10,Home,0,10.5,7,7,0
2003_12_TEN_ATL,2003,REG,12,2003-11-23,Sunday,16:15,TEN,38,ATL,31,Home,0,-6.5,7,7,0
2003_12_OAK_KC,2003,REG,12,2003-11-23,Sunday,16:15,OAK,24,KC,27,Home,0,11,7,7,1
2003_12_CIN_SD,2003,REG,12,2003-11-23,Sunday,16:15,CIN,34,SD,27,Home,0,-3,7,7,0
2003_12_WAS_MIA,2003,REG,12,2003-11-23,Sunday,20:30,WAS,23,MIA,24,Home,0,7,7,7,0
2003_12_NYG_TB,2003,REG,12,2003-11-24,Monday,09:00,NYG,13,TB,19,Home,0,6,8,8,0
2003_13_GB_DET,2003,REG,13,2003-11-27,Thursday,12:30,GB,14,DET,22,Home,0,-6.5,4,4,1
2003_13_MIA_DAL,2003,REG,13,2003-11-27,Thursday,16:05,MIA,40,DAL,21,Home,0,3,4,4,0
2003_13_SF_BAL,2003,REG,13,2003-11-30,Sunday,13:00,SF,6,BAL,44,Home,0,3,7,7,0
2003_13_PHI_CAR,2003,REG,13,2003-11-30,Sunday,13:00,PHI,25,CAR,16,Home,0,1.5,7,7,0
2003_13_ARI_CHI,2003,REG,13,2003-11-30,Sunday,13:00,ARI,3,CHI,28,Home,0,4.5,7,7,0
2003_13_ATL_HOU,2003,REG,13,2003-11-30,Sunday,13:00,ATL,13,HOU,17,Home,0,3,7,7,0
2003_13_NE_IND,2003,REG,13,2003-11-30,Sunday,13:00,NE,38,IND,34,Home,0,3.5,7,7,0
2003_13_BUF_NYG,2003,REG,13,2003-11-30,Sunday,13:00,BUF,24,NYG,7,Home,0,3,7,6,0
2003_13_CIN_PIT,2003,REG,13,2003-11-30,Sunday,13:00,CIN,24,PIT,20,Home,0,3,7,7,1
2003_13_MIN_STL,2003,REG,13,2003-11-30,Sunday,13:00,MIN,17,STL,48,Home,0,6,7,7,0
2003_13_NO_WAS,2003,REG,13,2003-11-30,Sunday,16:05,NO,24,WAS,20,Home,0,-1,7,7,0
2003_13_DEN_OAK,2003,REG,13,2003-11-30,Sunday,16:15,DEN,22,OAK,8,Home,0,-3,7,7,1
2003_13_KC_SD,2003,REG,13,2003-11-30,Sunday,16:15,KC,28,SD,24,Home,0,-7.5,7,7,1
2003_13_CLE_SEA,2003,REG,13,2003-11-30,Sunday,16:15,CLE,7,SEA,34,Home,0,6.5,7,7,0
2003_13_TB_JAX,2003,REG,13,2003-11-30,Sunday,20:30,TB,10,JAX,17,Home,0,-3,6,7,0
2003_13_TEN_NYJ,2003,REG,13,2003-12-01,Monday,09:00,TEN,17,NYJ,24,Home,0,-3,8,8,0
2003_14_CIN_BAL,2003,REG,14,2003-12-07,Sunday,13:00,CIN,13,BAL,31,Home,0,5,7,7,1
2003_14_SD_DET,2003,REG,14,2003-12-07,Sunday,13:00,SD,14,DET,7,Home,0,3,7,10,0
2003_14_CHI_GB,2003,REG,14,2003-12-07,Sunday,13:00,CHI,21,GB,34,Home,0,7.5,7,10,1
2003_14_HOU_JAX,2003,REG,14,2003-12-07,Sunday,13:00,HOU,0,JAX,27,Home,0,9.5,7,7,1
2003_14_SEA_MIN,2003,REG,14,2003-12-07,Sunday,13:00,SEA,7,MIN,34,Home,0,-1,7,7,0
2003_14_TB_NO,2003,REG,14,2003-12-07,Sunday,13:00,TB,14,NO,7,Home,0,3,7,7,1
2003_14_WAS_NYG,2003,REG,14,2003-12-07,Sunday,13:00,WAS,20,NYG,7,Home,0,3,7,7,1
2003_14_DAL_PHI,2003,REG,14,2003-12-07,Sunday,13:00,DAL,10,PHI,36,Home,0,5.5,10,7,1
2003_14_OAK_PIT,2003,REG,14,2003-12-07,Sunday,13:00,OAK,7,PIT,27,Home,0,5.5,7,7,0
2003_14_IND_TEN,2003,REG,14,2003-12-07,Sunday,13:00,IND,29,TEN,27,Home,0,3.5,7,6,1
2003_14_ARI_SF,2003,REG,14,2003-12-07,Sunday,16:05,ARI,14,SF,50,Home,0,10.5,7,7,1
2003_14_NYJ_BUF,2003,REG,14,2003-12-07,Sunday,16:15,NYJ,6,BUF,17,Home,0,3,6,7,1
2003_14_KC_DEN,2003,REG,14,2003-12-07,Sunday,16:15,KC,27,DEN,45,Home,0,3,7,7,1
2003_14_MIA_NE,2003,REG,14,2003-12-07,Sunday,16:15,MIA,0,NE,12,Home,0,3,10,7,1
2003_14_CAR_ATL,2003,REG,14,2003-12-07,Sunday,20:30,CAR,14,ATL,20,Home,1,-1,7,7,1
2003_14_STL_CLE,2003,REG,14,2003-12-08,Monday,09:00,STL,26,CLE,20,Home,0,-5.5,8,8,0
2003_15_MIN_CHI,2003,REG,15,2003-12-14,Sunday,13:00,MIN,10,CHI,13,Home,0,-3,7,7,1
2003_15_SF_CIN,2003,REG,15,2003-12-14,Sunday,13:00,SF,38,CIN,41,Home,0,3,7,7,0
2003_15_ATL_IND,2003,REG,15,2003-12-14,Sunday,13:00,ATL,7,IND,38,Home,0,7.5,7,7,0
2003_15_DET_KC,2003,REG,15,2003-12-14,Sunday,13:00,DET,17,KC,45,Home,0,14.5,7,7,0
2003_15_JAX_NE,2003,REG,15,2003-12-14,Sunday,13:00,JAX,13,NE,27,Home,0,6,7,7,0
2003_15_PIT_NYJ,2003,REG,15,2003-12-14,Sunday,13:00,PIT,0,NYJ,6,Home,0,3,7,7,0
2003_15_SEA_STL,2003,REG,15,2003-12-14,Sunday,13:00,SEA,22,STL,27,Home,0,7,7,6,1
2003_15_HOU_TB,2003,REG,15,2003-12-14,Sunday,13:00,HOU,3,TB,16,Home,0,11.5,7,7,0
2003_15_BUF_TEN,2003,REG,15,2003-12-14,Sunday,13:00,BUF,26,TEN,28,Home,0,5,7,7,0
2003_15_CLE_DEN,2003,REG,15,2003-12-14,Sunday,16:05,CLE,20,DEN,23,Home,1,11.5,6,7,0
2003_15_BAL_OAK,2003,REG,15,2003-12-14,Sunday,16:05,BAL,12,OAK,20,Home,0,-7,7,7,0
2003_15_CAR_ARI,2003,REG,15,2003-12-14,Sunday,16:15,CAR,20,ARI,17,Home,0,-7,7,7,0
2003_15_GB_SD,2003,REG,15,2003-12-14,Sunday,16:15,GB,38,SD,21,Home,0,-5,7,7,0
2003_15_DAL_WAS,2003,REG,15,2003-12-14,Sunday,16:15,DAL,27,WAS,0,Home,0,-3,7,7,1
2003_15_NYG_NO,2003,REG,15,2003-12-14,Sunday,20:30,NYG,7,NO,45,Home,0,7.5,7,7,0
2003_15_PHI_MIA,2003,REG,15,2003-12-15,Monday,09:00,PHI,34,MIA,27,Home,0,3,8,8,0
2003_16_ATL_TB,2003,REG,16,2003-12-20,Saturday,13:30,ATL,30,TB,28,Home,0,6.5,6,6,1
2003_16_KC_MIN,2003,REG,16,2003-12-20,Saturday,17:00,KC,20,MIN,45,Home,0,-3,6,6,0
2003_16_NE_NYJ,2003,REG,16,2003-12-20,Saturday,20:30,NE,21,NYJ,16,Home,0,-3,6,6,1
2003_16_MIA_BUF,2003,REG,16,2003-12-21,Sunday,13:00,MIA,20,BUF,3,Home,0,3,6,7,1
2003_16_DET_CAR,2003,REG,16,2003-12-21,Sunday,13:00,DET,14,CAR,20,Home,0,7.5,7,7,0
2003_16_WAS_CHI,2003,REG,16,2003-12-21,Sunday,13:00,WAS,24,CHI,27,Home,0,4,7,7,0
2003_16_BAL_CLE,2003,REG,16,2003-12-21,Sunday,13:00,BAL,35,CLE,0,Home,0,-3,7,7,1
2003_16_NYG_DAL,2003,REG,16,2003-12-21,Sunday,13:00,NYG,3,DAL,19,Home,0,12.5,7,7,1
2003_16_TEN_HOU,2003,REG,16,2003-12-21,Sunday,13:00,TEN,27,HOU,24,Home,0,-5.5,7,7,1
2003_16_NO_JAX,2003,REG,16,2003-12-21,Sunday,13:00,NO,19,JAX,20,Home,0,3,7,7,0
2003_16_CIN_STL,2003,REG,16,2003-12-21,Sunday,13:00,CIN,10,STL,27,Home,0,7,7,7,0
2003_16_SD_PIT,2003,REG,16,2003-12-21,Sunday,16:05,SD,24,PIT,40,Home,0,6.5,7,7,0
2003_16_SF_PHI,2003,REG,16,2003-12-21,Sunday,16:15,SF,31,PHI,28,Home,1,7,7,6,0
2003_16_ARI_SEA,2003,REG,16,2003-12-21,Sunday,16:15,ARI,10,SEA,28,Home,0,15.5,7,7,1
2003_16_DEN_IND,2003,REG,16,2003-12-21,Sunday,20:30,DEN,31,IND,17,Home,0,6.5,7,7,0
2003_16_GB_OAK,2003,REG,16,2003-12-22,Monday,09:00,GB,41,OAK,7,Home,0,-5.5,8,8,0
2003_17_BUF_NE,2003,REG,17,2003-12-27,Saturday,13:30,BUF,0,NE,31,Home,0,9.5,6,7,1
2003_17_SEA_SF,2003,REG,17,2003-12-27,Saturday,17:00,SEA,24,SF,17,Home,0,2.5,6,6,1
2003_17_PHI_WAS,2003,REG,17,2003-12-27,Saturday,20:30,PHI,31,WAS,7,Home,0,-9,6,6,1
2003_17_JAX_ATL,2003,REG,17,2003-12-28,Sunday,13:00,JAX,14,ATL,21,Home,0,2.5,7,8,0
2003_17_CLE_CIN,2003,REG,17,2003-12-28,Sunday,13:00,CLE,22,CIN,14,Home,0,8.5,7,7,1
2003_17_STL_DET,2003,REG,17,2003-12-28,Sunday,13:00,STL,20,DET,30,Home,0,-12,7,7,0
2003_17_IND_HOU,2003,REG,17,2003-12-28,Sunday,13:00,IND,20,HOU,17,Home,0,-9,7,7,1
2003_17_CHI_KC,2003,REG,17,2003-12-28,Sunday,13:00,CHI,3,KC,31,Home,0,7.5,7,8,0
2003_17_NYJ_MIA,2003,REG,17,2003-12-28,Sunday,13:00,NYJ,21,MIA,23,Home,0,3.5,8,7,1
2003_17_DAL_NO,2003,REG,17,2003-12-28,Sunday,13:00,DAL,7,NO,13,Home,0,-1,7,7,0
2003_17_TB_TEN,2003,REG,17,2003-12-28,Sunday,13:00,TB,13,TEN,33,Home,0,4,8,7,0
2003_17_MIN_ARI,2003,REG,17,2003-12-28,Sunday,16:05,MIN,17,ARI,18,Home,0,-7.5,8,7,0
2003_17_CAR_NYG,2003,REG,17,2003-12-28,Sunday,16:05,CAR,37,NYG,24,Home,0,-4.5,7,7,0
2003_17_DEN_GB,2003,REG,17,2003-12-28,Sunday,16:15,DEN,3,GB,31,Home,0,10,7,6,0
2003_17_OAK_SD,2003,REG,17,2003-12-28,Sunday,16:15,OAK,14,SD,21,Home,0,6,6,7,1
2003_17_PIT_BAL,2003,REG,17,2003-12-28,Sunday,20:30,PIT,10,BAL,13,Home,1,6,7,7,1
2003_18_TEN_BAL,2003,WC,18,2004-01-03,Saturday,16:30,TEN,20,BAL,17,Home,0,-1,6,6,0
2003_18_DAL_CAR,2003,WC,18,2004-01-03,Saturday,20:00,DAL,10,CAR,29,Home,0,3,6,6,0
2003_18_SEA_GB,2003,WC,18,2004-01-04,Sunday,13:00,SEA,27,GB,33,Home,1,7.5,8,7,0
2003_18_DEN_IND,2003,WC,18,2004-01-04,Sunday,16:30,DEN,10,IND,41,Home,0,3,7,7,0
2003_19_CAR_STL,2003,DIV,19,2004-01-10,Saturday,16:30,CAR,29,STL,23,Home,1,7,7,13,0
2003_19_TEN_NE,2003,DIV,19,2004-01-10,Saturday,20:15,TEN,14,NE,17,Home,0,6,7,14,0
2003_19_IND_KC,2003,DIV,19,2004-01-11,Sunday,14:00,IND,38,KC,31,Home,0,3,7,14,0
2003_19_GB_PHI,2003,DIV,19,2004-01-11,Sunday,16:45,GB,17,PHI,20,Home,1,4,7,15,0
2003_20_IND_NE,2003,CON,20,2004-01-18,Sunday,15:00,IND,14,NE,24,Home,0,3.5,7,8,0
2003_20_CAR_PHI,2003,CON,20,2004-01-18,Sunday,18:45,CAR,14,PHI,3,Home,0,4,8,7,0
2003_21_CAR_NE,2003,SB,21,2004-02-01,Sunday,18:25,CAR,29,NE,32,Neutral,0,7,14,14,0
2004_01_IND_NE,2004,REG,1,2004-09-09,Thursday,09:00,IND,24,NE,27,Home,0,3,7,7,0
2004_01_TEN_MIA,2004,REG,1,2004-09-11,Saturday,13:00,TEN,17,MIA,7,Home,0,-3,7,7,0
2004_01_JAX_BUF,2004,REG,1,2004-09-12,Sunday,13:00,JAX,13,BUF,10,Home,0,3,7,7,0
2004_01_DET_CHI,2004,REG,1,2004-09-12,Sunday,13:00,DET,20,CHI,16,Home,0,1.5,7,7,1
2004_01_BAL_CLE,2004,REG,1,2004-09-12,Sunday,13:00,BAL,3,CLE,20,Home,0,-3.5,7,7,1
2004_01_SD_HOU,2004,REG,1,2004-09-12,Sunday,13:00,SD,27,HOU,20,Home,0,4.5,7,7,0
2004_01_SEA_NO,2004,REG,1,2004-09-12,Sunday,13:00,SEA,21,NO,7,Home,0,-2.5,7,7,0
2004_01_CIN_NYJ,2004,REG,1,2004-09-12,Sunday,13:00,CIN,24,NYJ,31,Home,0,5.5,7,7,0
2004_01_OAK_PIT,2004,REG,1,2004-09-12,Sunday,13:00,OAK,21,PIT,24,Home,0,3.5,7,7,0
2004_01_ARI_STL,2004,REG,1,2004-09-12,Sunday,13:00,ARI,10,STL,17,Home,0,11,7,7,1
2004_01_TB_WAS,2004,REG,1,2004-09-12,Sunday,13:00,TB,10,WAS,16,Home,0,2.5,7,7,0
2004_01_DAL_MIN,2004,REG,1,2004-09-12,Sunday,16:15,DAL,17,MIN,35,Home,0,6.5,7,7,0
2004_01_NYG_PHI,2004,REG,1,2004-09-12,Sunday,16:15,NYG,17,PHI,31,Home,0,9.5,7,7,1
2004_01_ATL_SF,2004,REG,1,2004-09-12,Sunday,16:15,ATL,21,SF,19,Home,0,-3,7,7,0
2004_01_KC_DEN,2004,REG,1,2004-09-12,Sunday,20:30,KC,24,DEN,34,Home,0,3,7,7,1
2004_01_GB_CAR,2004,REG,1,2004-09-13,Monday,09:00,GB,24,CAR,14,Home,0,3,7,7,0
2004_02_STL_ATL,2004,REG,2,2004-09-19,Sunday,13:00,STL,17,ATL,34,Home,0,2,7,7,0
2004_02_PIT_BAL,2004,REG,2,2004-09-19,Sunday,13:00,PIT,13,BAL,30,Home,0,4,7,7,1
2004_02_HOU_DET,2004,REG,2,2004-09-19,Sunday,13:00,HOU,16,DET,28,Home,0,3,7,7,0
2004_02_CHI_GB,2004,REG,2,2004-09-19,Sunday,13:00,CHI,21,GB,10,Home,0,9,7,6,1
2004_02_DEN_JAX,2004,REG,2,2004-09-19,Sunday,13:00,DEN,6,JAX,7,Home,0,-3,7,7,0
2004_02_CAR_KC,2004,REG,2,2004-09-19,Sunday,13:00,CAR,28,KC,17,Home,0,7,6,7,0
2004_02_SF_NO,2004,REG,2,2004-09-19,Sunday,13:00,SF,27,NO,30,Home,0,7.5,7,7,0
2004_02_WAS_NYG,2004,REG,2,2004-09-19,Sunday,13:00,WAS,14,NYG,20,Home,0,-3,7,7,1
2004_02_IND_TEN,2004,REG,2,2004-09-19,Sunday,13:00,IND,31,TEN,17,Home,0,-1.5,10,8,1
2004_02_SEA_TB,2004,REG,2,2004-09-19,Sunday,16:05,SEA,10,TB,6,Home,0,-3,7,7,0
2004_02_NE_ARI,2004,REG,2,2004-09-19,Sunday,16:15,NE,23,ARI,12,Home,0,-8,10,7,0
2004_02_CLE_DAL,2004,REG,2,2004-09-19,Sunday,16:15,CLE,12,DAL,19,Home,0,4.5,7,7,0
2004_02_BUF_OAK,2004,REG,2,2004-09-19,Sunday,16:15,BUF,10,OAK,13,Home,0,3.5,7,7,0
2004_02_NYJ_SD,2004,REG,2,2004-09-19,Sunday,16:15,NYJ,34,SD,28,Home,0,-3,7,7,0
2004_02_MIA_CIN,2004,REG,2,2004-09-19,Sunday,20:30,MIA,13,CIN,16,Home,0,5.5,8,7,0
2004_02_MIN_PHI,2004,REG,2,2004-09-20,Monday,09:00,MIN,16,PHI,27,Home,0,3,8,8,0
2004_03_ARI_ATL,2004,REG,3,2004-09-26,Sunday,13:00,ARI,3,ATL,6,Home,0,11,7,7,0
2004_03_BAL_CIN,2004,REG,3,2004-09-26,Sunday,13:00,BAL,23,CIN,9,Home,0,-1.5,7,7,1
2004_03_PHI_DET,2004,REG,3,2004-09-26,Sunday,13:00,PHI,30,DET,13,Home,0,-4.5,6,7,0
2004_03_HOU_KC,2004,REG,3,2004-09-26,Sunday,13:00,HOU,24,KC,21,Home,0,7.5,7,7,0
2004_03_CHI_MIN,2004,REG,3,2004-09-26,Sunday,13:00,CHI,22,MIN,27,Home,0,12,7,6,1
2004_03_CLE_NYG,2004,REG,3,2004-09-26,Sunday,13:00,CLE,10,NYG,27,Home,0,3,7,7,0
2004_03_NO_STL,2004,REG,3,2004-09-26,Sunday,13:00,NO,28,STL,25,Home,1,6,7,7,0
2004_03_JAX_TEN,2004,REG,3,2004-09-26,Sunday,13:00,JAX,15,TEN,12,Home,0,6,7,7,1
2004_03_SD_DEN,2004,REG,3,2004-09-26,Sunday,16:05,SD,13,DEN,23,Home,0,9.5,7,7,1
2004_03_GB_IND,2004,REG,3,2004-09-26,Sunday,16:15,GB,31,IND,45,Home,0,6,7,7,0
2004_03_SF_SEA,2004,REG,3,2004-09-26,Sunday,16:15,SF,0,SEA,34,Home,0,10,7,7,1
2004_03_PIT_MIA,2004,REG,3,2004-09-26,Sunday,20:30,PIT,13,MIA,3,Home,0,2.5,7,7,0
2004_03_TB_OAK,2004,REG,3,2004-09-26,Sunday,20:30,TB,20,OAK,30,Home,0,3,7,7,0
2004_03_DAL_WAS,2004,REG,3,2004-09-27,Monday,09:00,DAL,21,WAS,18,Home,0,1.5,8,8,1
2004_04_NE_BUF,2004,REG,4,2004-10-03,Sunday,13:00,NE,31,BUF,17,Home,0,-5.5,14,14,1
2004_04_PHI_CHI,2004,REG,4,2004-10-03,Sunday,13:00,PHI,19,CHI,9,Home,0,-8.5,7,7,0
2004_04_WAS_CLE,2004,REG,4,2004-10-03,Sunday,13:00,WAS,13,CLE,17,Home,0,-2.5,6,7,0
2004_04_NYG_GB,2004,REG,4,2004-10-03,Sunday,13:00,NYG,14,GB,7,Home,0,7,7,7,0
2004_04_OAK_HOU,2004,REG,4,2004-10-03,Sunday,13:00,OAK,17,HOU,30,Home,0,-2,7,7,0
2004_04_IND_JAX,2004,REG,4,2004-10-03,Sunday,13:00,IND,24,JAX,17,Home,0,-4,7,7,1
2004_04_CIN_PIT,2004,REG,4,2004-10-03,Sunday,13:00,CIN,17,PIT,28,Home,0,4,7,7,1
2004_04_NO_ARI,2004,REG,4,2004-10-03,Sunday,16:05,NO,10,ARI,34,Home,0,-3.5,7,7,0
2004_04_ATL_CAR,2004,REG,4,2004-10-03,Sunday,16:05,ATL,27,CAR,10,Home,0,3.5,7,14,1
2004_04_NYJ_MIA,2004,REG,4,2004-10-03,Sunday,16:15,NYJ,17,MIA,9,Home,0,-5.5,14,7,1
2004_04_TEN_SD,2004,REG,4,2004-10-03,Sunday,16:15,TEN,17,SD,38,Home,0,-3,7,7,0
2004_04_DEN_TB,2004,REG,4,2004-10-03,Sunday,16:15,DEN,16,TB,13,Home,0,-3,7,7,0
2004_04_STL_SF,2004,REG,4,2004-10-03,Sunday,20:30,STL,24,SF,14,Home,0,-4,7,7,1
2004_04_KC_BAL,2004,REG,4,2004-10-04,Monday,09:00,KC,27,BAL,24,Home,0,6,8,8,0
2004_05_DET_ATL,2004,REG,5,2004-10-10,Sunday,13:00,DET,17,ATL,10,Home,0,6.5,14,7,0
2004_05_NYG_DAL,2004,REG,5,2004-10-10,Sunday,13:00,NYG,26,DAL,10,Home,0,3.5,7,13,1
2004_05_MIN_HOU,2004,REG,5,2004-10-10,Sunday,13:00,MIN,34,HOU,28,Home,1,-3.5,14,7,0
2004_05_OAK_IND,2004,REG,5,2004-10-10,Sunday,13:00,OAK,14,IND,35,Home,0,8.5,7,7,0
2004_05_MIA_NE,2004,REG,5,2004-10-10,Sunday,13:00,MIA,10,NE,24,Home,0,11,7,7,1
2004_05_TB_NO,2004,REG,5,2004-10-10,Sunday,13:00,TB,20,NO,17,Home,0,3,7,7,1
2004_05_CLE_PIT,2004,REG,5,2004-10-10,Sunday,13:00,CLE,23,PIT,34,Home,0,4.5,7,7,1
2004_05_BUF_NYJ,2004,REG,5,2004-10-10,Sunday,16:05,BUF,14,NYJ,16,Home,0,6.5,7,7,1
2004_05_JAX_SD,2004,REG,5,2004-10-10,Sunday,16:05,JAX,21,SD,34,Home,0,-2.5,7,7,0
2004_05_CAR_DEN,2004,REG,5,2004-10-10,Sunday,16:15,CAR,17,DEN,20,Home,0,4,7,7,0
2004_05_STL_SEA,2004,REG,5,2004-10-10,Sunday,16:15,STL,33,SEA,27,Home,1,8,7,14,1
2004_05_ARI_SF,2004,REG,5,2004-10-10,Sunday,16:15,ARI,28,SF,31,Home,1,1,7,7,1
2004_05_BAL_WAS,2004,REG,5,2004-10-10,Sunday,20:30,BAL,17,WAS,10,Home,0,0,6,7,0
2004_05_TEN_GB,2004,REG,5,2004-10-11,Monday,09:00,TEN,48,GB,27,Home,0,3,8,8,0
2004_06_SD_ATL,2004,REG,6,2004-10-17,Sunday,13:00,SD,20,ATL,21,Home,0,5.5,7,7,0
2004_06_MIA_BUF,2004,REG,6,2004-10-17,Sunday,13:00,MIA,13,BUF,20,Home,0,4.5,7,7,1
2004_06_WAS_CHI,2004,REG,6,2004-10-17,Sunday,13:00,WAS,13,CHI,10,Home,0,1.5,7,14,0
2004_06_CIN_CLE,2004,REG,6,2004-10-17,Sunday,13:00,CIN,17,CLE,34,Home,0,3,14,7,1
2004_06_GB_DET,2004,REG,6,2004-10-17,Sunday,13:00,GB,38,DET,10,Home,0,3,6,7,1
2004_06_KC_JAX,2004,REG,6,2004-10-17,Sunday,13:00,KC,16,JAX,22,Home,0,-2.5,13,7,0
2004_06_SEA_NE,2004,REG,6,2004-10-17,Sunday,13:00,SEA,20,NE,30,Home,0,3.5,7,7,0
2004_06_SF_NYJ,2004,REG,6,2004-10-17,Sunday,13:00,SF,14,NYJ,22,Home,0,9.5,7,7,0
2004_06_CAR_PHI,2004,REG,6,2004-10-17,Sunday,13:00,CAR,8,PHI,30,Home,0,10,7,14,0
2004_06_HOU_TEN,2004,REG,6,2004-10-17,Sunday,13:00,HOU,20,TEN,10,Home,0,5.5,7,6,1
2004_06_PIT_DAL,2004,REG,6,2004-10-17,Sunday,16:15,PIT,24,DAL,20,Home,0,3,7,7,0
2004_06_DEN_OAK,2004,REG,6,2004-10-17,Sunday,16:15,DEN,31,OAK,3,Home,0,-2.5,7,7,1
2004_06_MIN_NO,2004,REG,6,2004-10-17,Sunday,20:30,MIN,38,NO,31,Home,0,-3.5,7,7,0
2004_06_TB_STL,2004,REG,6,2004-10-18,Monday,09:00,TB,21,STL,28,Home,0,6.5,8,8,0
2004_07_BUF_BAL,2004,REG,7,2004-10-24,Sunday,13:00,BUF,6,BAL,20,Home,0,4.5,7,14,0
2004_07_SD_CAR,2004,REG,7,2004-10-24,Sunday,13:00,SD,17,CAR,6,Home,0,3,7,7,0
2004_07_PHI_CLE,2004,REG,7,2004-10-24,Sunday,13:00,PHI,34,CLE,31,Home,1,-7,7,7,0
2004_07_JAX_IND,2004,REG,7,2004-10-24,Sunday,13:00,JAX,27,IND,24,Home,0,9,7,14,1
2004_07_ATL_KC,2004,REG,7,2004-10-24,Sunday,13:00,ATL,10,KC,56,Home,0,3.5,7,7,0
2004_07_STL_MIA,2004,REG,7,2004-10-24,Sunday,13:00,STL,14,MIA,31,Home,0,-5,6,7,0
2004_07_TEN_MIN,2004,REG,7,2004-10-24,Sunday,13:00,TEN,3,MIN,20,Home,0,6,7,7,0
2004_07_DET_NYG,2004,REG,7,2004-10-24,Sunday,13:00,DET,28,NYG,13,Home,0,7,7,14,0
2004_07_CHI_TB,2004,REG,7,2004-10-24,Sunday,13:00,CHI,7,TB,19,Home,0,7,7,6,0
2004_07_NYJ_NE,2004,REG,7,2004-10-24,Sunday,16:05,NYJ,7,NE,13,Home,0,6,7,7,1
2004_07_SEA_ARI,2004,REG,7,2004-10-24,Sunday,16:15,SEA,17,ARI,25,Home,0,-6.5,7,14,1
2004_07_DAL_GB,2004,REG,7,2004-10-24,Sunday,16:15,DAL,20,GB,41,Home,0,4,7,7,0
2004_07_NO_OAK,2004,REG,7,2004-10-24,Sunday,16:15,NO,31,OAK,26,Home,0,3,7,7,0
2004_07_DEN_CIN,2004,REG,7,2004-10-25,Monday,09:00,DEN,10,CIN,23,Home,0,-7,8,8,0
2004_08_ARI_BUF,2004,REG,8,2004-10-31,Sunday,13:00,ARI,14,BUF,38,Home,0,4.5,7,7,0
2004_08_DET_DAL,2004,REG,8,2004-10-31,Sunday,13:00,DET,21,DAL,31,Home,0,3,7,7,0
2004_08_JAX_HOU,2004,REG,8,2004-10-31,Sunday,13:00,JAX,6,HOU,20,Home,0,2,7,14,1
2004_08_IND_KC,2004,REG,8,2004-10-31,Sunday,13:00,IND,35,KC,45,Home,0,-1,7,7,0
2004_08_NYG_MIN,2004,REG,8,2004-10-31,Sunday,13:00,NYG,34,MIN,13,Home,0,6.5,7,7,0
2004_08_BAL_PHI,2004,REG,8,2004-10-31,Sunday,13:00,BAL,10,PHI,15,Home,0,7.5,7,7,0
2004_08_CIN_TEN,2004,REG,8,2004-10-31,Sunday,13:00,CIN,20,TEN,27,Home,0,3,6,7,0
2004_08_GB_WAS,2004,REG,8,2004-10-31,Sunday,13:00,GB,28,WAS,14,Home,0,-1,7,14,0
2004_08_ATL_DEN,2004,REG,8,2004-10-31,Sunday,16:05,ATL,41,DEN,28,Home,0,7,7,6,0
2004_08_CAR_SEA,2004,REG,8,2004-10-31,Sunday,16:05,CAR,17,SEA,23,Home,0,8,7,7,0
2004_08_NE_PIT,2004,REG,8,2004-10-31,Sunday,16:15,NE,20,PIT,34,Home,0,-3,7,14,0
2004_08_OAK_SD,2004,REG,8,2004-10-31,Sunday,16:15,OAK,14,SD,42,Home,0,6,7,7,1
2004_08_SF_CHI,2004,REG,8,2004-10-31,Sunday,20:30,SF,13,CHI,23,Home,0,2,14,7,0
2004_08_MIA_NYJ,2004,REG,8,2004-11-01,Monday,09:00,MIA,14,NYJ,41,Home,0,7,8,8,1
2004_09_NYJ_BUF,2004,REG,9,2004-11-07,Sunday,13:00,NYJ,17,BUF,22,Home,0,-3,6,7,1
2004_09_OAK_CAR,2004,REG,9,2004-11-07,Sunday,13:00,OAK,27,CAR,24,Home,0,6,7,7,0
2004_09_DAL_CIN,2004,REG,9,2004-11-07,Sunday,13:00,DAL,3,CIN,26,Home,0,0,7,7,0
2004_09_WAS_DET,2004,REG,9,2004-11-07,Sunday,13:00,WAS,17,DET,10,Home,0,3.5,7,7,0
2004_09_ARI_MIA,2004,REG,9,2004-11-07,Sunday,13:00,ARI,24,MIA,23,Home,0,3,7,6,0
2004_09_PHI_PIT,2004,REG,9,2004-11-07,Sunday,13:00,PHI,3,PIT,27,Home,0,-1.5,7,7,0
2004_09_KC_TB,2004,REG,9,2004-11-07,Sunday,13:00,KC,31,TB,34,Home,0,-3,7,14,0
2004_09_CHI_NYG,2004,REG,9,2004-11-07,Sunday,16:05,CHI,28,NYG,21,Home,0,9,7,7,0
2004_09_NO_SD,2004,REG,9,2004-11-07,Sunday,16:05,NO,17,SD,43,Home,0,6.5,14,7,0
2004_09_SEA_SF,2004,REG,9,2004-11-07,Sunday,16:05,SEA,42,SF,27,Home,0,-7,7,7,1
2004_09_HOU_DEN,2004,REG,9,2004-11-07,Sunday,16:15,HOU,13,DEN,31,Home,0,7,7,7,0
2004_09_NE_STL,2004,REG,9,2004-11-07,Sunday,16:15,NE,40,STL,22,Home,0,2.5,7,14,0
2004_09_CLE_BAL,2004,REG,9,2004-11-07,Sunday,20:30,CLE,13,BAL,27,Home,0,6,14,7,1
2004_09_MIN_IND,2004,REG,9,2004-11-08,Monday,09:00,MIN,28,IND,31,Home,0,7,8,8,0
2004_10_TB_ATL,2004,REG,10,2004-11-14,Sunday,13:00,TB,14,ATL,24,Home,0,3.5,7,14,1
2004_10_PIT_CLE,2004,REG,10,2004-11-14,Sunday,13:00,PIT,24,CLE,10,Home,0,-3.5,7,7,1
2004_10_HOU_IND,2004,REG,10,2004-11-14,Sunday,13:00,HOU,14,IND,49,Home,0,8.5,7,6,1
2004_10_DET_JAX,2004,REG,10,2004-11-14,Sunday,13:00,DET,17,JAX,23,Home,1,3.5,7,14,0
2004_10_KC_NO,2004,REG,10,2004-11-14,Sunday,13:00,KC,20,NO,27,Home,0,-3.5,7,7,0
2004_10_BAL_NYJ,2004,REG,10,2004-11-14,Sunday,13:00,BAL,20,NYJ,17,Home,1,-1,7,7,0
2004_10_SEA_STL,2004,REG,10,2004-11-14,Sunday,13:00,SEA,12,STL,23,Home,0,-2.5,7,7,1
2004_10_CHI_TEN,2004,REG,10,2004-11-14,Sunday,13:00,CHI,19,TEN,17,Home,1,5.5,7,14,0
2004_10_CIN_WAS,2004,REG,10,2004-11-14,Sunday,16:05,CIN,17,WAS,10,Home,0,4,7,7,0
2004_10_NYG_ARI,2004,REG,10,2004-11-14,Sunday,16:15,NYG,14,ARI,17,Home,0,1,7,7,0
2004_10_MIN_GB,2004,REG,10,2004-11-14,Sunday,16:15,MIN,31,GB,34,Home,0,4.5,6,14,1
2004_10_CAR_SF,2004,REG,10,2004-11-14,Sunday,16:15,CAR,37,SF,27,Home,0,1.5,7,7,0
2004_10_BUF_NE,2004,REG,10,2004-11-14,Sunday,20:30,BUF,6,NE,29,Home,0,7,7,7,1
2004_10_PHI_DAL,2004,REG,10,2004-11-15,Monday,09:00,PHI,49,DAL,21,Home,0,-7,8,8,1
2004_11_DAL_BAL,2004,REG,11,2004-11-21,Sunday,13:00,DAL,10,BAL,30,Home,0,7.5,6,7,0
2004_11_STL_BUF,2004,REG,11,2004-11-21,Sunday,13:00,STL,17,BUF,37,Home,0,2,7,7,0
2004_11_ARI_CAR,2004,REG,11,2004-11-21,Sunday,13:00,ARI,10,CAR,35,Home,0,3,7,7,0
2004_11_IND_CHI,2004,REG,11,2004-11-21,Sunday,13:00,IND,41,CHI,10,Home,0,-8,7,7,0
2004_11_PIT_CIN,2004,REG,11,2004-11-21,Sunday,13:00,PIT,19,CIN,14,Home,0,-4,7,7,1
2004_11_NYJ_CLE,2004,REG,11,2004-11-21,Sunday,13:00,NYJ,10,CLE,7,Home,0,-1.5,7,7,0
2004_11_TEN_JAX,2004,REG,11,2004-11-21,Sunday,13:00,TEN,18,JAX,15,Home,0,3,7,7,1
2004_11_DET_MIN,2004,REG,11,2004-11-21,Sunday,13:00,DET,19,MIN,22,Home,0,8,7,7,1
2004_11_DEN_NO,2004,REG,11,2004-11-21,Sunday,13:00,DEN,34,NO,13,Home,0,-6,14,7,0
2004_11_SF_TB,2004,REG,11,2004-11-21,Sunday,13:00,SF,3,TB,35,Home,0,8,7,7,0
2004_11_SD_OAK,2004,REG,11,2004-11-21,Sunday,16:05,SD,23,OAK,17,Home,0,-4.5,14,14,1
2004_11_MIA_SEA,2004,REG,11,2004-11-21,Sunday,16:05,MIA,17,SEA,24,Home,0,9.5,14,7,0
2004_11_ATL_NYG,2004,REG,11,2004-11-21,Sunday,16:15,ATL,14,NYG,10,Home,0,-3,7,7,0
2004_11_WAS_PHI,2004,REG,11,2004-11-21,Sunday,16:15,WAS,6,PHI,28,Home,0,10,7,6,1
2004_11_GB_HOU,2004,REG,11,2004-11-21,Sunday,20:30,GB,16,HOU,13,Home,0,-3,7,7,0
2004_11_NE_KC,2004,REG,11,2004-11-22,Monday,09:00,NE,27,KC,19,Home,0,-3,8,8,0
2004_12_IND_DET,2004,REG,12,2004-11-25,Thursday,12:30,IND,41,DET,9,Home,0,-8.5,4,4,0
2004_12_CHI_DAL,2004,REG,12,2004-11-25,Thursday,16:15,CHI,7,DAL,21,Home,0,3.5,4,4,0
2004_12_TB_CAR,2004,REG,12,2004-11-28,Sunday,13:00,TB,14,CAR,21,Home,0,-3,7,7,1
2004_12_CLE_CIN,2004,REG,12,2004-11-28,Sunday,13:00,CLE,48,CIN,58,Home,0,6,7,7,1
2004_12_TEN_HOU,2004,REG,12,2004-11-28,Sunday,13:00,TEN,21,HOU,31,Home,0,2,7,7,1
2004_12_SD_KC,2004,REG,12,2004-11-28,Sunday,13:00,SD,34,KC,31,Home,0,3,7,6,1
2004_12_JAX_MIN,2004,REG,12,2004-11-28,Sunday,13:00,JAX,16,MIN,27,Home,0,6,7,7,0
2004_12_PHI_NYG,2004,REG,12,2004-11-28,Sunday,13:00,PHI,27,NYG,6,Home,0,-7,7,7,1
2004_12_WAS_PIT,2004,REG,12,2004-11-28,Sunday,13:00,WAS,7,PIT,16,Home,0,10,7,7,0
2004_12_NO_ATL,2004,REG,12,2004-11-28,Sunday,16:05,NO,21,ATL,24,Home,0,9,7,7,1
2004_12_NYJ_ARI,2004,REG,12,2004-11-28,Sunday,16:15,NYJ,13,ARI,3,Home,0,-3,7,7,0
2004_12_BAL_NE,2004,REG,12,2004-11-28,Sunday,16:15,BAL,3,NE,24,Home,0,7,7,6,0
2004_12_BUF_SEA,2004,REG,12,2004-11-28,Sunday,16:15,BUF,38,SEA,9,Home,0,4,7,7,0
2004_12_MIA_SF,2004,REG,12,2004-11-28,Sunday,16:15,MIA,24,SF,17,Home,0,0,7,7,0
2004_12_OAK_DEN,2004,REG,12,2004-11-28,Sunday,20:30,OAK,25,DEN,24,Home,0,11.5,7,7,1
2004_12_STL_GB,2004,REG,12,2004-11-29,Monday,09:00,STL,17,GB,45,Home,0,7,8,8,0
2004_13_CIN_BAL,2004,REG,13,2004-12-05,Sunday,13:00,CIN,27,BAL,26,Home,0,6.5,7,7,1
2004_13_MIN_CHI,2004,REG,13,2004-12-05,Sunday,13:00,MIN,14,CHI,24,Home,0,-7,7,10,1
2004_13_NE_CLE,2004,REG,13,2004-12-05,Sunday,13:00,NE,42,CLE,15,Home,0,-11,7,7,0
2004_13_ARI_DET,2004,REG,13,2004-12-05,Sunday,13:00,ARI,12,DET,26,Home,0,6,7,10,0
2004_13_TEN_IND,2004,REG,13,2004-12-05,Sunday,13:00,TEN,24,IND,51,Home,0,12,7,10,1
2004_13_BUF_MIA,2004,REG,13,2004-12-05,Sunday,13:00,BUF,42,MIA,32,Home,0,-5,7,7,1
2004_13_CAR_NO,2004,REG,13,2004-12-05,Sunday,13:00,CAR,32,NO,21,Home,0,-2,7,7,1
2004_13_HOU_NYJ,2004,REG,13,2004-12-05,Sunday,13:00,HOU,7,NYJ,29,Home,0,7,7,7,0
2004_13_SF_STL,2004,REG,13,2004-12-05,Sunday,13:00,SF,6,STL,16,Home,0,11,7,6,1
2004_13_ATL_TB,2004,REG,13,2004-12-05,Sunday,13:00,ATL,0,TB,27,Home,0,2,7,7,1
2004_13_KC_OAK,2004,REG,13,2004-12-05,Sunday,16:05,KC,34,OAK,27,Home,0,-1,7,7,1
2004_13_DEN_SD,2004,REG,13,2004-12-05,Sunday,16:05,DEN,17,SD,20,Home,0,3,7,7,1
2004_13_GB_PHI,2004,REG,13,2004-12-05,Sunday,16:15,GB,17,PHI,47,Home,0,5.5,6,7,0
2004_13_NYG_WAS,2004,REG,13,2004-12-05,Sunday,16:15,NYG,7,WAS,31,Home,0,3,7,7,1
2004_13_PIT_JAX,2004,REG,13,2004-12-05,Sunday,20:30,PIT,17,JAX,16,Home,0,-3,7,7,0
2004_13_DAL_SEA,2004,REG,13,2004-12-06,Monday,09:00,DAL,43,SEA,39,Home,0,7,11,8,0
2004_14_OAK_ATL,2004,REG,14,2004-12-12,Sunday,13:00,OAK,10,ATL,35,Home,0,7.5,7,7,0
2004_14_NYG_BAL,2004,REG,14,2004-12-12,Sunday,13:00,NYG,14,BAL,37,Home,0,10,7,7,0
2004_14_CLE_BUF,2004,REG,14,2004-12-12,Sunday,13:00,CLE,7,BUF,37,Home,0,11,7,7,0
2004_14_NO_DAL,2004,REG,14,2004-12-12,Sunday,13:00,NO,27,DAL,13,Home,0,7,7,6,0
2004_14_IND_HOU,2004,REG,14,2004-12-12,Sunday,13:00,IND,23,HOU,14,Home,0,-10,7,7,1
2004_14_CHI_JAX,2004,REG,14,2004-12-12,Sunday,13:00,CHI,3,JAX,22,Home,0,7,7,7,0
2004_14_SEA_MIN,2004,REG,14,2004-12-12,Sunday,13:00,SEA,27,MIN,23,Home,0,6.5,6,7,0
2004_14_CIN_NE,2004,REG,14,2004-12-12,Sunday,13:00,CIN,28,NE,35,Home,0,10.5,7,7,0
2004_14_MIA_DEN,2004,REG,14,2004-12-12,Sunday,16:05,MIA,17,DEN,20,Home,0,11.5,7,7,0
2004_14_NYJ_PIT,2004,REG,14,2004-12-12,Sunday,16:05,NYJ,6,PIT,17,Home,0,4.5,7,7,0
2004_14_SF_ARI,2004,REG,14,2004-12-12,Sunday,16:15,SF,31,ARI,28,Home,1,7,7,7,1
2004_14_STL_CAR,2004,REG,14,2004-12-12,Sunday,16:15,STL,7,CAR,20,Home,0,7,7,7,0
2004_14_DET_GB,2004,REG,14,2004-12-12,Sunday,16:15,DET,13,GB,16,Home,0,9,7,7,1
2004_14_TB_SD,2004,REG,14,2004-12-12,Sunday,16:15,TB,24,SD,31,Home,0,4,7,7,0
2004_14_PHI_WAS,2004,REG,14,2004-12-12,Sunday,20:30,PHI,17,WAS,14,Home,0,-8,7,7,1
2004_14_KC_TEN,2004,REG,14,2004-12-13,Monday,09:00,KC,49,TEN,38,Home,0,-2.5,8,8,0
2004_15_PIT_NYG,2004,REG,15,2004-12-18,Saturday,13:30,PIT,33,NYG,30,Home,0,-10,6,6,0
2004_15_WAS_SF,2004,REG,15,2004-12-18,Saturday,17:00,WAS,26,SF,16,Home,0,-6.5,6,6,0
2004_15_CAR_ATL,2004,REG,15,2004-12-18,Saturday,20:30,CAR,31,ATL,34,Home,1,3.5,6,6,1
2004_15_HOU_CHI,2004,REG,15,2004-12-19,Sunday,13:00,HOU,24,CHI,5,Home,0,1,7,7,0
2004_15_BUF_CIN,2004,REG,15,2004-12-19,Sunday,13:00,BUF,33,CIN,17,Home,0,-3,7,7,0
2004_15_SD_CLE,2004,REG,15,2004-12-19,Sunday,13:00,SD,21,CLE,0,Home,0,-8,7,7,0
2004_15_MIN_DET,2004,REG,15,2004-12-19,Sunday,13:00,MIN,28,DET,27,Home,0,-3,7,7,1
2004_15_DEN_KC,2004,REG,15,2004-12-19,Sunday,13:00,DEN,17,KC,45,Home,0,-3,7,6,1
2004_15_SEA_NYJ,2004,REG,15,2004-12-19,Sunday,13:00,SEA,14,NYJ,37,Home,0,6.5,7,7,0
2004_15_DAL_PHI,2004,REG,15,2004-12-19,Sunday,13:00,DAL,7,PHI,12,Home,0,11.5,7,7,1
2004_15_STL_ARI,2004,REG,15,2004-12-19,Sunday,16:05,STL,7,ARI,31,Home,0,-3,7,7,1
2004_15_NO_TB,2004,REG,15,2004-12-19,Sunday,16:05,NO,21,TB,17,Home,0,7.5,7,7,1
2004_15_JAX_GB,2004,REG,15,2004-12-19,Sunday,16:15,JAX,28,GB,25,Home,0,3.5,7,7,0
2004_15_TEN_OAK,2004,REG,15,2004-12-19,Sunday,16:15,TEN,35,OAK,40,Home,0,3.5,6,7,0
2004_15_BAL_IND,2004,REG,15,2004-12-19,Sunday,20:30,BAL,10,IND,20,Home,0,7.5,7,7,0
2004_15_NE_MIA,2004,REG,15,2004-12-20,Monday,09:00,NE,28,MIA,29,Home,0,-10,8,8,1
2004_16_GB_MIN,2004,REG,16,2004-12-24,Friday,15:00,GB,34,MIN,31,Home,0,3.5,5,5,1
2004_16_OAK_KC,2004,REG,16,2004-12-25,Saturday,17:00,OAK,30,KC,31,Home,0,9.5,6,6,1
2004_16_DEN_TEN,2004,REG,16,2004-12-25,Saturday,20:30,DEN,37,TEN,16,Home,0,-4,6,6,0
2004_16_NYG_CIN,2004,REG,16,2004-12-26,Sunday,13:00,NYG,22,CIN,23,Home,0,6.5,8,7,0
2004_16_CHI_DET,2004,REG,16,2004-12-26,Sunday,13:00,CHI,13,DET,19,Home,0,6,7,7,1
2004_16_SD_IND,2004,REG,16,2004-12-26,Sunday,13:00,SD,31,IND,34,Home,1,7,7,7,0
2004_16_HOU_JAX,2004,REG,16,2004-12-26,Sunday,13:00,HOU,21,JAX,0,Home,0,6.5,7,7,1
2004_16_ATL_NO,2004,REG,16,2004-12-26,Sunday,13:00,ATL,13,NO,26,Home,0,6.5,8,7,1
2004_16_BAL_PIT,2004,REG,16,2004-12-26,Sunday,13:00,BAL,7,PIT,20,Home,0,5,7,8,1
2004_16_NE_NYJ,2004,REG,16,2004-12-26,Sunday,16:05,NE,23,NYJ,7,Home,0,0,6,7,1
2004_16_BUF_SF,2004,REG,16,2004-12-26,Sunday,16:05,BUF,41,SF,7,Home,0,-10,7,8,0
2004_16_WAS_DAL,2004,REG,16,2004-12-26,Sunday,16:15,WAS,10,DAL,13,Home,0,-2.5,8,7,1
2004_16_ARI_SEA,2004,REG,16,2004-12-26,Sunday,16:15,ARI,21,SEA,24,Home,0,7,7,7,1
2004_16_CAR_TB,2004,REG,16,2004-12-26,Sunday,16:15,CAR,37,TB,20,Home,0,1.5,8,7,1
2004_16_CLE_MIA,2004,REG,16,2004-12-26,Sunday,20:30,CLE,7,MIA,10,Home,0,9,7,6,0
2004_16_PHI_STL,2004,REG,16,2004-12-27,Monday,09:00,PHI,7,STL,20,Home,0,4,8,8,0
2004_17_MIA_BAL,2004,REG,17,2005-01-02,Sunday,13:00,MIA,23,BAL,30,Home,0,11,7,7,0
2004_17_PIT_BUF,2004,REG,17,2005-01-02,Sunday,13:00,PIT,29,BUF,24,Home,0,9.5,7,7,0
2004_17_NO_CAR,2004,REG,17,2005-01-02,Sunday,13:00,NO,21,CAR,18,Home,0,7,7,7,1
2004_17_GB_CHI,2004,REG,17,2005-01-02,Sunday,13:00,GB,31,CHI,14,Home,0,3,9,7,1
2004_17_CLE_HOU,2004,REG,17,2005-01-02,Sunday,13:00,CLE,22,HOU,14,Home,0,10,7,7,0
2004_17_SF_NE,2004,REG,17,2005-01-02,Sunday,13:00,SF,7,NE,21,Home,0,13,7,7,0
2004_17_CIN_PHI,2004,REG,17,2005-01-02,Sunday,13:00,CIN,38,PHI,10,Home,0,-4,7,6,0
2004_17_NYJ_STL,2004,REG,17,2005-01-02,Sunday,13:00,NYJ,29,STL,32,Home,1,-3.5,7,6,0
2004_17_DET_TEN,2004,REG,17,2005-01-02,Sunday,13:00,DET,19,TEN,24,Home,0,-2.5,7,8,0
2004_17_MIN_WAS,2004,REG,17,2005-01-02,Sunday,13:00,MIN,18,WAS,21,Home,0,-4,9,7,0
2004_17_TB_ARI,2004,REG,17,2005-01-02,Sunday,16:05,TB,7,ARI,12,Home,0,4,7,7,0
2004_17_ATL_SEA,2004,REG,17,2005-01-02,Sunday,16:05,ATL,26,SEA,28,Home,0,5.5,7,7,0
2004_17_IND_DEN,2004,REG,17,2005-01-02,Sunday,16:15,IND,14,DEN,33,Home,0,10,7,8,0
2004_17_JAX_OAK,2004,REG,17,2005-01-02,Sunday,16:15,JAX,13,OAK,6,Home,0,-2.5,7,8,0
2004_17_KC_SD,2004,REG,17,2005-01-02,Sunday,16:15,KC,17,SD,24,Home,0,-6.5,8,7,1
2004_17_DAL_NYG,2004,REG,17,2005-01-02,Sunday,20:30,DAL,24,NYG,28,Home,0,1,7,7,1
2004_18_STL_SEA,2004,WC,18,2005-01-08,Saturday,16:30,STL,27,SEA,20,Home,0,4,6,6,1
2004_18_NYJ_SD,2004,WC,18,2005-01-08,Saturday,20:00,NYJ,20,SD,17,Home,1,6.5,6,6,0
2004_18_DEN_IND,2004,WC,18,2005-01-09,Sunday,13:00,DEN,24,IND,49,Home,0,10,7,7,0
2004_18_MIN_GB,2004,WC,18,2005-01-09,Sunday,16:30,MIN,31,GB,17,Home,0,6,7,7,1
2004_19_NYJ_PIT,2004,DIV,19,2005-01-15,Saturday,16:30,NYJ,17,PIT,20,Home,1,9,7,13,0
2004_19_STL_ATL,2004,DIV,19,2005-01-15,Saturday,20:00,STL,17,ATL,47,Home,0,6.5,7,13,0
2004_19_MIN_PHI,2004,DIV,19,2005-01-16,Sunday,13:00,MIN,14,PHI,27,Home,0,8,7,14,0
2004_19_IND_NE,2004,DIV,19,2005-01-16,Sunday,16:30,IND,3,NE,20,Home,0,1,7,14,0
2004_20_ATL_PHI,2004,CON,20,2005-01-23,Sunday,15:00,ATL,10,PHI,27,Home,0,6,8,7,0
2004_20_NE_PIT,2004,CON,20,2005-01-23,Sunday,18:30,NE,41,PIT,27,Home,0,-3,7,8,0
2004_21_NE_PHI,2004,SB,21,2005-02-06,Sunday,18:30,NE,24,PHI,21,Neutral,0,-7,14,14,0
2005_01_OAK_NE,2005,REG,1,2005-09-08,Thursday,09:00,OAK,20,NE,30,Home,0,7.5,7,7,0
2005_01_HOU_BUF,2005,REG,1,2005-09-11,Sunday,13:00,HOU,7,BUF,22,Home,0,4.5,7,7,0
2005_01_NO_CAR,2005,REG,1,2005-09-11,Sunday,13:00,NO,23,CAR,20,Home,0,6.5,7,7,1
2005_01_CIN_CLE,2005,REG,1,2005-09-11,Sunday,13:00,CIN,27,CLE,13,Home,0,-3.5,7,7,1
2005_01_SEA_JAX,2005,REG,1,2005-09-11,Sunday,13:00,SEA,14,JAX,26,Home,0,3,7,7,0
2005_01_NYJ_KC,2005,REG,1,2005-09-11,Sunday,13:00,NYJ,7,KC,27,Home,0,3,7,7,0
2005_01_DEN_MIA,2005,REG,1,2005-09-11,Sunday,13:00,DEN,10,MIA,34,Home,0,-4.5,7,7,0
2005_01_TB_MIN,2005,REG,1,2005-09-11,Sunday,13:00,TB,24,MIN,13,Home,0,6,7,7,0
2005_01_TEN_PIT,2005,REG,1,2005-09-11,Sunday,13:00,TEN,7,PIT,34,Home,0,7,7,7,0
2005_01_CHI_WAS,2005,REG,1,2005-09-11,Sunday,13:00,CHI,7,WAS,9,Home,0,6,7,7,0
2005_01_GB_DET,2005,REG,1,2005-09-11,Sunday,16:15,GB,3,DET,17,Home,0,3,7,7,1
2005_01_ARI_NYG,2005,REG,1,2005-09-11,Sunday,16:15,ARI,19,NYG,42,Home,0,1.5,7,7,0
2005_01_DAL_SD,2005,REG,1,2005-09-11,Sunday,16:15,DAL,28,SD,24,Home,0,5,7,7,0
2005_01_STL_SF,2005,REG,1,2005-09-11,Sunday,16:15,STL,25,SF,28,Home,0,-4.5,7,7,1
2005_01_IND_BAL,2005,REG,1,2005-09-11,Sunday,20:30,IND,24,BAL,7,Home,0,-3,7,7,0
2005_01_PHI_ATL,2005,REG,1,2005-09-12,Monday,09:00,PHI,10,ATL,14,Home,0,-2,7,7,0
2005_02_NE_CAR,2005,REG,2,2005-09-18,Sunday,13:00,NE,17,CAR,27,Home,0,-3,10,7,0
2005_02_DET_CHI,2005,REG,2,2005-09-18,Sunday,13:00,DET,6,CHI,38,Home,0,-2.5,7,7,1
2005_02_MIN_CIN,2005,REG,2,2005-09-18,Sunday,13:00,MIN,8,CIN,37,Home,0,3,7,7,0
2005_02_PIT_HOU,2005,REG,2,2005-09-18,Sunday,13:00,PIT,27,HOU,7,Home,0,-4.5,7,7,0
2005_02_JAX_IND,2005,REG,2,2005-09-18,Sunday,13:00,JAX,3,IND,10,Home,0,9,7,7,1
2005_02_SF_PHI,2005,REG,2,2005-09-18,Sunday,13:00,SF,3,PHI,42,Home,0,11.5,7,6,0
2005_02_BUF_TB,2005,REG,2,2005-09-18,Sunday,13:00,BUF,3,TB,19,Home,0,2.5,7,7,0
2005_02_BAL_TEN,2005,REG,2,2005-09-18,Sunday,13:00,BAL,10,TEN,25,Home,0,-3.5,7,7,0
2005_02_STL_ARI,2005,REG,2,2005-09-18,Sunday,16:05,STL,17,ARI,12,Home,0,-1,7,7,1
2005_02_ATL_SEA,2005,REG,2,2005-09-18,Sunday,16:05,ATL,18,SEA,21,Home,0,1,6,7,0
2005_02_SD_DEN,2005,REG,2,2005-09-18,Sunday,16:15,SD,17,DEN,20,Home,0,3,7,7,1
2005_02_CLE_GB,2005,REG,2,2005-09-18,Sunday,16:15,CLE,26,GB,24,Home,0,7,7,7,0
2005_02_MIA_NYJ,2005,REG,2,2005-09-18,Sunday,16:15,MIA,7,NYJ,17,Home,0,6,7,7,1
2005_02_KC_OAK,2005,REG,2,2005-09-18,Sunday,20:30,KC,23,OAK,17,Home,0,-1.5,7,10,1
2005_02_WAS_DAL,2005,REG,2,2005-09-19,Monday,09:00,WAS,14,DAL,13,Home,0,6,8,8,1
2005_02_NYG_NO,2005,REG,2,2005-09-19,Monday,19:30,NYG,27,NO,10,Home,0,-3,8,8,0
2005_03_ATL_BUF,2005,REG,3,2005-09-25,Sunday,13:00,ATL,24,BUF,16,Home,0,3,7,7,0
2005_03_CIN_CHI,2005,REG,3,2005-09-25,Sunday,13:00,CIN,24,CHI,7,Home,0,-3,7,7,0
2005_03_TB_GB,2005,REG,3,2005-09-25,Sunday,13:00,TB,17,GB,16,Home,0,-3,7,7,0
2005_03_CLE_IND,2005,REG,3,2005-09-25,Sunday,13:00,CLE,6,IND,13,Home,0,13.5,7,7,0
2005_03_CAR_MIA,2005,REG,3,2005-09-25,Sunday,13:00,CAR,24,MIA,27,Home,0,-3.5,7,7,0
2005_03_NO_MIN,2005,REG,3,2005-09-25,Sunday,13:00,NO,16,MIN,33,Home,0,3.5,6,7,0
2005_03_JAX_NYJ,2005,REG,3,2005-09-25,Sunday,13:00,JAX,26,NYJ,20,Home,1,2.5,7,7,0
2005_03_OAK_PHI,2005,REG,3,2005-09-25,Sunday,13:00,OAK,20,PHI,23,Home,0,8.5,7,7,0
2005_03_TEN_STL,2005,REG,3,2005-09-25,Sunday,13:00,TEN,27,STL,31,Home,0,6.5,7,7,0
2005_03_ARI_SEA,2005,REG,3,2005-09-25,Sunday,16:05,ARI,12,SEA,37,Home,0,6.5,7,7,1
2005_03_DAL_SF,2005,REG,3,2005-09-25,Sunday,16:05,DAL,34,SF,31,Home,0,-6.5,6,7,0
2005_03_NE_PIT,2005,REG,3,2005-09-25,Sunday,16:15,NE,23,PIT,20,Home,0,3,7,7,0
2005_03_NYG_SD,2005,REG,3,2005-09-25,Sunday,20:30,NYG,23,SD,45,Home,0,5.5,6,7,0
2005_03_KC_DEN,2005,REG,3,2005-09-26,Monday,09:00,KC,10,DEN,30,Home,0,2.5,8,8,1
2005_04_HOU_CIN,2005,REG,4,2005-10-02,Sunday,13:00,HOU,10,CIN,16,Home,0,9.5,14,7,0
2005_04_DEN_JAX,2005,REG,4,2005-10-02,Sunday,13:00,DEN,20,JAX,7,Home,0,4,6,7,0
2005_04_SD_NE,2005,REG,4,2005-10-02,Sunday,13:00,SD,41,NE,17,Home,0,5.5,7,7,0
2005_04_BUF_NO,2005,REG,4,2005-10-02,Sunday,13:00,BUF,7,NO,19,Home,0,-1,7,7,0
2005_04_STL_NYG,2005,REG,4,2005-10-02,Sunday,13:00,STL,24,NYG,44,Home,0,3,7,7,0
2005_04_DET_TB,2005,REG,4,2005-10-02,Sunday,13:00,DET,13,TB,17,Home,0,6.5,14,7,0
2005_04_IND_TEN,2005,REG,4,2005-10-02,Sunday,13:00,IND,31,TEN,10,Home,0,-7,7,7,1
2005_04_SEA_WAS,2005,REG,4,2005-10-02,Sunday,13:00,SEA,17,WAS,20,Home,1,2,7,13,0
2005_04_NYJ_BAL,2005,REG,4,2005-10-02,Sunday,16:05,NYJ,3,BAL,13,Home,0,7.5,7,14,0
2005_04_MIN_ATL,2005,REG,4,2005-10-02,Sunday,16:15,MIN,10,ATL,30,Home,0,6,7,7,0
2005_04_PHI_KC,2005,REG,4,2005-10-02,Sunday,16:15,PHI,37,KC,31,Home,0,2.5,7,6,0
2005_04_DAL_OAK,2005,REG,4,2005-10-02,Sunday,16:15,DAL,13,OAK,19,Home,0,3,7,7,0
2005_04_SF_ARI,2005,REG,4,2005-10-02,Sunday,20:30,SF,14,ARI,31,Neutral,0,3,7,7,1
2005_04_GB_CAR,2005,REG,4,2005-10-03,Monday,09:00,GB,29,CAR,32,Home,0,3,8,8,0
2005_05_NE_ATL,2005,REG,5,2005-10-09,Sunday,13:00,NE,31,ATL,28,Home,0,2.5,7,7,0
2005_05_MIA_BUF,2005,REG,5,2005-10-09,Sunday,13:00,MIA,14,BUF,20,Home,0,2.5,14,7,1
2005_05_CHI_CLE,2005,REG,5,2005-10-09,Sunday,13:00,CHI,10,CLE,20,Home,0,3,14,14,0
2005_05_BAL_DET,2005,REG,5,2005-10-09,Sunday,13:00,BAL,17,DET,35,Home,0,2,7,7,0
2005_05_NO_GB,2005,REG,5,2005-10-09,Sunday,13:00,NO,3,GB,52,Home,0,3,7,6,0
2005_05_TEN_HOU,2005,REG,5,2005-10-09,Sunday,13:00,TEN,34,HOU,20,Home,0,1.5,7,7,1
2005_05_TB_NYJ,2005,REG,5,2005-10-09,Sunday,13:00,TB,12,NYJ,14,Home,0,-3.5,7,7,0
2005_05_SEA_STL,2005,REG,5,2005-10-09,Sunday,13:00,SEA,37,STL,31,Home,0,3,7,7,1
2005_05_IND_SF,2005,REG,5,2005-10-09,Sunday,16:05,IND,28,SF,3,Home,0,-14,7,7,0
2005_05_CAR_ARI,2005,REG,5,2005-10-09,Sunday,16:15,CAR,24,ARI,20,Home,0,-3,6,7,0
2005_05_PHI_DAL,2005,REG,5,2005-10-09,Sunday,16:15,PHI,10,DAL,33,Home,0,-3.5,7,7,1
2005_05_WAS_DEN,2005,REG,5,2005-10-09,Sunday,16:15,WAS,19,DEN,21,Home,0,7,7,7,0
2005_05_CIN_JAX,2005,REG,5,2005-10-09,Sunday,20:30,CIN,20,JAX,23,Home,0,3,7,7,0
2005_05_PIT_SD,2005,REG,5,2005-10-10,Monday,09:00,PIT,24,SD,22,Home,0,3,15,8,0
2005_06_CLE_BAL,2005,REG,6,2005-10-16,Sunday,13:00,CLE,3,BAL,16,Home,0,4,7,7,1
2005_06_MIN_CHI,2005,REG,6,2005-10-16,Sunday,13:00,MIN,3,CHI,28,Home,0,2,14,7,1
2005_06_NYG_DAL,2005,REG,6,2005-10-16,Sunday,13:00,NYG,13,DAL,16,Home,1,3.5,14,7,1
2005_06_CAR_DET,2005,REG,6,2005-10-16,Sunday,13:00,CAR,21,DET,20,Home,0,0,7,7,0
2005_06_WAS_KC,2005,REG,6,2005-10-16,Sunday,13:00,WAS,21,KC,28,Home,0,6.5,7,14,0
2005_06_ATL_NO,2005,REG,6,2005-10-16,Sunday,13:00,ATL,34,NO,31,Home,0,-4,7,7,1
2005_06_JAX_PIT,2005,REG,6,2005-10-16,Sunday,13:00,JAX,23,PIT,17,Home,1,5,7,6,0
2005_06_MIA_TB,2005,REG,6,2005-10-16,Sunday,13:00,MIA,13,TB,27,Home,0,4.5,7,7,0
2005_06_CIN_TEN,2005,REG,6,2005-10-16,Sunday,13:00,CIN,31,TEN,23,Home,0,-3,7,7,0
2005_06_NYJ_BUF,2005,REG,6,2005-10-16,Sunday,16:15,NYJ,17,BUF,27,Home,0,3,7,7,1
2005_06_NE_DEN,2005,REG,6,2005-10-16,Sunday,16:15,NE,20,DEN,28,Home,0,3,7,7,0
2005_06_SD_OAK,2005,REG,6,2005-10-16,Sunday,16:15,SD,27,OAK,14,Home,0,0,6,14,1
2005_06_HOU_SEA,2005,REG,6,2005-10-16,Sunday,20:30,HOU,10,SEA,42,Home,0,8.5,7,7,0
2005_06_STL_IND,2005,REG,6,2005-10-17,Monday,09:00,STL,28,IND,45,Home,0,13,8,8,0
2005_07_KC_MIA,2005,REG,7,2005-10-21,Friday,19:00,KC,30,MIA,20,Home,0,-1,5,5,0
2005_07_PIT_CIN,2005,REG,7,2005-10-23,Sunday,13:00,PIT,27,CIN,13,Home,0,3,7,7,1
2005_07_DET_CLE,2005,REG,7,2005-10-23,Sunday,13:00,DET,13,CLE,10,Home,0,3,7,7,0
2005_07_IND_HOU,2005,REG,7,2005-10-23,Sunday,13:00,IND,38,HOU,20,Home,0,-14.5,6,7,1
2005_07_GB_MIN,2005,REG,7,2005-10-23,Sunday,13:00,GB,20,MIN,23,Home,0,2,14,7,1
2005_07_SD_PHI,2005,REG,7,2005-10-23,Sunday,13:00,SD,17,PHI,20,Home,0,4,7,14,0
2005_07_NO_STL,2005,REG,7,2005-10-23,Sunday,13:00,NO,17,STL,28,Home,0,5,7,6,0
2005_07_SF_WAS,2005,REG,7,2005-10-23,Sunday,13:00,SF,17,WAS,52,Home,0,11.5,14,7,0
2005_07_DAL_SEA,2005,REG,7,2005-10-23,Sunday,16:05,DAL,10,SEA,13,Home,0,3,7,7,0
2005_07_TEN_ARI,2005,REG,7,2005-10-23,Sunday,16:15,TEN,10,ARI,20,Home,0,3,7,14,0
2005_07_BAL_CHI,2005,REG,7,2005-10-23,Sunday,16:15,BAL,6,CHI,10,Home,0,1,7,7,0
2005_07_DEN_NYG,2005,REG,7,2005-10-23,Sunday,16:15,DEN,23,NYG,24,Home,0,2,7,7,0
2005_07_BUF_OAK,2005,REG,7,2005-10-23,Sunday,16:15,BUF,17,OAK,38,Home,0,3,7,7,0
2005_07_NYJ_ATL,2005,REG,7,2005-10-24,Monday,09:00,NYJ,14,ATL,27,Home,0,7.5,8,8,0
2005_08_MIN_CAR,2005,REG,8,2005-10-30,Sunday,13:00,MIN,13,CAR,38,Home,0,8,7,14,0
2005_08_GB_CIN,2005,REG,8,2005-10-30,Sunday,13:00,GB,14,CIN,21,Home,0,7,7,7,0
2005_08_ARI_DAL,2005,REG,8,2005-10-30,Sunday,13:00,ARI,13,DAL,34,Home,0,7,7,7,0
2005_08_CHI_DET,2005,REG,8,2005-10-30,Sunday,13:00,CHI,19,DET,13,Home,1,3,7,7,1
2005_08_CLE_HOU,2005,REG,8,2005-10-30,Sunday,13:00,CLE,16,HOU,19,Home,0,2,7,7,0
2005_08_WAS_NYG,2005,REG,8,2005-10-30,Sunday,13:00,WAS,0,NYG,36,Home,0,3,7,7,1
2005_08_JAX_STL,2005,REG,8,2005-10-30,Sunday,13:00,JAX,21,STL,24,Home,0,-3,14,7,0
2005_08_OAK_TEN,2005,REG,8,2005-10-30,Sunday,13:00,OAK,34,TEN,25,Home,0,-2,7,7,0
2005_08_MIA_NO,2005,REG,8,2005-10-30,Sunday,16:05,MIA,21,NO,6,Home,0,2,9,7,0
2005_08_KC_SD,2005,REG,8,2005-10-30,Sunday,16:05,KC,20,SD,28,Home,0,5,9,7,1
2005_08_PHI_DEN,2005,REG,8,2005-10-30,Sunday,16:15,PHI,21,DEN,49,Home,0,3,7,7,0
2005_08_TB_SF,2005,REG,8,2005-10-30,Sunday,16:15,TB,10,SF,15,Home,0,-11.5,14,7,0
2005_08_BUF_NE,2005,REG,8,2005-10-30,Sunday,20:30,BUF,16,NE,21,Home,0,7,7,14,1
2005_08_BAL_PIT,2005,REG,8,2005-10-31,Monday,09:00,BAL,19,PIT,20,Home,0,8.5,8,8,1
2005_09_CIN_BAL,2005,REG,9,2005-11-06,Sunday,13:00,CIN,21,BAL,9,Home,0,-3.5,7,6,1
2005_09_TEN_CLE,2005,REG,9,2005-11-06,Sunday,13:00,TEN,14,CLE,20,Home,0,3,7,7,0
2005_09_HOU_JAX,2005,REG,9,2005-11-06,Sunday,13:00,HOU,14,JAX,21,Home,0,11,7,7,1
2005_09_OAK_KC,2005,REG,9,2005-11-06,Sunday,13:00,OAK,23,KC,27,Home,0,4.5,7,7,1
2005_09_ATL_MIA,2005,REG,9,2005-11-06,Sunday,13:00,ATL,17,MIA,10,Home,0,-2,13,7,0
2005_09_DET_MIN,2005,REG,9,2005-11-06,Sunday,13:00,DET,14,MIN,27,Home,0,-1.5,7,7,1
2005_09_SD_NYJ,2005,REG,9,2005-11-06,Sunday,13:00,SD,31,NYJ,26,Home,0,-5.5,7,13,0
2005_09_CAR_TB,2005,REG,9,2005-11-06,Sunday,13:00,CAR,34,TB,14,Home,0,0,7,7,1
2005_09_SEA_ARI,2005,REG,9,2005-11-06,Sunday,16:05,SEA,33,ARI,19,Home,0,-4.5,14,7,1
2005_09_CHI_NO,2005,REG,9,2005-11-06,Sunday,16:05,CHI,20,NO,17,Home,0,-2.5,7,7,0
2005_09_NYG_SF,2005,REG,9,2005-11-06,Sunday,16:05,NYG,24,SF,6,Home,0,-9.5,7,7,0
2005_09_PIT_GB,2005,REG,9,2005-11-06,Sunday,16:15,PIT,20,GB,10,Home,0,-6.5,6,7,0
2005_09_PHI_WAS,2005,REG,9,2005-11-06,Sunday,20:30,PHI,10,WAS,17,Home,0,0,7,7,1
2005_09_IND_NE,2005,REG,9,2005-11-07,Monday,09:00,IND,40,NE,21,Home,0,-3,15,8,0
2005_10_KC_BUF,2005,REG,10,2005-11-13,Sunday,13:00,KC,3,BUF,14,Home,0,2.5,7,14,0
2005_10_SF_CHI,2005,REG,10,2005-11-13,Sunday,13:00,SF,9,CHI,17,Home,0,12,7,7,0
2005_10_ARI_DET,2005,REG,10,2005-11-13,Sunday,13:00,ARI,21,DET,29,Home,0,4,7,7,0
2005_10_HOU_IND,2005,REG,10,2005-11-13,Sunday,13:00,HOU,17,IND,31,Home,0,17,7,6,1
2005_10_BAL_JAX,2005,REG,10,2005-11-13,Sunday,13:00,BAL,3,JAX,30,Home,0,8,7,7,0
2005_10_NE_MIA,2005,REG,10,2005-11-13,Sunday,13:00,NE,23,MIA,16,Home,0,-2.5,6,7,1
2005_10_MIN_NYG,2005,REG,10,2005-11-13,Sunday,13:00,MIN,24,NYG,21,Home,0,10,7,7,0
2005_10_NYJ_CAR,2005,REG,10,2005-11-13,Sunday,16:05,NYJ,3,CAR,30,Home,0,9.5,7,7,0
2005_10_DEN_OAK,2005,REG,10,2005-11-13,Sunday,16:05,DEN,31,OAK,17,Home,0,-2.5,14,7,1
2005_10_GB_ATL,2005,REG,10,2005-11-13,Sunday,16:15,GB,33,ATL,25,Home,0,9.5,7,7,0
2005_10_STL_SEA,2005,REG,10,2005-11-13,Sunday,16:15,STL,16,SEA,31,Home,0,7,14,7,1
2005_10_WAS_TB,2005,REG,10,2005-11-13,Sunday,16:15,WAS,35,TB,36,Home,0,-1,7,7,0
2005_10_CLE_PIT,2005,REG,10,2005-11-13,Sunday,20:30,CLE,21,PIT,34,Home,0,7.5,7,7,1
2005_10_DAL_PHI,2005,REG,10,2005-11-14,Monday,09:00,DAL,21,PHI,20,Home,0,3,15,8,1
2005_11_TB_ATL,2005,REG,11,2005-11-20,Sunday,13:00,TB,30,ATL,27,Home,0,6,7,7,1
2005_11_PIT_BAL,2005,REG,11,2005-11-20,Sunday,13:00,PIT,13,BAL,16,Home,1,-4,7,7,1
2005_11_CAR_CHI,2005,REG,11,2005-11-20,Sunday,13:00,CAR,3,CHI,13,Home,0,-3,7,7,0
2005_11_MIA_CLE,2005,REG,11,2005-11-20,Sunday,13:00,MIA,0,CLE,22,Home,0,2.5,7,7,0
2005_11_DET_DAL,2005,REG,11,2005-11-20,Sunday,13:00,DET,7,DAL,20,Home,0,8,7,6,0
2005_11_NO_NE,2005,REG,11,2005-11-20,Sunday,13:00,NO,17,NE,24,Home,0,10,14,7,0
2005_11_PHI_NYG,2005,REG,11,2005-11-20,Sunday,13:00,PHI,17,NYG,27,Home,0,3.5,6,7,1
2005_11_ARI_STL,2005,REG,11,2005-11-20,Sunday,13:00,ARI,38,STL,28,Home,0,9,7,7,1
2005_11_JAX_TEN,2005,REG,11,2005-11-20,Sunday,13:00,JAX,31,TEN,28,Home,0,-4,7,14,1
2005_11_OAK_WAS,2005,REG,11,2005-11-20,Sunday,13:00,OAK,16,WAS,13,Home,0,6,7,7,0
2005_11_SEA_SF,2005,REG,11,2005-11-20,Sunday,16:05,SEA,27,SF,25,Home,0,-12,7,7,1
2005_11_IND_CIN,2005,REG,11,2005-11-20,Sunday,16:15,IND,45,CIN,37,Home,0,-4.5,7,14,0
2005_11_NYJ_DEN,2005,REG,11,2005-11-20,Sunday,16:15,NYJ,0,DEN,27,Home,0,13,7,7,0
2005_11_BUF_SD,2005,REG,11,2005-11-20,Sunday,16:15,BUF,10,SD,48,Home,0,9,7,14,0
2005_11_KC_HOU,2005,REG,11,2005-11-20,Sunday,20:30,KC,45,HOU,17,Home,0,-6.5,7,7,0
2005_11_MIN_GB,2005,REG,11,2005-11-21,Monday,09:00,MIN,20,GB,17,Home,0,3.5,8,8,1
2005_12_ATL_DET,2005,REG,12,2005-11-24,Thursday,12:30,ATL,27,DET,7,Home,0,-3,4,4,0
2005_12_DEN_DAL,2005,REG,12,2005-11-24,Thursday,16:15,DEN,24,DAL,21,Home,1,1.5,4,4,0
2005_12_CAR_BUF,2005,REG,12,2005-11-27,Sunday,13:00,CAR,13,BUF,9,Home,0,-4,7,7,0
2005_12_BAL_CIN,2005,REG,12,2005-11-27,Sunday,13:00,BAL,29,CIN,42,Home,0,9,7,7,1
2005_12_STL_HOU,2005,REG,12,2005-11-27,Sunday,13:00,STL,33,HOU,27,Home,1,-3.5,7,7,0
2005_12_NE_KC,2005,REG,12,2005-11-27,Sunday,13:00,NE,16,KC,26,Home,0,3,7,7,0
2005_12_CLE_MIN,2005,REG,12,2005-11-27,Sunday,13:00,CLE,12,MIN,24,Home,0,3.5,7,6,0
2005_12_CHI_TB,2005,REG,12,2005-11-27,Sunday,13:00,CHI,13,TB,10,Home,0,3,7,7,0
2005_12_SF_TEN,2005,REG,12,2005-11-27,Sunday,13:00,SF,22,TEN,33,Home,0,7,7,7,0
2005_12_SD_WAS,2005,REG,12,2005-11-27,Sunday,13:00,SD,23,WAS,17,Home,1,-3,7,7,0
2005_12_JAX_ARI,2005,REG,12,2005-11-27,Sunday,16:05,JAX,24,ARI,17,Home,0,-3.5,7,7,0
2005_12_MIA_OAK,2005,REG,12,2005-11-27,Sunday,16:05,MIA,33,OAK,21,Home,0,7,7,7,0
2005_12_GB_PHI,2005,REG,12,2005-11-27,Sunday,16:15,GB,14,PHI,19,Home,0,3.5,6,7,0
2005_12_NYG_SEA,2005,REG,12,2005-11-27,Sunday,16:15,NYG,21,SEA,24,Home,1,5.5,7,7,0
2005_12_NO_NYJ,2005,REG,12,2005-11-27,Sunday,20:30,NO,21,NYJ,19,Home,0,-1,7,7,0
2005_12_PIT_IND,2005,REG,12,2005-11-28,Monday,09:00,PIT,7,IND,26,Home,0,8,8,8,0
2005_13_HOU_BAL,2005,REG,13,2005-12-04,Sunday,13:00,HOU,15,BAL,16,Home,0,7,7,7,0
2005_13_ATL_CAR,2005,REG,13,2005-12-04,Sunday,13:00,ATL,6,CAR,24,Home,0,3,10,7,1
2005_13_GB_CHI,2005,REG,13,2005-12-04,Sunday,13:00,GB,7,CHI,19,Home,0,7,7,7,1
2005_13_JAX_CLE,2005,REG,13,2005-12-04,Sunday,13:00,JAX,20,CLE,14,Home,0,-3,7,7,0
2005_13_MIN_DET,2005,REG,13,2005-12-04,Sunday,13:00,MIN,21,DET,16,Home,0,-3,7,10,1
2005_13_TEN_IND,2005,REG,13,2005-12-04,Sunday,13:00,TEN,3,IND,35,Home,0,14,7,6,1
2005_13_BUF_MIA,2005,REG,13,2005-12-04,Sunday,13:00,BUF,23,MIA,24,Home,0,3,7,7,1
2005_13_TB_NO,2005,REG,13,2005-12-04,Sunday,13:00,TB,10,NO,3,Home,0,-3.5,7,7,1
2005_13_DAL_NYG,2005,REG,13,2005-12-04,Sunday,13:00,DAL,10,NYG,17,Home,0,3,10,7,1
2005_13_CIN_PIT,2005,REG,13,2005-12-04,Sunday,13:00,CIN,38,PIT,31,Home,0,4,7,6,1
2005_13_ARI_SF,2005,REG,13,2005-12-04,Sunday,16:05,ARI,17,SF,10,Home,0,-3,7,7,1
2005_13_WAS_STL,2005,REG,13,2005-12-04,Sunday,16:05,WAS,24,STL,9,Home,0,-3,7,7,0
2005_13_DEN_KC,2005,REG,13,2005-12-04,Sunday,16:15,DEN,27,KC,31,Home,0,0,10,7,1
2005_13_NYJ_NE,2005,REG,13,2005-12-04,Sunday,16:15,NYJ,3,NE,16,Home,0,7.5,7,7,1
2005_13_OAK_SD,2005,REG,13,2005-12-04,Sunday,20:30,OAK,10,SD,34,Home,0,10,7,7,1
2005_13_SEA_PHI,2005,REG,13,2005-12-05,Monday,09:00,SEA,42,PHI,0,Home,0,-3,8,8,0
2005_14_NE_BUF,2005,REG,14,2005-12-11,Sunday,13:00,NE,35,BUF,7,Home,0,-3.5,7,7,1
2005_14_TB_CAR,2005,REG,14,2005-12-11,Sunday,13:00,TB,20,CAR,10,Home,0,5.5,7,7,1
2005_14_CLE_CIN,2005,REG,14,2005-12-11,Sunday,13:00,CLE,20,CIN,23,Home,0,12.5,7,7,1
2005_14_IND_JAX,2005,REG,14,2005-12-11,Sunday,13:00,IND,26,JAX,18,Home,0,-7.5,7,7,1
2005_14_STL_MIN,2005,REG,14,2005-12-11,Sunday,13:00,STL,13,MIN,27,Home,0,7,7,7,0
2005_14_OAK_NYJ,2005,REG,14,2005-12-11,Sunday,13:00,OAK,10,NYJ,26,Home,0,-3,7,7,0
2005_14_CHI_PIT,2005,REG,14,2005-12-11,Sunday,13:00,CHI,9,PIT,21,Home,0,4,7,7,0
2005_14_HOU_TEN,2005,REG,14,2005-12-11,Sunday,13:00,HOU,10,TEN,13,Home,0,6.5,7,7,1
2005_14_WAS_ARI,2005,REG,14,2005-12-11,Sunday,16:05,WAS,17,ARI,13,Home,0,-3,7,7,0
2005_14_NYG_PHI,2005,REG,14,2005-12-11,Sunday,16:05,NYG,26,PHI,23,Home,1,-3,7,6,1
2005_14_SF_SEA,2005,REG,14,2005-12-11,Sunday,16:05,SF,3,SEA,41,Home,0,15.5,7,6,1
2005_14_KC_DAL,2005,REG,14,2005-12-11,Sunday,16:15,KC,28,DAL,31,Home,0,3,7,7,0
2005_14_BAL_DEN,2005,REG,14,2005-12-11,Sunday,16:15,BAL,10,DEN,12,Home,0,14,7,7,0
2005_14_MIA_SD,2005,REG,14,2005-12-11,Sunday,16:15,MIA,23,SD,21,Home,0,13.5,7,7,0
2005_14_DET_GB,2005,REG,14,2005-12-11,Sunday,20:30,DET,13,GB,16,Home,1,5.5,7,7,1
2005_14_NO_ATL,2005,REG,14,2005-12-12,Monday,09:00,NO,17,ATL,36,Home,0,10,8,8,1
2005_15_TB_NE,2005,REG,15,2005-12-17,Saturday,13:30,TB,0,NE,28,Home,0,4.5,6,6,0
2005_15_KC_NYG,2005,REG,15,2005-12-17,Saturday,17:00,KC,17,NYG,27,Home,0,3,6,6,0
2005_15_DEN_BUF,2005,REG,15,2005-12-17,Saturday,20:30,DEN,28,BUF,17,Home,0,-8,6,6,0
2005_15_ARI_HOU,2005,REG,15,2005-12-18,Sunday,13:00,ARI,19,HOU,30,Home,0,-1,7,7,0
2005_15_SD_IND,2005,REG,15,2005-12-18,Sunday,13:00,SD,26,IND,17,Home,0,7.5,7,7,0
2005_15_SF_JAX,2005,REG,15,2005-12-18,Sunday,13:00,SF,9,JAX,10,Home,0,14.5,7,7,0
2005_15_NYJ_MIA,2005,REG,15,2005-12-18,Sunday,13:00,NYJ,20,MIA,24,Home,0,7.5,7,7,1
2005_15_PIT_MIN,2005,REG,15,2005-12-18,Sunday,13:00,PIT,18,MIN,3,Home,0,-3,7,7,0
2005_15_CAR_NO,2005,REG,15,2005-12-18,Sunday,13:00,CAR,27,NO,10,Home,0,-7,7,6,1
2005_15_PHI_STL,2005,REG,15,2005-12-18,Sunday,13:00,PHI,17,STL,16,Home,0,3,7,7,0
2005_15_SEA_TEN,2005,REG,15,2005-12-18,Sunday,13:00,SEA,28,TEN,24,Home,0,-7.5,7,7,0
2005_15_CIN_DET,2005,REG,15,2005-12-18,Sunday,16:05,CIN,41,DET,17,Home,0,-7.5,7,7,0
2005_15_CLE_OAK,2005,REG,15,2005-12-18,Sunday,16:05,CLE,9,OAK,7,Home,0,3,7,7,0
2005_15_DAL_WAS,2005,REG,15,2005-12-18,Sunday,16:15,DAL,7,WAS,35,Home,0,3,7,7,1
2005_15_ATL_CHI,2005,REG,15,2005-12-18,Sunday,20:30,ATL,3,CHI,16,Home,0,3,6,7,0
2005_15_GB_BAL,2005,REG,15,2005-12-19,Monday,09:00,GB,3,BAL,48,Home,0,3.5,8,8,0
2005_16_DAL_CAR,2005,REG,16,2005-12-24,Saturday,13:00,DAL,24,CAR,20,Home,0,5.5,6,6,0
2005_16_BUF_CIN,2005,REG,16,2005-12-24,Saturday,13:00,BUF,37,CIN,27,Home,0,13,7,6,0
2005_16_PIT_CLE,2005,REG,16,2005-12-24,Saturday,13:00,PIT,41,CLE,0,Home,0,-7,6,6,1
2005_16_JAX_HOU,2005,REG,16,2005-12-24,Saturday,13:00,JAX,38,HOU,20,Home,0,-6,6,6,1
2005_16_SD_KC,2005,REG,16,2005-12-24,Saturday,13:00,SD,7,KC,20,Home,0,1,6,7,1
2005_16_TEN_MIA,2005,REG,16,2005-12-24,Saturday,13:00,TEN,10,MIA,24,Home,0,5.5,6,6,0
2005_16_DET_NO,2005,REG,16,2005-12-24,Saturday,13:00,DET,13,NO,12,Home,0,3,6,6,0
2005_16_SF_STL,2005,REG,16,2005-12-24,Saturday,13:00,SF,24,STL,20,Home,0,9,6,6,1
2005_16_ATL_TB,2005,REG,16,2005-12-24,Saturday,13:00,ATL,24,TB,27,Home,1,3,6,7,1
2005_16_NYG_WAS,2005,REG,16,2005-12-24,Saturday,13:00,NYG,20,WAS,35,Home,0,3,7,6,1
2005_16_PHI_ARI,2005,REG,16,2005-12-24,Saturday,16:05,PHI,21,ARI,27,Home,0,1,6,6,0
2005_16_OAK_DEN,2005,REG,16,2005-12-24,Saturday,16:15,OAK,3,DEN,22,Home,0,12.5,6,7,1
2005_16_IND_SEA,2005,REG,16,2005-12-24,Saturday,16:15,IND,13,SEA,28,Home,0,7,6,6,0
2005_16_CHI_GB,2005,REG,16,2005-12-25,Sunday,17:00,CHI,24,GB,17,Home,0,-7,7,6,1
2005_16_MIN_BAL,2005,REG,16,2005-12-25,Sunday,20:30,MIN,23,BAL,30,Home,0,2.5,7,6,0
2005_16_NE_NYJ,2005,REG,16,2005-12-26,Monday,09:00,NE,31,NYJ,21,Home,0,-4,9,8,1
2005_17_DEN_SD,2005,REG,17,2005-12-31,Saturday,16:30,DEN,23,SD,7,Home,0,7,7,7,1
2005_17_NYG_OAK,2005,REG,17,2005-12-31,Saturday,20:00,NYG,30,OAK,21,Home,0,-7.5,7,7,0
2005_17_CAR_ATL,2005,REG,17,2006-01-01,Sunday,13:00,CAR,44,ATL,11,Home,0,-3.5,8,8,1
2005_17_BAL_CLE,2005,REG,17,2006-01-01,Sunday,13:00,BAL,16,CLE,20,Home,0,-3,7,8,1
2005_17_SEA_GB,2005,REG,17,2006-01-01,Sunday,13:00,SEA,17,GB,23,Home,0,3,8,7,0
2005_17_ARI_IND,2005,REG,17,2006-01-01,Sunday,13:00,ARI,13,IND,17,Home,0,6,8,8,0
2005_17_CIN_KC,2005,REG,17,2006-01-01,Sunday,13:00,CIN,3,KC,37,Home,0,7.5,8,8,0
2005_17_MIA_NE,2005,REG,17,2006-01-01,Sunday,13:00,MIA,28,NE,26,Home,0,3,8,6,1
2005_17_BUF_NYJ,2005,REG,17,2006-01-01,Sunday,13:00,BUF,26,NYJ,30,Home,0,1.5,8,6,1
2005_17_DET_PIT,2005,REG,17,2006-01-01,Sunday,13:00,DET,21,PIT,35,Home,0,15.5,8,8,0
2005_17_NO_TB,2005,REG,17,2006-01-01,Sunday,13:00,NO,13,TB,27,Home,0,13,8,8,1
2005_17_TEN_JAX,2005,REG,17,2006-01-01,Sunday,16:05,TEN,13,JAX,40,Home,0,4,8,8,1
2005_17_HOU_SF,2005,REG,17,2006-01-01,Sunday,16:05,HOU,17,SF,20,Home,1,-1,8,8,0
2005_17_CHI_MIN,2005,REG,17,2006-01-01,Sunday,16:15,CHI,10,MIN,34,Home,0,3,7,7,1
2005_17_WAS_PHI,2005,REG,17,2006-01-01,Sunday,16:15,WAS,31,PHI,20,Home,0,-7,8,8,1
2005_17_STL_DAL,2005,REG,17,2006-01-01,Sunday,20:30,STL,20,DAL,10,Home,0,12.5,8,8,0
2005_18_WAS_TB,2005,WC,18,2006-01-07,Saturday,16:30,WAS,17,TB,10,Home,0,2.5,6,6,0
2005_18_JAX_NE,2005,WC,18,2006-01-07,Saturday,20:00,JAX,3,NE,28,Home,0,8,6,6,0
2005_18_CAR_NYG,2005,WC,18,2006-01-08,Sunday,13:00,CAR,23,NYG,0,Home,0,3,7,8,0
2005_18_PIT_CIN,2005,WC,18,2006-01-08,Sunday,16:30,PIT,31,CIN,17,Home,0,-3,7,7,1
2005_19_WAS_SEA,2005,DIV,19,2006-01-14,Saturday,16:30,WAS,10,SEA,20,Home,0,8.5,7,13,0
2005_19_NE_DEN,2005,DIV,19,2006-01-14,Saturday,20:00,NE,13,DEN,27,Home,0,3,7,14,0
2005_19_PIT_IND,2005,DIV,19,2006-01-15,Sunday,13:00,PIT,21,IND,18,Home,0,8.5,7,14,0
2005_19_CAR_CHI,2005,DIV,19,2006-01-15,Sunday,16:30,CAR,29,CHI,21,Home,0,3,7,14,0
2005_20_PIT_DEN,2005,CON,20,2006-01-22,Sunday,15:00,PIT,34,DEN,17,Home,0,3.5,7,8,0
2005_20_CAR_SEA,2005,CON,20,2006-01-22,Sunday,18:30,CAR,14,SEA,34,Home,0,5.5,7,8,0
2005_21_SEA_PIT,2005,SB,21,2006-02-05,Sunday,18:30,SEA,10,PIT,21,Neutral,0,4,14,14,0
2006_01_MIA_PIT,2006,REG,1,2006-09-07,Thursday,20:30,MIA,17,PIT,28,Home,0,1.5,7,7,0
2006_01_ATL_CAR,2006,REG,1,2006-09-10,Sunday,13:00,ATL,20,CAR,6,Home,0,4.5,7,7,1
2006_01_NO_CLE,2006,REG,1,2006-09-10,Sunday,13:00,NO,19,CLE,14,Home,0,3,7,7,0
2006_01_SEA_DET,2006,REG,1,2006-09-10,Sunday,13:00,SEA,9,DET,6,Home,0,-6,7,7,0
2006_01_PHI_HOU,2006,REG,1,2006-09-10,Sunday,13:00,PHI,24,HOU,10,Home,0,-6,7,7,0
2006_01_CIN_KC,2006,REG,1,2006-09-10,Sunday,13:00,CIN,23,KC,10,Home,0,-1.5,7,7,0
2006_01_BUF_NE,2006,REG,1,2006-09-10,Sunday,13:00,BUF,17,NE,19,Home,0,10,7,7,1
2006_01_DEN_STL,2006,REG,1,2006-09-10,Sunday,13:00,DEN,10,STL,18,Home,0,-3.5,7,7,0
2006_01_BAL_TB,2006,REG,1,2006-09-10,Sunday,13:00,BAL,27,TB,0,Home,0,3,7,7,0
2006_01_NYJ_TEN,2006,REG,1,2006-09-10,Sunday,13:00,NYJ,23,TEN,16,Home,0,2.5,7,7,0
2006_01_SF_ARI,2006,REG,1,2006-09-10,Sunday,16:15,SF,27,ARI,34,Home,0,9.5,7,7,1
2006_01_CHI_GB,2006,REG,1,2006-09-10,Sunday,16:15,CHI,26,GB,0,Home,0,-3.5,7,7,1
2006_01_DAL_JAX,2006,REG,1,2006-09-10,Sunday,16:15,DAL,17,JAX,24,Home,0,-2.5,7,7,0
2006_01_IND_NYG,2006,REG,1,2006-09-10,Sunday,20:15,IND,26,NYG,21,Home,0,-3,7,7,0
2006_01_MIN_WAS,2006,REG,1,2006-09-11,Monday,19:00,MIN,19,WAS,16,Home,0,4,7,7,0
2006_01_SD_OAK,2006,REG,1,2006-09-11,Monday,22:15,SD,27,OAK,0,Home,0,-3,7,7,1
2006_02_TB_ATL,2006,REG,2,2006-09-17,Sunday,13:00,TB,3,ATL,14,Home,0,4.5,7,7,1
2006_02_OAK_BAL,2006,REG,2,2006-09-17,Sunday,13:00,OAK,6,BAL,28,Home,0,13,6,7,0
2006_02_DET_CHI,2006,REG,2,2006-09-17,Sunday,13:00,DET,7,CHI,34,Home,0,7,7,7,1
2006_02_CLE_CIN,2006,REG,2,2006-09-17,Sunday,13:00,CLE,17,CIN,34,Home,0,10.5,7,7,1
2006_02_NO_GB,2006,REG,2,2006-09-17,Sunday,13:00,NO,34,GB,27,Home,0,-1,7,7,0
2006_02_HOU_IND,2006,REG,2,2006-09-17,Sunday,13:00,HOU,24,IND,43,Home,0,12.5,7,7,1
2006_02_BUF_MIA,2006,REG,2,2006-09-17,Sunday,13:00,BUF,16,MIA,6,Home,0,6.5,7,10,1
2006_02_CAR_MIN,2006,REG,2,2006-09-17,Sunday,13:00,CAR,13,MIN,16,Home,1,2,7,6,0
2006_02_NYG_PHI,2006,REG,2,2006-09-17,Sunday,13:00,NYG,30,PHI,24,Home,1,3,7,7,1
2006_02_ARI_SEA,2006,REG,2,2006-09-17,Sunday,16:05,ARI,10,SEA,21,Home,0,7,7,7,1
2006_02_STL_SF,2006,REG,2,2006-09-17,Sunday,16:05,STL,13,SF,20,Home,0,-3,7,7,1
2006_02_KC_DEN,2006,REG,2,2006-09-17,Sunday,16:15,KC,6,DEN,9,Home,1,11,7,7,1
2006_02_NE_NYJ,2006,REG,2,2006-09-17,Sunday,16:15,NE,24,NYJ,17,Home,0,-6,7,7,1
2006_02_TEN_SD,2006,REG,2,2006-09-17,Sunday,16:15,TEN,7,SD,40,Home,0,12,7,6,0
2006_02_WAS_DAL,2006,REG,2,2006-09-17,Sunday,20:15,WAS,10,DAL,27,Home,0,7,6,7,1
2006_02_PIT_JAX,2006,REG,2,2006-09-18,Monday,20:30,PIT,0,JAX,9,Home,0,-2.5,11,8,0
2006_03_NYJ_BUF,2006,REG,3,2006-09-24,Sunday,13:00,NYJ,28,BUF,20,Home,0,6,7,7,1
2006_03_GB_DET,2006,REG,3,2006-09-24,Sunday,13:00,GB,31,DET,24,Home,0,6.5,7,7,1
2006_03_WAS_HOU,2006,REG,3,2006-09-24,Sunday,13:00,WAS,31,HOU,15,Home,0,-3.5,7,7,0
2006_03_JAX_IND,2006,REG,3,2006-09-24,Sunday,13:00,JAX,14,IND,21,Home,0,6.5,6,7,1
2006_03_TEN_MIA,2006,REG,3,2006-09-24,Sunday,13:00,TEN,10,MIA,13,Home,0,10.5,7,7,0
2006_03_CHI_MIN,2006,REG,3,2006-09-24,Sunday,13:00,CHI,19,MIN,16,Home,0,-3.5,7,7,1
2006_03_CIN_PIT,2006,REG,3,2006-09-24,Sunday,13:00,CIN,28,PIT,20,Home,0,2,7,6,1
2006_03_CAR_TB,2006,REG,3,2006-09-24,Sunday,13:00,CAR,26,TB,24,Home,0,-3,7,7,1
2006_03_BAL_CLE,2006,REG,3,2006-09-24,Sunday,16:05,BAL,15,CLE,14,Home,0,-6.5,7,7,1
2006_03_STL_ARI,2006,REG,3,2006-09-24,Sunday,16:15,STL,16,ARI,14,Home,0,5.5,7,7,1
2006_03_NYG_SEA,2006,REG,3,2006-09-24,Sunday,16:15,NYG,30,SEA,42,Home,0,4,7,7,0
2006_03_PHI_SF,2006,REG,3,2006-09-24,Sunday,16:15,PHI,38,SF,24,Home,0,-6,7,7,0
2006_03_DEN_NE,2006,REG,3,2006-09-24,Sunday,20:15,DEN,17,NE,7,Home,0,6.5,7,7,0
2006_03_ATL_NO,2006,REG,3,2006-09-25,Monday,20:30,ATL,3,NO,23,Home,0,-4,8,8,1
2006_04_ARI_ATL,2006,REG,4,2006-10-01,Sunday,13:00,ARI,10,ATL,32,Home,0,7,7,6,0
2006_04_SD_BAL,2006,REG,4,2006-10-01,Sunday,13:00,SD,13,BAL,16,Home,0,1,14,7,0
2006_04_MIN_BUF,2006,REG,4,2006-10-01,Sunday,13:00,MIN,12,BUF,17,Home,0,1,7,7,0
2006_04_NO_CAR,2006,REG,4,2006-10-01,Sunday,13:00,NO,18,CAR,21,Home,0,7,6,7,1
2006_04_MIA_HOU,2006,REG,4,2006-10-01,Sunday,13:00,MIA,15,HOU,17,Home,0,-3.5,7,7,0
2006_04_SF_KC,2006,REG,4,2006-10-01,Sunday,13:00,SF,0,KC,41,Home,0,7,7,14,0
2006_04_IND_NYJ,2006,REG,4,2006-10-01,Sunday,13:00,IND,31,NYJ,28,Home,0,-7.5,7,7,0
2006_04_DAL_TEN,2006,REG,4,2006-10-01,Sunday,13:00,DAL,45,TEN,14,Home,0,-10,14,7,0
2006_04_DET_STL,2006,REG,4,2006-10-01,Sunday,16:05,DET,34,STL,41,Home,0,5.5,7,7,0
2006_04_NE_CIN,2006,REG,4,2006-10-01,Sunday,16:15,NE,38,CIN,13,Home,0,5.5,7,7,0
2006_04_CLE_OAK,2006,REG,4,2006-10-01,Sunday,16:15,CLE,24,OAK,21,Home,0,-1,7,14,0
2006_04_JAX_WAS,2006,REG,4,2006-10-01,Sunday,16:15,JAX,30,WAS,36,Home,1,-2.5,7,7,0
2006_04_SEA_CHI,2006,REG,4,2006-10-01,Sunday,20:15,SEA,6,CHI,37,Home,0,3.5,7,7,0
2006_04_GB_PHI,2006,REG,4,2006-10-02,Monday,20:30,GB,9,PHI,31,Home,0,12,8,8,0
2006_05_CLE_CAR,2006,REG,5,2006-10-08,Sunday,13:00,CLE,12,CAR,20,Home,0,7.5,7,7,0
2006_05_BUF_CHI,2006,REG,5,2006-10-08,Sunday,13:00,BUF,7,CHI,40,Home,0,9.5,7,7,0
2006_05_STL_GB,2006,REG,5,2006-10-08,Sunday,13:00,STL,23,GB,20,Home,0,-2.5,7,6,0
2006_05_TEN_IND,2006,REG,5,2006-10-08,Sunday,13:00,TEN,13,IND,14,Home,0,13.5,7,7,1
2006_05_DET_MIN,2006,REG,5,2006-10-08,Sunday,13:00,DET,17,MIN,26,Home,0,4,7,7,1
2006_05_MIA_NE,2006,REG,5,2006-10-08,Sunday,13:00,MIA,10,NE,20,Home,0,9.5,7,7,1
2006_05_TB_NO,2006,REG,5,2006-10-08,Sunday,13:00,TB,21,NO,24,Home,0,7,14,7,1
2006_05_WAS_NYG,2006,REG,5,2006-10-08,Sunday,13:00,WAS,3,NYG,19,Home,0,6,7,14,1
2006_05_KC_ARI,2006,REG,5,2006-10-08,Sunday,16:05,KC,23,ARI,20,Home,0,-3.5,7,7,0
2006_05_NYJ_JAX,2006,REG,5,2006-10-08,Sunday,16:05,NYJ,0,JAX,41,Home,0,7,7,7,0
2006_05_OAK_SF,2006,REG,5,2006-10-08,Sunday,16:05,OAK,20,SF,34,Home,0,3,7,7,0
2006_05_DAL_PHI,2006,REG,5,2006-10-08,Sunday,16:15,DAL,24,PHI,38,Home,0,-1,7,6,1
2006_05_PIT_SD,2006,REG,5,2006-10-08,Sunday,20:15,PIT,13,SD,23,Home,0,3.5,14,7,0
2006_05_BAL_DEN,2006,REG,5,2006-10-09,Monday,20:30,BAL,3,DEN,13,Home,0,5.5,8,15,0
2006_06_NYG_ATL,2006,REG,6,2006-10-15,Sunday,13:00,NYG,27,ATL,14,Home,0,3,7,14,0
2006_06_CAR_BAL,2006,REG,6,2006-10-15,Sunday,13:00,CAR,23,BAL,21,Home,0,3,7,6,0
2006_06_HOU_DAL,2006,REG,6,2006-10-15,Sunday,13:00,HOU,6,DAL,34,Home,0,13,14,7,0
2006_06_BUF_DET,2006,REG,6,2006-10-15,Sunday,13:00,BUF,17,DET,20,Home,0,-1,7,7,0
2006_06_PHI_NO,2006,REG,6,2006-10-15,Sunday,13:00,PHI,24,NO,27,Home,0,-3,7,7,0
2006_06_SEA_STL,2006,REG,6,2006-10-15,Sunday,13:00,SEA,30,STL,28,Home,0,-3,14,7,1
2006_06_CIN_TB,2006,REG,6,2006-10-15,Sunday,13:00,CIN,13,TB,14,Home,0,-4.5,14,7,0
2006_06_TEN_WAS,2006,REG,6,2006-10-15,Sunday,13:00,TEN,25,WAS,22,Home,0,11.5,7,7,0
2006_06_MIA_NYJ,2006,REG,6,2006-10-15,Sunday,16:15,MIA,17,NYJ,20,Home,0,2,7,7,1
2006_06_KC_PIT,2006,REG,6,2006-10-15,Sunday,16:15,KC,7,PIT,45,Home,0,6.5,7,7,0
2006_06_SD_SF,2006,REG,6,2006-10-15,Sunday,16:15,SD,48,SF,19,Home,0,-9.5,7,7,0
2006_06_OAK_DEN,2006,REG,6,2006-10-15,Sunday,20:15,OAK,3,DEN,13,Home,0,14,7,6,1
2006_06_CHI_ARI,2006,REG,6,2006-10-16,Monday,20:30,CHI,24,ARI,23,Home,0,-11.5,8,8,0
2006_07_PIT_ATL,2006,REG,7,2006-10-22,Sunday,13:00,PIT,38,ATL,41,Home,1,-2.5,7,7,0
2006_07_NE_BUF,2006,REG,7,2006-10-22,Sunday,13:00,NE,28,BUF,6,Home,0,-5.5,14,7,1
2006_07_CAR_CIN,2006,REG,7,2006-10-22,Sunday,13:00,CAR,14,CIN,17,Home,0,3,7,7,0
2006_07_JAX_HOU,2006,REG,7,2006-10-22,Sunday,13:00,JAX,7,HOU,27,Home,0,-7.5,14,7,1
2006_07_SD_KC,2006,REG,7,2006-10-22,Sunday,13:00,SD,27,KC,30,Home,0,-6,7,7,1
2006_07_GB_MIA,2006,REG,7,2006-10-22,Sunday,13:00,GB,34,MIA,24,Home,0,6,14,7,0
2006_07_DET_NYJ,2006,REG,7,2006-10-22,Sunday,13:00,DET,24,NYJ,31,Home,0,4,7,7,0
2006_07_PHI_TB,2006,REG,7,2006-10-22,Sunday,13:00,PHI,21,TB,23,Home,0,-6,7,7,0
2006_07_DEN_CLE,2006,REG,7,2006-10-22,Sunday,16:05,DEN,17,CLE,7,Home,0,-4.5,7,14,0
2006_07_WAS_IND,2006,REG,7,2006-10-22,Sunday,16:15,WAS,22,IND,36,Home,0,8,7,14,0
2006_07_ARI_OAK,2006,REG,7,2006-10-22,Sunday,16:15,ARI,9,OAK,22,Home,0,-3,6,7,0
2006_07_MIN_SEA,2006,REG,7,2006-10-22,Sunday,16:15,MIN,31,SEA,13,Home,0,6,14,7,0
2006_07_NYG_DAL,2006,REG,7,2006-10-23,Monday,20:30,NYG,36,DAL,22,Home,0,3,8,8,1
2006_08_SF_CHI,2006,REG,8,2006-10-29,Sunday,13:00,SF,10,CHI,41,Home,0,16,14,13,0
2006_08_ATL_CIN,2006,REG,8,2006-10-29,Sunday,13:00,ATL,29,CIN,27,Home,0,3.5,7,7,0
2006_08_ARI_GB,2006,REG,8,2006-10-29,Sunday,13:00,ARI,14,GB,31,Home,0,4,7,7,0
2006_08_SEA_KC,2006,REG,8,2006-10-29,Sunday,13:00,SEA,28,KC,35,Home,0,4,7,7,0
2006_08_BAL_NO,2006,REG,8,2006-10-29,Sunday,13:00,BAL,35,NO,22,Home,0,1,14,14,0
2006_08_TB_NYG,2006,REG,8,2006-10-29,Sunday,13:00,TB,3,NYG,17,Home,0,9.5,7,6,0
2006_08_JAX_PHI,2006,REG,8,2006-10-29,Sunday,13:00,JAX,13,PHI,6,Home,0,9,7,7,0
2006_08_HOU_TEN,2006,REG,8,2006-10-29,Sunday,13:00,HOU,22,TEN,28,Home,0,3,7,14,1
2006_08_STL_SD,2006,REG,8,2006-10-29,Sunday,16:05,STL,24,SD,38,Home,0,9.5,14,7,0
2006_08_NYJ_CLE,2006,REG,8,2006-10-29,Sunday,16:15,NYJ,13,CLE,20,Home,0,1,7,7,0
2006_08_IND_DEN,2006,REG,8,2006-10-29,Sunday,16:15,IND,34,DEN,31,Home,0,3,7,7,0
2006_08_PIT_OAK,2006,REG,8,2006-10-29,Sunday,16:15,PIT,13,OAK,20,Home,0,-9,7,7,0
2006_08_DAL_CAR,2006,REG,8,2006-10-29,Sunday,20:15,DAL,35,CAR,14,Home,0,4.5,6,7,0
2006_08_NE_MIN,2006,REG,8,2006-10-30,Monday,20:30,NE,31,MIN,7,Home,0,-1,8,8,0
2006_09_CIN_BAL,2006,REG,9,2006-11-05,Sunday,13:00,CIN,20,BAL,26,Home,0,3,7,7,1
2006_09_GB_BUF,2006,REG,9,2006-11-05,Sunday,13:00,GB,10,BUF,24,Home,0,3.5,7,14,0
2006_09_MIA_CHI,2006,REG,9,2006-11-05,Sunday,13:00,MIA,31,CHI,13,Home,0,13,14,7,0
2006_09_ATL_DET,2006,REG,9,2006-11-05,Sunday,13:00,ATL,14,DET,30,Home,0,-5,7,14,0
2006_09_TEN_JAX,2006,REG,9,2006-11-05,Sunday,13:00,TEN,7,JAX,37,Home,0,9.5,7,7,1
2006_09_HOU_NYG,2006,REG,9,2006-11-05,Sunday,13:00,HOU,10,NYG,14,Home,0,13,7,7,0
2006_09_KC_STL,2006,REG,9,2006-11-05,Sunday,13:00,KC,31,STL,17,Home,0,2.5,7,7,0
2006_09_NO_TB,2006,REG,9,2006-11-05,Sunday,13:00,NO,31,TB,14,Home,0,1,7,7,1
2006_09_DAL_WAS,2006,REG,9,2006-11-05,Sunday,13:00,DAL,19,WAS,22,Home,0,-3,7,14,1
2006_09_MIN_SF,2006,REG,9,2006-11-05,Sunday,16:05,MIN,3,SF,9,Home,0,-4,6,7,0
2006_09_DEN_PIT,2006,REG,9,2006-11-05,Sunday,16:15,DEN,31,PIT,20,Home,0,3,7,7,0
2006_09_CLE_SD,2006,REG,9,2006-11-05,Sunday,16:15,CLE,25,SD,32,Home,0,13,7,7,0
2006_09_IND_NE,2006,REG,9,2006-11-05,Sunday,20:15,IND,27,NE,20,Home,0,3,7,6,0
2006_09_OAK_SEA,2006,REG,9,2006-11-06,Monday,20:30,OAK,0,SEA,16,Home,0,7,8,8,0
2006_10_CLE_ATL,2006,REG,10,2006-11-12,Sunday,13:00,CLE,17,ATL,13,Home,0,9,7,7,0
2006_10_SD_CIN,2006,REG,10,2006-11-12,Sunday,13:00,SD,49,CIN,41,Home,0,-1,7,7,0
2006_10_SF_DET,2006,REG,10,2006-11-12,Sunday,13:00,SF,19,DET,13,Home,0,6.5,7,7,0
2006_10_BUF_IND,2006,REG,10,2006-11-12,Sunday,13:00,BUF,16,IND,17,Home,0,12,7,7,0
2006_10_HOU_JAX,2006,REG,10,2006-11-12,Sunday,13:00,HOU,13,JAX,10,Home,0,10,7,7,1
2006_10_KC_MIA,2006,REG,10,2006-11-12,Sunday,13:00,KC,10,MIA,13,Home,0,1,7,7,0
2006_10_GB_MIN,2006,REG,10,2006-11-12,Sunday,13:00,GB,23,MIN,17,Home,0,5,7,7,1
2006_10_NYJ_NE,2006,REG,10,2006-11-12,Sunday,13:00,NYJ,17,NE,14,Home,0,10.5,14,7,1
2006_10_WAS_PHI,2006,REG,10,2006-11-12,Sunday,13:00,WAS,3,PHI,27,Home,0,9,7,14,1
2006_10_BAL_TEN,2006,REG,10,2006-11-12,Sunday,13:00,BAL,27,TEN,26,Home,0,-7,7,7,0
2006_10_DEN_OAK,2006,REG,10,2006-11-12,Sunday,16:05,DEN,17,OAK,13,Home,0,-9,7,6,1
2006_10_DAL_ARI,2006,REG,10,2006-11-12,Sunday,16:15,DAL,27,ARI,10,Home,0,-6.5,7,14,0
2006_10_NO_PIT,2006,REG,10,2006-11-12,Sunday,16:15,NO,31,PIT,38,Home,0,6.5,7,7,0
2006_10_STL_SEA,2006,REG,10,2006-11-12,Sunday,16:15,STL,22,SEA,24,Home,0,3,7,6,1
2006_10_CHI_NYG,2006,REG,10,2006-11-12,Sunday,20:15,CHI,38,NYG,20,Home,0,1,7,7,0
2006_10_TB_CAR,2006,REG,10,2006-11-13,Monday,20:30,TB,10,CAR,24,Home,0,10,8,15,1
2006_11_ATL_BAL,2006,REG,11,2006-11-19,Sunday,13:00,ATL,10,BAL,24,Home,0,3.5,7,7,0
2006_11_STL_CAR,2006,REG,11,2006-11-19,Sunday,13:00,STL,0,CAR,15,Home,0,6.5,7,6,0
2006_11_PIT_CLE,2006,REG,11,2006-11-19,Sunday,13:00,PIT,24,CLE,20,Home,0,-4,7,7,1
2006_11_NE_GB,2006,REG,11,2006-11-19,Sunday,13:00,NE,35,GB,0,Home,0,-5.5,7,7,0
2006_11_BUF_HOU,2006,REG,11,2006-11-19,Sunday,13:00,BUF,24,HOU,21,Home,0,3,7,7,0
2006_11_OAK_KC,2006,REG,11,2006-11-19,Sunday,13:00,OAK,13,KC,17,Home,0,9,7,7,1
2006_11_MIN_MIA,2006,REG,11,2006-11-19,Sunday,13:00,MIN,20,MIA,24,Home,0,3,7,7,0
2006_11_CIN_NO,2006,REG,11,2006-11-19,Sunday,13:00,CIN,31,NO,16,Home,0,3.5,7,7,0
2006_11_CHI_NYJ,2006,REG,11,2006-11-19,Sunday,13:00,CHI,10,NYJ,0,Home,0,-5.5,7,7,0
2006_11_TEN_PHI,2006,REG,11,2006-11-19,Sunday,13:00,TEN,31,PHI,13,Home,0,13,7,7,0
2006_11_WAS_TB,2006,REG,11,2006-11-19,Sunday,13:00,WAS,17,TB,20,Home,0,3,7,6,0
2006_11_DET_ARI,2006,REG,11,2006-11-19,Sunday,16:05,DET,10,ARI,17,Home,0,2.5,7,7,0
2006_11_SEA_SF,2006,REG,11,2006-11-19,Sunday,16:05,SEA,14,SF,20,Home,0,-3,7,7,1
2006_11_IND_DAL,2006,REG,11,2006-11-19,Sunday,16:15,IND,14,DAL,21,Home,0,-1,7,7,0
2006_11_SD_DEN,2006,REG,11,2006-11-19,Sunday,20:15,SD,35,DEN,27,Home,0,2.5,7,7,1
2006_11_NYG_JAX,2006,REG,11,2006-11-20,Monday,20:30,NYG,10,JAX,26,Home,0,4,8,8,0
2006_12_MIA_DET,2006,REG,12,2006-11-23,Thursday,12:30,MIA,27,DET,10,Home,0,-3,4,4,0
2006_12_TB_DAL,2006,REG,12,2006-11-23,Thursday,16:25,TB,10,DAL,38,Home,0,12.5,4,4,0
2006_12_DEN_KC,2006,REG,12,2006-11-23,Thursday,20:00,DEN,10,KC,19,Home,0,1,4,4,1
2006_12_NO_ATL,2006,REG,12,2006-11-26,Sunday,13:00,NO,31,ATL,13,Home,0,3,7,7,1
2006_12_PIT_BAL,2006,REG,12,2006-11-26,Sunday,13:00,PIT,0,BAL,27,Home,0,3,7,7,1
2006_12_JAX_BUF,2006,REG,12,2006-11-26,Sunday,13:00,JAX,24,BUF,27,Home,0,-3,6,7,0
2006_12_CIN_CLE,2006,REG,12,2006-11-26,Sunday,13:00,CIN,30,CLE,0,Home,0,-3,7,7,1
2006_12_ARI_MIN,2006,REG,12,2006-11-26,Sunday,13:00,ARI,26,MIN,31,Home,0,7,7,7,0
2006_12_HOU_NYJ,2006,REG,12,2006-11-26,Sunday,13:00,HOU,11,NYJ,26,Home,0,4.5,7,7,0
2006_12_SF_STL,2006,REG,12,2006-11-26,Sunday,13:00,SF,17,STL,20,Home,0,4.5,7,7,1
2006_12_CAR_WAS,2006,REG,12,2006-11-26,Sunday,13:00,CAR,13,WAS,17,Home,0,-5.5,7,7,0
2006_12_OAK_SD,2006,REG,12,2006-11-26,Sunday,16:05,OAK,14,SD,21,Home,0,13.5,7,7,1
2006_12_CHI_NE,2006,REG,12,2006-11-26,Sunday,16:15,CHI,13,NE,17,Home,0,4.5,7,7,0
2006_12_NYG_TEN,2006,REG,12,2006-11-26,Sunday,16:15,NYG,21,TEN,24,Home,0,-4,6,7,0
2006_12_PHI_IND,2006,REG,12,2006-11-26,Sunday,20:15,PHI,21,IND,45,Home,0,10,7,7,0
2006_12_GB_SEA,2006,REG,12,2006-11-27,Monday,20:30,GB,24,SEA,34,Home,0,10,8,8,0
2006_13_BAL_CIN,2006,REG,13,2006-11-30,Thursday,20:00,BAL,7,CIN,13,Home,0,3,4,4,1
2006_13_SD_BUF,2006,REG,13,2006-12-03,Sunday,13:00,SD,24,BUF,21,Home,0,-5.5,7,7,0
2006_13_MIN_CHI,2006,REG,13,2006-12-03,Sunday,13:00,MIN,13,CHI,23,Home,0,9,7,7,1
2006_13_KC_CLE,2006,REG,13,2006-12-03,Sunday,13:00,KC,28,CLE,31,Home,1,-4,10,7,0
2006_13_NYJ_GB,2006,REG,13,2006-12-03,Sunday,13:00,NYJ,38,GB,10,Home,0,1,7,6,0
2006_13_DET_NE,2006,REG,13,2006-12-03,Sunday,13:00,DET,21,NE,28,Home,0,13,10,7,0
2006_13_SF_NO,2006,REG,13,2006-12-03,Sunday,13:00,SF,10,NO,34,Home,0,7,7,7,0
2006_13_ARI_STL,2006,REG,13,2006-12-03,Sunday,13:00,ARI,34,STL,20,Home,0,6,7,7,1
2006_13_IND_TEN,2006,REG,13,2006-12-03,Sunday,13:00,IND,17,TEN,20,Home,0,-7.5,7,7,1
2006_13_ATL_WAS,2006,REG,13,2006-12-03,Sunday,13:00,ATL,24,WAS,14,Home,0,-1,7,7,0
2006_13_JAX_MIA,2006,REG,13,2006-12-03,Sunday,16:05,JAX,24,MIA,10,Home,0,1,7,10,0
2006_13_HOU_OAK,2006,REG,13,2006-12-03,Sunday,16:05,HOU,23,OAK,14,Home,0,3,7,7,0
2006_13_DAL_NYG,2006,REG,13,2006-12-03,Sunday,16:15,DAL,23,NYG,20,Home,0,-3,10,7,1
2006_13_TB_PIT,2006,REG,13,2006-12-03,Sunday,16:15,TB,3,PIT,20,Home,0,9,10,7,0
2006_13_SEA_DEN,2006,REG,13,2006-12-03,Sunday,20:15,SEA,23,DEN,20,Home,0,4.5,6,10,0
2006_13_CAR_PHI,2006,REG,13,2006-12-04,Monday,20:30,CAR,24,PHI,27,Home,0,-3,8,8,0
2006_14_CLE_PIT,2006,REG,14,2006-12-07,Thursday,20:00,CLE,7,PIT,27,Home,0,7,4,4,1
2006_14_NYG_CAR,2006,REG,14,2006-12-10,Sunday,13:00,NYG,27,CAR,13,Home,0,-3,7,6,0
2006_14_OAK_CIN,2006,REG,14,2006-12-10,Sunday,13:00,OAK,10,CIN,27,Home,0,10.5,7,10,0
2006_14_MIN_DET,2006,REG,14,2006-12-10,Sunday,13:00,MIN,30,DET,20,Home,0,1,7,7,1
2006_14_TEN_HOU,2006,REG,14,2006-12-10,Sunday,13:00,TEN,26,HOU,20,Home,1,1,7,7,1
2006_14_IND_JAX,2006,REG,14,2006-12-10,Sunday,13:00,IND,17,JAX,44,Home,0,-1,7,7,1
2006_14_BAL_KC,2006,REG,14,2006-12-10,Sunday,13:00,BAL,20,KC,10,Home,0,3,10,7,0
2006_14_NE_MIA,2006,REG,14,2006-12-10,Sunday,13:00,NE,0,MIA,21,Home,0,-3,7,7,1
2006_14_ATL_TB,2006,REG,14,2006-12-10,Sunday,13:00,ATL,17,TB,6,Home,0,-4,7,7,1
2006_14_PHI_WAS,2006,REG,14,2006-12-10,Sunday,13:00,PHI,21,WAS,19,Home,0,-2,6,7,1
2006_14_SEA_ARI,2006,REG,14,2006-12-10,Sunday,16:05,SEA,21,ARI,27,Home,0,-3,7,7,1
2006_14_GB_SF,2006,REG,14,2006-12-10,Sunday,16:05,GB,30,SF,19,Home,0,4,7,7,0
2006_14_BUF_NYJ,2006,REG,14,2006-12-10,Sunday,16:15,BUF,31,NYJ,13,Home,0,4.5,7,7,1
2006_14_DEN_SD,2006,REG,14,2006-12-10,Sunday,16:15,DEN,20,SD,48,Home,0,9,7,7,1
2006_14_NO_DAL,2006,REG,14,2006-12-10,Sunday,20:15,NO,42,DAL,17,Home,0,7.5,7,7,0
2006_14_CHI_STL,2006,REG,14,2006-12-11,Monday,20:30,CHI,42,STL,27,Home,0,-6,8,8,0
2006_15_SF_SEA,2006,REG,15,2006-12-14,Thursday,20:00,SF,24,SEA,14,Home,0,10,4,4,1
2006_15_DAL_ATL,2006,REG,15,2006-12-16,Saturday,20:00,DAL,38,ATL,28,Home,0,-4,6,6,0
2006_15_CLE_BAL,2006,REG,15,2006-12-17,Sunday,13:00,CLE,17,BAL,27,Home,0,13,10,7,1
2006_15_MIA_BUF,2006,REG,15,2006-12-17,Sunday,13:00,MIA,0,BUF,21,Home,0,1,7,7,1
2006_15_PIT_CAR,2006,REG,15,2006-12-17,Sunday,13:00,PIT,37,CAR,3,Home,0,-3,10,7,0
2006_15_TB_CHI,2006,REG,15,2006-12-17,Sunday,13:00,TB,31,CHI,34,Home,1,13,7,6,0
2006_15_DET_GB,2006,REG,15,2006-12-17,Sunday,13:00,DET,9,GB,17,Home,0,6,7,7,1
2006_15_NYJ_MIN,2006,REG,15,2006-12-17,Sunday,13:00,NYJ,26,MIN,13,Home,0,3.5,7,7,0
2006_15_HOU_NE,2006,REG,15,2006-12-17,Sunday,13:00,HOU,7,NE,40,Home,0,13,7,7,0
2006_15_WAS_NO,2006,REG,15,2006-12-17,Sunday,13:00,WAS,16,NO,10,Home,0,10,7,7,0
2006_15_JAX_TEN,2006,REG,15,2006-12-17,Sunday,13:00,JAX,17,TEN,24,Home,0,-3.5,7,7,1
2006_15_DEN_ARI,2006,REG,15,2006-12-17,Sunday,16:05,DEN,37,ARI,20,Home,0,-2.5,7,7,0
2006_15_PHI_NYG,2006,REG,15,2006-12-17,Sunday,16:15,PHI,36,NYG,22,Home,0,5.5,7,7,1
2006_15_STL_OAK,2006,REG,15,2006-12-17,Sunday,16:15,STL,20,OAK,0,Home,0,3,6,7,0
2006_15_KC_SD,2006,REG,15,2006-12-17,Sunday,20:15,KC,9,SD,20,Home,0,9.5,7,7,1
2006_15_CIN_IND,2006,REG,15,2006-12-18,Monday,20:30,CIN,16,IND,34,Home,0,3.5,8,8,0
2006_16_MIN_GB,2006,REG,16,2006-12-21,Thursday,20:00,MIN,7,GB,9,Home,0,4,4,4,1
2006_16_KC_OAK,2006,REG,16,2006-12-23,Saturday,20:00,KC,20,OAK,9,Home,0,-7,6,6,1
2006_16_CAR_ATL,2006,REG,16,2006-12-24,Sunday,13:00,CAR,10,ATL,3,Home,0,6,7,8,1
2006_16_TEN_BUF,2006,REG,16,2006-12-24,Sunday,13:00,TEN,30,BUF,29,Home,0,5.5,7,7,0
2006_16_TB_CLE,2006,REG,16,2006-12-24,Sunday,13:00,TB,22,CLE,7,Home,0,3.5,7,7,0
2006_16_CHI_DET,2006,REG,16,2006-12-24,Sunday,13:00,CHI,26,DET,21,Home,0,-6,7,7,1
2006_16_IND_HOU,2006,REG,16,2006-12-24,Sunday,13:00,IND,24,HOU,27,Home,0,-9,6,7,1
2006_16_NE_JAX,2006,REG,16,2006-12-24,Sunday,13:00,NE,24,JAX,21,Home,0,3,7,7,0
2006_16_NO_NYG,2006,REG,16,2006-12-24,Sunday,13:00,NO,30,NYG,7,Home,0,3,7,7,0
2006_16_BAL_PIT,2006,REG,16,2006-12-24,Sunday,13:00,BAL,31,PIT,7,Home,0,4,7,7,1
2006_16_WAS_STL,2006,REG,16,2006-12-24,Sunday,13:00,WAS,31,STL,37,Home,1,1,7,7,0
2006_16_ARI_SF,2006,REG,16,2006-12-24,Sunday,16:05,ARI,26,SF,20,Home,0,3.5,7,10,1
2006_16_CIN_DEN,2006,REG,16,2006-12-24,Sunday,16:15,CIN,23,DEN,24,Home,0,3,6,7,0
2006_16_SD_SEA,2006,REG,16,2006-12-24,Sunday,16:15,SD,20,SEA,17,Home,0,-4,7,10,0
2006_16_PHI_DAL,2006,REG,16,2006-12-25,Monday,17:00,PHI,23,DAL,7,Home,0,6.5,8,9,1
2006_16_NYJ_MIA,2006,REG,16,2006-12-25,Monday,20:30,NYJ,13,MIA,10,Home,0,2.5,8,8,1
2006_17_NYG_WAS,2006,REG,17,2006-12-30,Saturday,20:00,NYG,34,WAS,28,Home,0,-1,6,6,1
2006_17_PIT_CIN,2006,REG,17,2006-12-31,Sunday,13:00,PIT,23,CIN,17,Home,1,6,7,7,1
2006_17_DET_DAL,2006,REG,17,2006-12-31,Sunday,13:00,DET,39,DAL,31,Home,0,13.5,7,6,0
2006_17_CLE_HOU,2006,REG,17,2006-12-31,Sunday,13:00,CLE,6,HOU,14,Home,0,6,7,7,0
2006_17_JAX_KC,2006,REG,17,2006-12-31,Sunday,13:00,JAX,30,KC,35,Home,0,1,7,8,0
2006_17_STL_MIN,2006,REG,17,2006-12-31,Sunday,13:00,STL,41,MIN,21,Home,0,-1,7,10,0
2006_17_CAR_NO,2006,REG,17,2006-12-31,Sunday,13:00,CAR,31,NO,21,Home,0,-3,7,7,1
2006_17_OAK_NYJ,2006,REG,17,2006-12-31,Sunday,13:00,OAK,3,NYJ,23,Home,0,10,8,6,0
2006_17_SEA_TB,2006,REG,17,2006-12-31,Sunday,13:00,SEA,23,TB,7,Home,0,3,7,7,0
2006_17_NE_TEN,2006,REG,17,2006-12-31,Sunday,13:00,NE,40,TEN,23,Home,0,3.5,7,7,0
2006_17_BUF_BAL,2006,REG,17,2006-12-31,Sunday,16:15,BUF,7,BAL,19,Home,0,9.5,7,7,0
2006_17_SF_DEN,2006,REG,17,2006-12-31,Sunday,16:15,SF,26,DEN,23,Home,1,10.5,7,7,0
2006_17_MIA_IND,2006,REG,17,2006-12-31,Sunday,16:15,MIA,22,IND,27,Home,0,9.5,6,7,0
2006_17_ATL_PHI,2006,REG,17,2006-12-31,Sunday,16:15,ATL,17,PHI,24,Home,0,7,7,6,0
2006_17_ARI_SD,2006,REG,17,2006-12-31,Sunday,16:15,ARI,20,SD,27,Home,0,13.5,7,7,0
2006_17_GB_CHI,2006,REG,17,2006-12-31,Sunday,20:15,GB,26,CHI,7,Home,0,2.5,10,7,1
2006_18_KC_IND,2006,WC,18,2007-01-06,Saturday,16:30,KC,8,IND,23,Home,0,7,6,6,0
2006_18_DAL_SEA,2006,WC,18,2007-01-06,Saturday,20:00,DAL,20,SEA,21,Home,0,1,6,6,0
2006_18_NYJ_NE,2006,WC,18,2007-01-07,Sunday,13:00,NYJ,16,NE,37,Home,0,9.5,7,7,1
2006_18_NYG_PHI,2006,WC,18,2007-01-07,Sunday,16:35,NYG,20,PHI,23,Home,0,6.5,8,7,1
2006_19_IND_BAL,2006,DIV,19,2007-01-13,Saturday,16:30,IND,15,BAL,6,Home,0,4,7,13,0
2006_19_PHI_NO,2006,DIV,19,2007-01-13,Saturday,20:00,PHI,24,NO,27,Home,0,5.5,6,13,0
2006_19_SEA_CHI,2006,DIV,19,2007-01-14,Sunday,13:00,SEA,24,CHI,27,Home,1,3.5,8,14,0
2006_19_NE_SD,2006,DIV,19,2007-01-14,Sunday,16:30,NE,24,SD,21,Home,0,5,7,14,0
2006_20_NO_CHI,2006,CON,20,2007-01-21,Sunday,15:00,NO,14,CHI,39,Home,0,2.5,8,7,0
2006_20_NE_IND,2006,CON,20,2007-01-21,Sunday,18:30,NE,34,IND,38,Home,0,3.5,7,8,0
2006_21_IND_CHI,2006,SB,21,2007-02-04,Sunday,18:25,IND,29,CHI,17,Neutral,0,-6.5,14,14,0
2007_01_NO_IND,2007,REG,1,2007-09-06,Thursday,20:30,NO,10,IND,41,Home,0,5.5,7,7,0
2007_01_DEN_BUF,2007,REG,1,2007-09-09,Sunday,13:00,DEN,15,BUF,14,Home,0,-3,7,7,0
2007_01_PIT_CLE,2007,REG,1,2007-09-09,Sunday,13:00,PIT,34,CLE,7,Home,0,-4.5,7,7,1
2007_01_PHI_GB,2007,REG,1,2007-09-09,Sunday,13:00,PHI,13,GB,16,Home,0,-3,7,7,0
2007_01_KC_HOU,2007,REG,1,2007-09-09,Sunday,13:00,KC,3,HOU,20,Home,0,3,7,7,0
2007_01_TEN_JAX,2007,REG,1,2007-09-09,Sunday,13:00,TEN,13,JAX,10,Home,0,7.5,7,7,1
2007_01_ATL_MIN,2007,REG,1,2007-09-09,Sunday,13:00,ATL,3,MIN,24,Home,0,3,7,7,0
2007_01_NE_NYJ,2007,REG,1,2007-09-09,Sunday,13:00,NE,38,NYJ,14,Home,0,-6,7,7,1
2007_01_CAR_STL,2007,REG,1,2007-09-09,Sunday,13:00,CAR,27,STL,13,Home,0,1.5,7,7,0
2007_01_MIA_WAS,2007,REG,1,2007-09-09,Sunday,13:00,MIA,13,WAS,16,Home,1,3,7,7,0
2007_01_DET_OAK,2007,REG,1,2007-09-09,Sunday,16:15,DET,36,OAK,21,Home,0,3,7,7,0
2007_01_CHI_SD,2007,REG,1,2007-09-09,Sunday,16:15,CHI,3,SD,14,Home,0,7,7,7,0
2007_01_TB_SEA,2007,REG,1,2007-09-09,Sunday,16:15,TB,6,SEA,20,Home,0,6,7,7,0
2007_01_NYG_DAL,2007,REG,1,2007-09-09,Sunday,20:25,NYG,35,DAL,45,Home,0,6,7,7,1
2007_01_BAL_CIN,2007,REG,1,2007-09-10,Monday,19:10,BAL,20,CIN,27,Home,0,2.5,7,7,1
2007_01_ARI_SF,2007,REG,1,2007-09-10,Monday,22:25,ARI,17,SF,20,Home,0,3.5,7,7,1
2007_02_HOU_CAR,2007,REG,2,2007-09-16,Sunday,13:00,HOU,34,CAR,21,Home,0,6.5,7,7,0
2007_02_CIN_CLE,2007,REG,2,2007-09-16,Sunday,13:00,CIN,45,CLE,51,Home,0,-7,6,7,1
2007_02_ATL_JAX,2007,REG,2,2007-09-16,Sunday,13:00,ATL,7,JAX,13,Home,0,10,7,7,0
2007_02_GB_NYG,2007,REG,2,2007-09-16,Sunday,13:00,GB,35,NYG,13,Home,0,3,7,7,0
2007_02_BUF_PIT,2007,REG,2,2007-09-16,Sunday,13:00,BUF,3,PIT,26,Home,0,10,7,7,0
2007_02_SF_STL,2007,REG,2,2007-09-16,Sunday,13:00,SF,17,STL,16,Home,0,3,6,7,1
2007_02_NO_TB,2007,REG,2,2007-09-16,Sunday,13:00,NO,14,TB,31,Home,0,-5,10,7,1
2007_02_IND_TEN,2007,REG,2,2007-09-16,Sunday,13:00,IND,22,TEN,20,Home,0,-7,10,7,1
2007_02_SEA_ARI,2007,REG,2,2007-09-16,Sunday,16:05,SEA,20,ARI,23,Home,0,-3,7,6,1
2007_02_MIN_DET,2007,REG,2,2007-09-16,Sunday,16:05,MIN,17,DET,20,Home,1,3,7,7,1
2007_02_DAL_MIA,2007,REG,2,2007-09-16,Sunday,16:05,DAL,37,MIA,20,Home,0,-3.5,7,7,0
2007_02_NYJ_BAL,2007,REG,2,2007-09-16,Sunday,16:15,NYJ,13,BAL,20,Home,0,9.5,7,6,0
2007_02_KC_CHI,2007,REG,2,2007-09-16,Sunday,16:15,KC,10,CHI,20,Home,0,11.5,7,7,0
2007_02_OAK_DEN,2007,REG,2,2007-09-16,Sunday,16:15,OAK,20,DEN,23,Home,1,10,7,7,1
2007_02_SD_NE,2007,REG,2,2007-09-16,Sunday,20:25,SD,14,NE,38,Home,0,3.5,7,7,0
2007_02_WAS_PHI,2007,REG,2,2007-09-17,Monday,20:40,WAS,20,PHI,12,Home,0,6.5,8,8,1
2007_03_ARI_BAL,2007,REG,3,2007-09-23,Sunday,13:00,ARI,23,BAL,26,Home,0,7,7,7,0
2007_03_SD_GB,2007,REG,3,2007-09-23,Sunday,13:00,SD,24,GB,31,Home,0,-5.5,7,7,0
2007_03_IND_HOU,2007,REG,3,2007-09-23,Sunday,13:00,IND,30,HOU,24,Home,0,-6.5,7,7,1
2007_03_MIN_KC,2007,REG,3,2007-09-23,Sunday,13:00,MIN,10,KC,13,Home,0,3,7,7,0
2007_03_BUF_NE,2007,REG,3,2007-09-23,Sunday,13:00,BUF,7,NE,38,Home,0,16.5,7,7,1
2007_03_MIA_NYJ,2007,REG,3,2007-09-23,Sunday,13:00,MIA,28,NYJ,31,Home,0,3,7,7,1
2007_03_DET_PHI,2007,REG,3,2007-09-23,Sunday,13:00,DET,21,PHI,56,Home,0,5,7,6,0
2007_03_SF_PIT,2007,REG,3,2007-09-23,Sunday,13:00,SF,16,PIT,37,Home,0,10,7,7,0
2007_03_STL_TB,2007,REG,3,2007-09-23,Sunday,13:00,STL,3,TB,24,Home,0,3.5,7,7,0
2007_03_JAX_DEN,2007,REG,3,2007-09-23,Sunday,16:05,JAX,23,DEN,14,Home,0,3.5,7,7,0
2007_03_CLE_OAK,2007,REG,3,2007-09-23,Sunday,16:05,CLE,24,OAK,26,Home,0,3,7,7,0
2007_03_CIN_SEA,2007,REG,3,2007-09-23,Sunday,16:05,CIN,21,SEA,24,Home,0,3.5,7,7,0
2007_03_CAR_ATL,2007,REG,3,2007-09-23,Sunday,16:15,CAR,27,ATL,20,Home,0,-4,7,7,1
2007_03_NYG_WAS,2007,REG,3,2007-09-23,Sunday,16:15,NYG,24,WAS,17,Home,0,3.5,7,6,1
2007_03_DAL_CHI,2007,REG,3,2007-09-23,Sunday,20:25,DAL,34,CHI,10,Home,0,3,7,7,0
2007_03_TEN_NO,2007,REG,3,2007-09-24,Monday,20:40,TEN,31,NO,14,Home,0,4.5,8,8,0
2007_04_HOU_ATL,2007,REG,4,2007-09-30,Sunday,13:00,HOU,16,ATL,26,Home,0,-2.5,7,7,0
2007_04_NYJ_BUF,2007,REG,4,2007-09-30,Sunday,13:00,NYJ,14,BUF,17,Home,0,-3.5,7,7,1
2007_04_BAL_CLE,2007,REG,4,2007-09-30,Sunday,13:00,BAL,13,CLE,27,Home,0,-3.5,7,7,1
2007_04_STL_DAL,2007,REG,4,2007-09-30,Sunday,13:00,STL,7,DAL,35,Home,0,13,7,7,0
2007_04_CHI_DET,2007,REG,4,2007-09-30,Sunday,13:00,CHI,27,DET,37,Home,0,-2.5,7,7,1
2007_04_OAK_MIA,2007,REG,4,2007-09-30,Sunday,13:00,OAK,35,MIA,17,Home,0,3.5,7,7,0
2007_04_GB_MIN,2007,REG,4,2007-09-30,Sunday,13:00,GB,23,MIN,16,Home,0,-1,7,7,1
2007_04_TB_CAR,2007,REG,4,2007-09-30,Sunday,16:05,TB,20,CAR,7,Home,0,3,7,7,1
2007_04_SEA_SF,2007,REG,4,2007-09-30,Sunday,16:05,SEA,23,SF,3,Home,0,-1,7,7,1
2007_04_PIT_ARI,2007,REG,4,2007-09-30,Sunday,16:15,PIT,14,ARI,21,Home,0,-5.5,7,7,0
2007_04_DEN_IND,2007,REG,4,2007-09-30,Sunday,16:15,DEN,20,IND,38,Home,0,10,7,7,0
2007_04_KC_SD,2007,REG,4,2007-09-30,Sunday,16:15,KC,30,SD,16,Home,0,12,7,7,1
2007_04_PHI_NYG,2007,REG,4,2007-09-30,Sunday,20:25,PHI,3,NYG,16,Home,0,-2,7,7,1
2007_04_NE_CIN,2007,REG,4,2007-10-01,Monday,20:40,NE,34,CIN,13,Home,0,-7.5,8,8,0
2007_05_MIA_HOU,2007,REG,5,2007-10-07,Sunday,13:00,MIA,19,HOU,22,Home,0,4.5,7,7,0
2007_05_JAX_KC,2007,REG,5,2007-10-07,Sunday,13:00,JAX,17,KC,7,Home,0,-1,14,7,0
2007_05_CLE_NE,2007,REG,5,2007-10-07,Sunday,13:00,CLE,17,NE,34,Home,0,15.5,7,6,0
2007_05_CAR_NO,2007,REG,5,2007-10-07,Sunday,13:00,CAR,16,NO,13,Home,0,3.5,7,13,1
2007_05_NYJ_NYG,2007,REG,5,2007-10-07,Sunday,13:00,NYJ,24,NYG,35,Home,0,3.5,7,7,0
2007_05_SEA_PIT,2007,REG,5,2007-10-07,Sunday,13:00,SEA,0,PIT,21,Home,0,5.5,7,7,0
2007_05_ARI_STL,2007,REG,5,2007-10-07,Sunday,13:00,ARI,34,STL,31,Home,0,-3.5,7,7,1
2007_05_ATL_TEN,2007,REG,5,2007-10-07,Sunday,13:00,ATL,13,TEN,20,Home,0,9,7,13,0
2007_05_DET_WAS,2007,REG,5,2007-10-07,Sunday,13:00,DET,3,WAS,34,Home,0,4,7,14,0
2007_05_TB_IND,2007,REG,5,2007-10-07,Sunday,16:05,TB,14,IND,33,Home,0,9,7,7,0
2007_05_SD_DEN,2007,REG,5,2007-10-07,Sunday,16:15,SD,41,DEN,3,Home,0,-1,7,7,1
2007_05_BAL_SF,2007,REG,5,2007-10-07,Sunday,16:15,BAL,9,SF,7,Home,0,-4,7,7,0
2007_05_CHI_GB,2007,REG,5,2007-10-07,Sunday,20:25,CHI,27,GB,20,Home,0,3,7,7,1
2007_05_DAL_BUF,2007,REG,5,2007-10-08,Monday,20:40,DAL,25,BUF,24,Home,0,-10.5,8,8,0
2007_06_STL_BAL,2007,REG,6,2007-10-14,Sunday,13:00,STL,3,BAL,22,Home,0,9,7,7,0
2007_06_MIN_CHI,2007,REG,6,2007-10-14,Sunday,13:00,MIN,34,CHI,31,Home,0,4.5,14,7,1
2007_06_MIA_CLE,2007,REG,6,2007-10-14,Sunday,13:00,MIA,31,CLE,41,Home,0,4,7,7,0
2007_06_WAS_GB,2007,REG,6,2007-10-14,Sunday,13:00,WAS,14,GB,17,Home,0,3,7,7,0
2007_06_HOU_JAX,2007,REG,6,2007-10-14,Sunday,13:00,HOU,17,JAX,37,Home,0,6.5,7,7,1
2007_06_CIN_KC,2007,REG,6,2007-10-14,Sunday,13:00,CIN,20,KC,27,Home,0,-1,13,7,0
2007_06_PHI_NYJ,2007,REG,6,2007-10-14,Sunday,13:00,PHI,16,NYJ,9,Home,0,-4,14,7,0
2007_06_TEN_TB,2007,REG,6,2007-10-14,Sunday,13:00,TEN,10,TB,13,Home,0,1,7,7,0
2007_06_CAR_ARI,2007,REG,6,2007-10-14,Sunday,16:05,CAR,25,ARI,10,Home,0,6,7,7,0
2007_06_NE_DAL,2007,REG,6,2007-10-14,Sunday,16:15,NE,48,DAL,27,Home,0,-5,7,6,0
2007_06_OAK_SD,2007,REG,6,2007-10-14,Sunday,16:15,OAK,14,SD,28,Home,0,9.5,14,7,1
2007_06_NO_SEA,2007,REG,6,2007-10-14,Sunday,20:25,NO,28,SEA,17,Home,0,5.5,7,7,0
2007_06_NYG_ATL,2007,REG,6,2007-10-15,Monday,20:40,NYG,31,ATL,10,Home,0,-4.5,8,8,0
2007_07_BAL_BUF,2007,REG,7,2007-10-21,Sunday,13:00,BAL,14,BUF,19,Home,0,-3,7,13,0
2007_07_TB_DET,2007,REG,7,2007-10-21,Sunday,13:00,TB,16,DET,23,Home,0,2.5,7,14,0
2007_07_TEN_HOU,2007,REG,7,2007-10-21,Sunday,13:00,TEN,38,HOU,36,Home,0,2,7,7,1
2007_07_NE_MIA,2007,REG,7,2007-10-21,Sunday,13:00,NE,49,MIA,28,Home,0,-15.5,7,7,1
2007_07_ATL_NO,2007,REG,7,2007-10-21,Sunday,13:00,ATL,16,NO,22,Home,0,9,6,7,1
2007_07_SF_NYG,2007,REG,7,2007-10-21,Sunday,13:00,SF,15,NYG,33,Home,0,9.5,14,6,0
2007_07_ARI_WAS,2007,REG,7,2007-10-21,Sunday,13:00,ARI,19,WAS,21,Home,0,9,7,7,0
2007_07_NYJ_CIN,2007,REG,7,2007-10-21,Sunday,16:05,NYJ,31,CIN,38,Home,0,6,7,7,0
2007_07_KC_OAK,2007,REG,7,2007-10-21,Sunday,16:05,KC,12,OAK,10,Home,0,1,7,7,1
2007_07_MIN_DAL,2007,REG,7,2007-10-21,Sunday,16:15,MIN,14,DAL,24,Home,0,9.5,7,7,0
2007_07_CHI_PHI,2007,REG,7,2007-10-21,Sunday,16:15,CHI,19,PHI,16,Home,0,5.5,7,7,0
2007_07_STL_SEA,2007,REG,7,2007-10-21,Sunday,16:15,STL,6,SEA,33,Home,0,9,7,7,1
2007_07_PIT_DEN,2007,REG,7,2007-10-21,Sunday,20:25,PIT,28,DEN,31,Home,0,-4,14,14,0
2007_07_IND_JAX,2007,REG,7,2007-10-22,Monday,20:40,IND,29,JAX,7,Home,0,-3,15,8,1
2007_08_IND_CAR,2007,REG,8,2007-10-28,Sunday,13:00,IND,31,CAR,7,Home,0,-7,6,14,0
2007_08_DET_CHI,2007,REG,8,2007-10-28,Sunday,13:00,DET,16,CHI,7,Home,0,6,7,7,1
2007_08_PIT_CIN,2007,REG,8,2007-10-28,Sunday,13:00,PIT,24,CIN,13,Home,0,-4,7,7,1
2007_08_NYG_MIA,2007,REG,8,2007-10-28,Sunday,13:00,NYG,13,MIA,10,Neutral,0,-10,7,7,0
2007_08_PHI_MIN,2007,REG,8,2007-10-28,Sunday,13:00,PHI,23,MIN,16,Home,0,1,7,7,0
2007_08_CLE_STL,2007,REG,8,2007-10-28,Sunday,13:00,CLE,27,STL,20,Home,0,-3,14,7,0
2007_08_OAK_TEN,2007,REG,8,2007-10-28,Sunday,13:00,OAK,9,TEN,13,Home,0,7,7,7,0
2007_08_BUF_NYJ,2007,REG,8,2007-10-28,Sunday,16:05,BUF,13,NYJ,3,Home,0,3,7,7,1
2007_08_HOU_SD,2007,REG,8,2007-10-28,Sunday,16:05,HOU,10,SD,35,Home,0,10,7,14,0
2007_08_JAX_TB,2007,REG,8,2007-10-28,Sunday,16:05,JAX,24,TB,23,Home,0,3.5,6,7,0
2007_08_WAS_NE,2007,REG,8,2007-10-28,Sunday,16:15,WAS,7,NE,52,Home,0,15,7,7,0
2007_08_NO_SF,2007,REG,8,2007-10-28,Sunday,16:15,NO,31,SF,10,Home,0,-1,7,7,0
2007_08_GB_DEN,2007,REG,8,2007-10-29,Monday,20:40,GB,19,DEN,13,Home,1,3,15,8,0
2007_09_SF_ATL,2007,REG,9,2007-11-04,Sunday,13:00,SF,16,ATL,20,Home,0,3.5,7,14,0
2007_09_CIN_BUF,2007,REG,9,2007-11-04,Sunday,13:00,CIN,21,BUF,33,Home,0,-1,7,7,0
2007_09_DEN_DET,2007,REG,9,2007-11-04,Sunday,13:00,DEN,7,DET,44,Home,0,3,6,7,0
2007_09_GB_KC,2007,REG,9,2007-11-04,Sunday,13:00,GB,33,KC,22,Home,0,1,6,14,0
2007_09_SD_MIN,2007,REG,9,2007-11-04,Sunday,13:00,SD,17,MIN,35,Home,0,-7,7,7,0
2007_09_JAX_NO,2007,REG,9,2007-11-04,Sunday,13:00,JAX,24,NO,41,Home,0,3.5,7,7,0
2007_09_WAS_NYJ,2007,REG,9,2007-11-04,Sunday,13:00,WAS,23,NYJ,20,Home,1,-3.5,7,7,0
2007_09_ARI_TB,2007,REG,9,2007-11-04,Sunday,13:00,ARI,10,TB,17,Home,0,3.5,14,7,0
2007_09_CAR_TEN,2007,REG,9,2007-11-04,Sunday,13:00,CAR,7,TEN,20,Home,0,5,7,7,0
2007_09_SEA_CLE,2007,REG,9,2007-11-04,Sunday,16:05,SEA,30,CLE,33,Home,1,1,14,7,0
2007_09_NE_IND,2007,REG,9,2007-11-04,Sunday,16:15,NE,24,IND,20,Home,0,-5,7,7,0
2007_09_HOU_OAK,2007,REG,9,2007-11-04,Sunday,16:15,HOU,24,OAK,17,Home,0,3,7,7,0
2007_09_DAL_PHI,2007,REG,9,2007-11-04,Sunday,20:25,DAL,38,PHI,17,Home,0,-3,14,7,1
2007_09_BAL_PIT,2007,REG,9,2007-11-05,Monday,20:40,BAL,7,PIT,38,Home,0,9.5,15,8,1
2007_10_ATL_CAR,2007,REG,10,2007-11-11,Sunday,13:00,ATL,20,CAR,13,Home,0,3.5,7,7,1
2007_10_MIN_GB,2007,REG,10,2007-11-11,Sunday,13:00,MIN,0,GB,34,Home,0,5.5,7,7,1
2007_10_DEN_KC,2007,REG,10,2007-11-11,Sunday,13:00,DEN,27,KC,11,Home,0,3,7,7,1
2007_10_BUF_MIA,2007,REG,10,2007-11-11,Sunday,13:00,BUF,13,MIA,10,Home,0,-1,7,14,1
2007_10_STL_NO,2007,REG,10,2007-11-11,Sunday,13:00,STL,37,NO,29,Home,0,10.5,14,7,0
2007_10_CLE_PIT,2007,REG,10,2007-11-11,Sunday,13:00,CLE,28,PIT,31,Home,0,10,7,6,1
2007_10_JAX_TEN,2007,REG,10,2007-11-11,Sunday,13:00,JAX,28,TEN,13,Home,0,4.5,7,7,1
2007_10_PHI_WAS,2007,REG,10,2007-11-11,Sunday,13:00,PHI,33,WAS,25,Home,0,3,7,7,1
2007_10_CIN_BAL,2007,REG,10,2007-11-11,Sunday,16:05,CIN,21,BAL,7,Home,0,3,7,6,1
2007_10_DET_ARI,2007,REG,10,2007-11-11,Sunday,16:15,DET,21,ARI,31,Home,0,2,7,7,0
2007_10_DAL_NYG,2007,REG,10,2007-11-11,Sunday,16:15,DAL,31,NYG,20,Home,0,-1,7,14,1
2007_10_CHI_OAK,2007,REG,10,2007-11-11,Sunday,16:15,CHI,17,OAK,6,Home,0,-3.5,14,7,0
2007_10_IND_SD,2007,REG,10,2007-11-11,Sunday,20:15,IND,21,SD,23,Home,0,-3.5,7,7,0
2007_10_SF_SEA,2007,REG,10,2007-11-12,Monday,20:40,SF,0,SEA,24,Home,0,9.5,8,8,1
2007_11_TB_ATL,2007,REG,11,2007-11-18,Sunday,13:00,TB,31,ATL,7,Home,0,-3,14,7,1
2007_11_CLE_BAL,2007,REG,11,2007-11-18,Sunday,13:00,CLE,33,BAL,30,Home,1,-1,7,7,1
2007_11_ARI_CIN,2007,REG,11,2007-11-18,Sunday,13:00,ARI,35,CIN,27,Home,0,3,7,7,0
2007_11_NYG_DET,2007,REG,11,2007-11-18,Sunday,13:00,NYG,16,DET,10,Home,0,-2.5,7,7,0
2007_11_CAR_GB,2007,REG,11,2007-11-18,Sunday,13:00,CAR,17,GB,31,Home,0,10,7,7,0
2007_11_NO_HOU,2007,REG,11,2007-11-18,Sunday,13:00,NO,10,HOU,23,Home,0,1,7,14,0
2007_11_KC_IND,2007,REG,11,2007-11-18,Sunday,13:00,KC,10,IND,13,Home,0,14.5,7,7,0
2007_11_SD_JAX,2007,REG,11,2007-11-18,Sunday,13:00,SD,17,JAX,24,Home,0,3,7,7,0
2007_11_OAK_MIN,2007,REG,11,2007-11-18,Sunday,13:00,OAK,22,MIN,29,Home,0,4.5,7,7,0
2007_11_MIA_PHI,2007,REG,11,2007-11-18,Sunday,13:00,MIA,7,PHI,17,Home,0,9.5,7,7,0
2007_11_PIT_NYJ,2007,REG,11,2007-11-18,Sunday,16:05,PIT,16,NYJ,19,Home,1,-9.5,7,14,0
2007_11_WAS_DAL,2007,REG,11,2007-11-18,Sunday,16:15,WAS,23,DAL,28,Home,0,11,7,7,1
2007_11_CHI_SEA,2007,REG,11,2007-11-18,Sunday,16:15,CHI,23,SEA,30,Home,0,6,7,6,0
2007_11_STL_SF,2007,REG,11,2007-11-18,Sunday,16:15,STL,13,SF,9,Home,0,-3,7,6,1
2007_11_NE_BUF,2007,REG,11,2007-11-18,Sunday,20:25,NE,56,BUF,10,Home,0,-15.5,14,7,1
2007_11_TEN_DEN,2007,REG,11,2007-11-19,Monday,20:40,TEN,20,DEN,34,Home,0,1,8,8,0
2007_12_GB_DET,2007,REG,12,2007-11-22,Thursday,12:30,GB,37,DET,26,Home,0,-3.5,4,4,1
2007_12_NYJ_DAL,2007,REG,12,2007-11-22,Thursday,16:15,NYJ,3,DAL,34,Home,0,14,4,4,0
2007_12_IND_ATL,2007,REG,12,2007-11-22,Thursday,20:15,IND,31,ATL,13,Home,0,-13.5,4,4,0
2007_12_NO_CAR,2007,REG,12,2007-11-25,Sunday,13:00,NO,31,CAR,6,Home,0,-3,7,7,1
2007_12_TEN_CIN,2007,REG,12,2007-11-25,Sunday,13:00,TEN,6,CIN,35,Home,0,1,6,7,0
2007_12_HOU_CLE,2007,REG,12,2007-11-25,Sunday,13:00,HOU,17,CLE,27,Home,0,3,7,7,0
2007_12_BUF_JAX,2007,REG,12,2007-11-25,Sunday,13:00,BUF,14,JAX,36,Home,0,9.5,7,7,0
2007_12_OAK_KC,2007,REG,12,2007-11-25,Sunday,13:00,OAK,20,KC,17,Home,0,4,7,7,1
2007_12_MIN_NYG,2007,REG,12,2007-11-25,Sunday,13:00,MIN,41,NYG,17,Home,0,7,7,7,0
2007_12_SEA_STL,2007,REG,12,2007-11-25,Sunday,13:00,SEA,24,STL,19,Home,0,-3,7,7,1
2007_12_WAS_TB,2007,REG,12,2007-11-25,Sunday,13:00,WAS,13,TB,19,Home,0,3.5,7,7,0
2007_12_SF_ARI,2007,REG,12,2007-11-25,Sunday,16:05,SF,37,ARI,31,Home,1,10,7,7,1
2007_12_DEN_CHI,2007,REG,12,2007-11-25,Sunday,16:15,DEN,34,CHI,37,Home,1,1,6,7,0
2007_12_BAL_SD,2007,REG,12,2007-11-25,Sunday,16:15,BAL,14,SD,32,Home,0,9,7,7,0
2007_12_PHI_NE,2007,REG,12,2007-11-25,Sunday,20:25,PHI,28,NE,31,Home,0,24,7,7,0
2007_12_MIA_PIT,2007,REG,12,2007-11-26,Monday,20:30,MIA,0,PIT,3,Home,0,15,8,8,0
2007_13_GB_DAL,2007,REG,13,2007-11-29,Thursday,20:15,GB,27,DAL,37,Home,0,7,7,7,0
2007_13_SF_CAR,2007,REG,13,2007-12-02,Sunday,13:00,SF,14,CAR,31,Home,0,3,7,7,0
2007_13_JAX_IND,2007,REG,13,2007-12-02,Sunday,13:00,JAX,25,IND,28,Home,0,7,7,10,1
2007_13_SD_KC,2007,REG,13,2007-12-02,Sunday,13:00,SD,24,KC,10,Home,0,-6,7,7,1
2007_13_NYJ_MIA,2007,REG,13,2007-12-02,Sunday,13:00,NYJ,40,MIA,13,Home,0,1,10,6,1
2007_13_DET_MIN,2007,REG,13,2007-12-02,Sunday,13:00,DET,10,MIN,42,Home,0,5.5,10,7,1
2007_13_SEA_PHI,2007,REG,13,2007-12-02,Sunday,13:00,SEA,28,PHI,24,Home,0,3,7,7,0
2007_13_ATL_STL,2007,REG,13,2007-12-02,Sunday,13:00,ATL,16,STL,28,Home,0,3,10,7,0
2007_13_HOU_TEN,2007,REG,13,2007-12-02,Sunday,13:00,HOU,20,TEN,28,Home,0,3.5,7,7,1
2007_13_BUF_WAS,2007,REG,13,2007-12-02,Sunday,13:00,BUF,17,WAS,16,Home,0,6.5,7,7,0
2007_13_CLE_ARI,2007,REG,13,2007-12-02,Sunday,16:05,CLE,21,ARI,27,Home,0,1,7,7,0
2007_13_DEN_OAK,2007,REG,13,2007-12-02,Sunday,16:05,DEN,20,OAK,34,Home,0,-3.5,7,7,1
2007_13_NYG_CHI,2007,REG,13,2007-12-02,Sunday,16:15,NYG,21,CHI,16,Home,0,-1,7,7,0
2007_13_TB_NO,2007,REG,13,2007-12-02,Sunday,16:15,TB,27,NO,23,Home,0,5.5,7,7,1
2007_13_CIN_PIT,2007,REG,13,2007-12-02,Sunday,20:25,CIN,10,PIT,24,Home,0,7,7,6,1
2007_13_NE_BAL,2007,REG,13,2007-12-03,Monday,20:40,NE,27,BAL,24,Home,0,-19,8,8,0
2007_14_CHI_WAS,2007,REG,14,2007-12-06,Thursday,20:15,CHI,16,WAS,24,Home,0,3,4,4,0
2007_14_MIA_BUF,2007,REG,14,2007-12-09,Sunday,13:00,MIA,17,BUF,38,Home,0,7,7,7,1
2007_14_STL_CIN,2007,REG,14,2007-12-09,Sunday,13:00,STL,10,CIN,19,Home,0,10,7,7,0
2007_14_DAL_DET,2007,REG,14,2007-12-09,Sunday,13:00,DAL,28,DET,27,Home,0,-10,10,7,0
2007_14_OAK_GB,2007,REG,14,2007-12-09,Sunday,13:00,OAK,7,GB,38,Home,0,10.5,7,10,0
2007_14_TB_HOU,2007,REG,14,2007-12-09,Sunday,13:00,TB,14,HOU,28,Home,0,-3,7,7,0
2007_14_CAR_JAX,2007,REG,14,2007-12-09,Sunday,13:00,CAR,6,JAX,37,Home,0,11,7,7,0
2007_14_NYG_PHI,2007,REG,14,2007-12-09,Sunday,13:00,NYG,16,PHI,13,Home,0,3,7,7,1
2007_14_SD_TEN,2007,REG,14,2007-12-09,Sunday,13:00,SD,23,TEN,17,Home,1,-1,7,7,0
2007_14_ARI_SEA,2007,REG,14,2007-12-09,Sunday,16:05,ARI,21,SEA,42,Home,0,7.5,7,7,1
2007_14_MIN_SF,2007,REG,14,2007-12-09,Sunday,16:05,MIN,27,SF,7,Home,0,-7.5,7,7,0
2007_14_KC_DEN,2007,REG,14,2007-12-09,Sunday,16:15,KC,7,DEN,41,Home,0,7.5,7,7,1
2007_14_PIT_NE,2007,REG,14,2007-12-09,Sunday,16:15,PIT,13,NE,34,Home,0,11,7,6,0
2007_14_CLE_NYJ,2007,REG,14,2007-12-09,Sunday,16:15,CLE,24,NYJ,18,Home,0,-3,7,7,0
2007_14_IND_BAL,2007,REG,14,2007-12-09,Sunday,20:25,IND,44,BAL,20,Home,0,-8.5,7,6,0
2007_14_NO_ATL,2007,REG,14,2007-12-10,Monday,20:40,NO,34,ATL,14,Home,0,-4,8,8,1
2007_15_DEN_HOU,2007,REG,15,2007-12-13,Thursday,20:15,DEN,13,HOU,31,Home,0,-2.5,4,4,0
2007_15_CIN_SF,2007,REG,15,2007-12-15,Saturday,20:15,CIN,13,SF,20,Home,0,-9,6,6,0
2007_15_SEA_CAR,2007,REG,15,2007-12-16,Sunday,13:00,SEA,10,CAR,13,Home,0,-7,7,7,0
2007_15_BUF_CLE,2007,REG,15,2007-12-16,Sunday,13:00,BUF,0,CLE,8,Home,0,4.5,7,7,0
2007_15_TEN_KC,2007,REG,15,2007-12-16,Sunday,13:00,TEN,26,KC,17,Home,0,-3.5,7,7,0
2007_15_BAL_MIA,2007,REG,15,2007-12-16,Sunday,13:00,BAL,16,MIA,22,Home,1,-3,7,7,0
2007_15_NYJ_NE,2007,REG,15,2007-12-16,Sunday,13:00,NYJ,10,NE,20,Home,0,20.5,7,7,1
2007_15_ARI_NO,2007,REG,15,2007-12-16,Sunday,13:00,ARI,24,NO,31,Home,0,4,7,6,0
2007_15_JAX_PIT,2007,REG,15,2007-12-16,Sunday,13:00,JAX,29,PIT,22,Home,0,3.5,7,7,0
2007_15_GB_STL,2007,REG,15,2007-12-16,Sunday,13:00,GB,33,STL,14,Home,0,-7,7,7,0
2007_15_ATL_TB,2007,REG,15,2007-12-16,Sunday,13:00,ATL,3,TB,37,Home,0,13,6,7,1
2007_15_IND_OAK,2007,REG,15,2007-12-16,Sunday,16:05,IND,21,OAK,14,Home,0,-9.5,7,7,0
2007_15_PHI_DAL,2007,REG,15,2007-12-16,Sunday,16:15,PHI,10,DAL,6,Home,0,10,7,7,1
2007_15_DET_SD,2007,REG,15,2007-12-16,Sunday,16:15,DET,14,SD,51,Home,0,9.5,7,7,0
2007_15_WAS_NYG,2007,REG,15,2007-12-16,Sunday,20:25,WAS,22,NYG,10,Home,0,6,10,7,1
2007_15_CHI_MIN,2007,REG,15,2007-12-17,Monday,20:40,CHI,13,MIN,20,Home,0,10.5,11,8,1
2007_16_PIT_STL,2007,REG,16,2007-12-20,Thursday,20:15,PIT,41,STL,24,Home,0,-9,4,4,0
2007_16_DAL_CAR,2007,REG,16,2007-12-22,Saturday,20:15,DAL,20,CAR,13,Home,0,-10.5,6,6,0
2007_16_NYG_BUF,2007,REG,16,2007-12-23,Sunday,13:00,NYG,38,BUF,21,Home,0,-1,7,7,0
2007_16_GB_CHI,2007,REG,16,2007-12-23,Sunday,13:00,GB,7,CHI,35,Home,0,-9,7,6,1
2007_16_CLE_CIN,2007,REG,16,2007-12-23,Sunday,13:00,CLE,14,CIN,19,Home,0,-1,7,8,1
2007_16_KC_DET,2007,REG,16,2007-12-23,Sunday,13:00,KC,20,DET,25,Home,0,6,7,7,0
2007_16_HOU_IND,2007,REG,16,2007-12-23,Sunday,13:00,HOU,15,IND,38,Home,0,6.5,10,7,1
2007_16_OAK_JAX,2007,REG,16,2007-12-23,Sunday,13:00,OAK,11,JAX,49,Home,0,14,7,7,0
2007_16_PHI_NO,2007,REG,16,2007-12-23,Sunday,13:00,PHI,38,NO,23,Home,0,3,7,7,0
2007_16_ATL_ARI,2007,REG,16,2007-12-23,Sunday,16:05,ATL,27,ARI,30,Home,1,11,7,7,0
2007_16_TB_SF,2007,REG,16,2007-12-23,Sunday,16:05,TB,19,SF,21,Home,0,-6.5,7,8,0
2007_16_MIA_NE,2007,REG,16,2007-12-23,Sunday,16:15,MIA,7,NE,28,Home,0,22,7,7,1
2007_16_BAL_SEA,2007,REG,16,2007-12-23,Sunday,16:15,BAL,6,SEA,27,Home,0,12.5,7,7,0
2007_16_NYJ_TEN,2007,REG,16,2007-12-23,Sunday,16:15,NYJ,6,TEN,10,Home,0,9,7,7,0
2007_16_WAS_MIN,2007,REG,16,2007-12-23,Sunday,20:15,WAS,32,MIN,21,Home,0,6,7,6,0
2007_16_DEN_SD,2007,REG,16,2007-12-24,Monday,20:00,DEN,3,SD,23,Home,0,9,11,8,1
2007_17_NE_NYG,2007,REG,17,2007-12-29,Saturday,20:15,NE,38,NYG,35,Home,0,-13,6,6,0
2007_17_SEA_ATL,2007,REG,17,2007-12-30,Sunday,13:00,SEA,41,ATL,44,Home,0,-2,7,7,0
2007_17_NO_CHI,2007,REG,17,2007-12-30,Sunday,13:00,NO,25,CHI,33,Home,0,1,7,7,0
2007_17_SF_CLE,2007,REG,17,2007-12-30,Sunday,13:00,SF,7,CLE,20,Home,0,11.5,7,7,0
2007_17_DET_GB,2007,REG,17,2007-12-30,Sunday,13:00,DET,13,GB,34,Home,0,3.5,7,7,1
2007_17_JAX_HOU,2007,REG,17,2007-12-30,Sunday,13:00,JAX,28,HOU,42,Home,0,7,7,7,1
2007_17_CIN_MIA,2007,REG,17,2007-12-30,Sunday,13:00,CIN,38,MIA,25,Home,0,-1,7,7,0
2007_17_BUF_PHI,2007,REG,17,2007-12-30,Sunday,13:00,BUF,9,PHI,17,Home,0,9.5,7,7,0
2007_17_CAR_TB,2007,REG,17,2007-12-30,Sunday,13:00,CAR,31,TB,23,Home,0,-3,8,7,1
2007_17_STL_ARI,2007,REG,17,2007-12-30,Sunday,16:15,STL,19,ARI,48,Home,0,6,10,7,1
2007_17_PIT_BAL,2007,REG,17,2007-12-30,Sunday,16:15,PIT,21,BAL,27,Home,0,-3,10,7,1
2007_17_MIN_DEN,2007,REG,17,2007-12-30,Sunday,16:15,MIN,19,DEN,22,Home,1,-3,7,6,0
2007_17_KC_NYJ,2007,REG,17,2007-12-30,Sunday,16:15,KC,10,NYJ,13,Home,1,4,7,7,0
2007_17_SD_OAK,2007,REG,17,2007-12-30,Sunday,16:15,SD,30,OAK,17,Home,0,-9,6,7,1
2007_17_DAL_WAS,2007,REG,17,2007-12-30,Sunday,16:15,DAL,6,WAS,27,Home,0,9,8,7,1
2007_17_TEN_IND,2007,REG,17,2007-12-30,Sunday,20:25,TEN,16,IND,10,Home,0,-4,7,7,1
2007_18_WAS_SEA,2007,WC,18,2008-01-05,Saturday,16:30,WAS,14,SEA,35,Home,0,3,6,6,0
2007_18_JAX_PIT,2007,WC,18,2008-01-05,Saturday,20:15,JAX,31,PIT,29,Home,0,-2.5,6,6,0
2007_18_NYG_TB,2007,WC,18,2008-01-06,Sunday,13:00,NYG,24,TB,14,Home,0,3,8,7,0
2007_18_TEN_SD,2007,WC,18,2008-01-06,Sunday,16:30,TEN,6,SD,17,Home,0,10.5,7,7,0
2007_19_SEA_GB,2007,DIV,19,2008-01-12,Saturday,16:30,SEA,20,GB,42,Home,0,9,7,13,0
2007_19_JAX_NE,2007,DIV,19,2008-01-12,Saturday,20:15,JAX,20,NE,31,Home,0,13.5,7,14,0
2007_19_SD_IND,2007,DIV,19,2008-01-13,Sunday,13:00,SD,28,IND,24,Home,0,10.5,7,14,0
2007_19_NYG_DAL,2007,DIV,19,2008-01-13,Sunday,16:30,NYG,21,DAL,17,Home,0,7,7,14,1
2007_20_SD_NE,2007,CON,20,2008-01-20,Sunday,15:00,SD,12,NE,21,Home,0,14,7,8,0
2007_20_NYG_GB,2007,CON,20,2008-01-20,Sunday,18:30,NYG,23,GB,20,Home,1,7.5,7,8,0
2007_21_NYG_NE,2007,SB,21,2008-02-03,Sunday,18:30,NYG,17,NE,14,Neutral,0,12.5,14,14,0
2008_01_WAS_NYG,2008,REG,1,2008-09-04,Thursday,19:00,WAS,7,NYG,16,Home,0,4.5,7,7,1
2008_01_DET_ATL,2008,REG,1,2008-09-07,Sunday,13:00,DET,21,ATL,34,Home,0,-3,7,7,0
2008_01_CIN_BAL,2008,REG,1,2008-09-07,Sunday,13:00,CIN,10,BAL,17,Home,0,-2,7,7,1
2008_01_SEA_BUF,2008,REG,1,2008-09-07,Sunday,13:00,SEA,10,BUF,34,Home,0,1,7,7,0
2008_01_NYJ_MIA,2008,REG,1,2008-09-07,Sunday,13:00,NYJ,20,MIA,14,Home,0,-3,7,7,1
2008_01_KC_NE,2008,REG,1,2008-09-07,Sunday,13:00,KC,10,NE,17,Home,0,16,7,7,0
2008_01_TB_NO,2008,REG,1,2008-09-07,Sunday,13:00,TB,20,NO,24,Home,0,3,7,7,1
2008_01_STL_PHI,2008,REG,1,2008-09-07,Sunday,13:00,STL,3,PHI,38,Home,0,8,7,7,0
2008_01_HOU_PIT,2008,REG,1,2008-09-07,Sunday,13:00,HOU,17,PIT,38,Home,0,6.5,7,7,0
2008_01_JAX_TEN,2008,REG,1,2008-09-07,Sunday,13:00,JAX,10,TEN,17,Home,0,-3,7,7,1
2008_01_DAL_CLE,2008,REG,1,2008-09-07,Sunday,16:15,DAL,28,CLE,10,Home,0,-6,7,7,0
2008_01_CAR_SD,2008,REG,1,2008-09-07,Sunday,16:15,CAR,26,SD,24,Home,0,9.5,7,7,0
2008_01_ARI_SF,2008,REG,1,2008-09-07,Sunday,16:15,ARI,23,SF,13,Home,0,-2.5,7,7,1
2008_01_CHI_IND,2008,REG,1,2008-09-07,Sunday,20:15,CHI,29,IND,13,Home,0,10,7,7,0
2008_01_MIN_GB,2008,REG,1,2008-09-08,Monday,19:00,MIN,19,GB,24,Home,0,2.5,7,7,1
2008_01_DEN_OAK,2008,REG,1,2008-09-08,Monday,22:15,DEN,41,OAK,14,Home,0,-3,7,7,1
2008_02_CHI_CAR,2008,REG,2,2008-09-14,Sunday,13:00,CHI,17,CAR,20,Home,0,3,7,7,0
2008_02_TEN_CIN,2008,REG,2,2008-09-14,Sunday,13:00,TEN,24,CIN,7,Home,0,1,7,7,0
2008_02_GB_DET,2008,REG,2,2008-09-14,Sunday,13:00,GB,48,DET,25,Home,0,-3,6,7,1
2008_02_BUF_JAX,2008,REG,2,2008-09-14,Sunday,13:00,BUF,20,JAX,16,Home,0,4,7,7,0
2008_02_OAK_KC,2008,REG,2,2008-09-14,Sunday,13:00,OAK,23,KC,8,Home,0,3.5,6,7,1
2008_02_IND_MIN,2008,REG,2,2008-09-14,Sunday,13:00,IND,18,MIN,15,Home,0,-1,7,6,0
2008_02_NYG_STL,2008,REG,2,2008-09-14,Sunday,13:00,NYG,41,STL,13,Home,0,-8,10,7,0
2008_02_NO_WAS,2008,REG,2,2008-09-14,Sunday,13:00,NO,24,WAS,29,Home,0,1,7,10,0
2008_02_SF_SEA,2008,REG,2,2008-09-14,Sunday,16:05,SF,33,SEA,30,Home,1,6.5,7,7,1
2008_02_ATL_TB,2008,REG,2,2008-09-14,Sunday,16:05,ATL,9,TB,24,Home,0,7,7,7,1
2008_02_MIA_ARI,2008,REG,2,2008-09-14,Sunday,16:15,MIA,10,ARI,31,Home,0,6.5,7,7,0
2008_02_SD_DEN,2008,REG,2,2008-09-14,Sunday,16:15,SD,38,DEN,39,Home,0,1,7,6,1
2008_02_NE_NYJ,2008,REG,2,2008-09-14,Sunday,16:15,NE,19,NYJ,10,Home,0,1,7,7,1
2008_02_PIT_CLE,2008,REG,2,2008-09-14,Sunday,20:15,PIT,10,CLE,6,Home,0,-6.5,7,7,1
2008_02_PHI_DAL,2008,REG,2,2008-09-15,Monday,20:30,PHI,37,DAL,41,Home,0,6.5,8,8,1
2008_03_KC_ATL,2008,REG,3,2008-09-21,Sunday,13:00,KC,14,ATL,38,Home,0,6.5,7,7,0
2008_03_OAK_BUF,2008,REG,3,2008-09-21,Sunday,13:00,OAK,23,BUF,24,Home,0,10,7,7,0
2008_03_TB_CHI,2008,REG,3,2008-09-21,Sunday,13:00,TB,27,CHI,24,Home,1,3,7,7,0
2008_03_CAR_MIN,2008,REG,3,2008-09-21,Sunday,13:00,CAR,10,MIN,20,Home,0,3,7,7,0
2008_03_MIA_NE,2008,REG,3,2008-09-21,Sunday,13:00,MIA,38,NE,13,Home,0,12.5,7,7,1
2008_03_CIN_NYG,2008,REG,3,2008-09-21,Sunday,13:00,CIN,23,NYG,26,Home,1,13,7,7,0
2008_03_HOU_TEN,2008,REG,3,2008-09-21,Sunday,13:00,HOU,12,TEN,31,Home,0,5,14,7,1
2008_03_ARI_WAS,2008,REG,3,2008-09-21,Sunday,13:00,ARI,17,WAS,24,Home,0,3,7,7,0
2008_03_NO_DEN,2008,REG,3,2008-09-21,Sunday,16:05,NO,32,DEN,34,Home,0,5.5,7,7,0
2008_03_STL_SEA,2008,REG,3,2008-09-21,Sunday,16:05,STL,13,SEA,37,Home,0,8,7,7,1
2008_03_DET_SF,2008,REG,3,2008-09-21,Sunday,16:05,DET,13,SF,31,Home,0,5,7,7,0
2008_03_CLE_BAL,2008,REG,3,2008-09-21,Sunday,16:15,CLE,10,BAL,28,Home,0,2.5,7,14,1
2008_03_JAX_IND,2008,REG,3,2008-09-21,Sunday,16:15,JAX,23,IND,21,Home,0,4,7,7,1
2008_03_PIT_PHI,2008,REG,3,2008-09-21,Sunday,16:15,PIT,6,PHI,15,Home,0,3.5,7,6,0
2008_03_DAL_GB,2008,REG,3,2008-09-21,Sunday,20:15,DAL,27,GB,16,Home,0,-3,6,7,0
2008_03_NYJ_SD,2008,REG,3,2008-09-22,Monday,20:30,NYJ,29,SD,48,Home,0,8,8,8,0
2008_04_ATL_CAR,2008,REG,4,2008-09-28,Sunday,13:00,ATL,9,CAR,24,Home,0,7,7,7,1
2008_04_CLE_CIN,2008,REG,4,2008-09-28,Sunday,13:00,CLE,20,CIN,12,Home,0,1,7,7,1
2008_04_HOU_JAX,2008,REG,4,2008-09-28,Sunday,13:00,HOU,27,JAX,30,Home,1,6.5,7,7,1
2008_04_DEN_KC,2008,REG,4,2008-09-28,Sunday,13:00,DEN,19,KC,33,Home,0,-9,7,7,1
2008_04_SF_NO,2008,REG,4,2008-09-28,Sunday,13:00,SF,17,NO,31,Home,0,4,7,7,0
2008_04_ARI_NYJ,2008,REG,4,2008-09-28,Sunday,13:00,ARI,35,NYJ,56,Home,0,1.5,7,6,0
2008_04_GB_TB,2008,REG,4,2008-09-28,Sunday,13:00,GB,21,TB,30,Home,0,2,7,7,0
2008_04_MIN_TEN,2008,REG,4,2008-09-28,Sunday,13:00,MIN,17,TEN,30,Home,0,3,7,7,0
2008_04_SD_OAK,2008,REG,4,2008-09-28,Sunday,16:05,SD,28,OAK,18,Home,0,-8,6,7,1
2008_04_BUF_STL,2008,REG,4,2008-09-28,Sunday,16:05,BUF,31,STL,14,Home,0,-8.5,7,7,0
2008_04_WAS_DAL,2008,REG,4,2008-09-28,Sunday,16:15,WAS,26,DAL,24,Home,0,10,7,7,1
2008_04_PHI_CHI,2008,REG,4,2008-09-28,Sunday,20:15,PHI,20,CHI,24,Home,0,-3,7,7,0
2008_04_BAL_PIT,2008,REG,4,2008-09-29,Monday,20:30,BAL,20,PIT,23,Home,1,6,8,8,1
2008_05_TEN_BAL,2008,REG,5,2008-10-05,Sunday,13:00,TEN,13,BAL,10,Home,0,-1,7,6,0
2008_05_KC_CAR,2008,REG,5,2008-10-05,Sunday,13:00,KC,0,CAR,34,Home,0,10,7,7,0
2008_05_CHI_DET,2008,REG,5,2008-10-05,Sunday,13:00,CHI,34,DET,7,Home,0,-3.5,7,14,1
2008_05_ATL_GB,2008,REG,5,2008-10-05,Sunday,13:00,ATL,27,GB,24,Home,0,5,7,7,0
2008_05_IND_HOU,2008,REG,5,2008-10-05,Sunday,13:00,IND,31,HOU,27,Home,0,-4,14,7,1
2008_05_SD_MIA,2008,REG,5,2008-10-05,Sunday,13:00,SD,10,MIA,17,Home,0,-6,7,14,0
2008_05_SEA_NYG,2008,REG,5,2008-10-05,Sunday,13:00,SEA,6,NYG,44,Home,0,6.5,14,14,0
2008_05_WAS_PHI,2008,REG,5,2008-10-05,Sunday,13:00,WAS,23,PHI,17,Home,0,6.5,7,7,1
2008_05_TB_DEN,2008,REG,5,2008-10-05,Sunday,16:05,TB,13,DEN,16,Home,0,3.5,7,7,0
2008_05_BUF_ARI,2008,REG,5,2008-10-05,Sunday,16:15,BUF,17,ARI,41,Home,0,1,7,7,0
2008_05_CIN_DAL,2008,REG,5,2008-10-05,Sunday,16:15,CIN,22,DAL,31,Home,0,16,7,7,0
2008_05_NE_SF,2008,REG,5,2008-10-05,Sunday,16:15,NE,30,SF,21,Home,0,-3,14,7,0
2008_05_PIT_JAX,2008,REG,5,2008-10-05,Sunday,20:15,PIT,26,JAX,21,Home,0,5.5,6,7,0
2008_05_MIN_NO,2008,REG,5,2008-10-06,Monday,20:30,MIN,30,NO,27,Home,0,3,8,8,0
2008_06_CHI_ATL,2008,REG,6,2008-10-12,Sunday,13:00,CHI,20,ATL,22,Home,0,-3,7,7,0
2008_06_MIA_HOU,2008,REG,6,2008-10-12,Sunday,13:00,MIA,28,HOU,29,Home,0,3,7,7,0
2008_06_BAL_IND,2008,REG,6,2008-10-12,Sunday,13:00,BAL,3,IND,31,Home,0,4,7,7,0
2008_06_DET_MIN,2008,REG,6,2008-10-12,Sunday,13:00,DET,10,MIN,12,Home,0,13,7,6,1
2008_06_OAK_NO,2008,REG,6,2008-10-12,Sunday,13:00,OAK,3,NO,34,Home,0,7,14,6,0
2008_06_CIN_NYJ,2008,REG,6,2008-10-12,Sunday,13:00,CIN,14,NYJ,26,Home,0,9.5,7,14,0
2008_06_CAR_TB,2008,REG,6,2008-10-12,Sunday,13:00,CAR,3,TB,27,Home,0,1,7,7,1
2008_06_STL_WAS,2008,REG,6,2008-10-12,Sunday,13:00,STL,19,WAS,17,Home,0,12,14,7,0
2008_06_JAX_DEN,2008,REG,6,2008-10-12,Sunday,16:05,JAX,24,DEN,17,Home,0,3.5,7,7,0
2008_06_DAL_ARI,2008,REG,6,2008-10-12,Sunday,16:15,DAL,24,ARI,30,Home,1,-4.5,7,7,0
2008_06_GB_SEA,2008,REG,6,2008-10-12,Sunday,16:15,GB,27,SEA,17,Home,0,1,7,7,0
2008_06_PHI_SF,2008,REG,6,2008-10-12,Sunday,16:15,PHI,40,SF,26,Home,0,-4.5,7,7,0
2008_06_NE_SD,2008,REG,6,2008-10-12,Sunday,20:15,NE,10,SD,30,Home,0,6,7,7,0
2008_06_NYG_CLE,2008,REG,6,2008-10-13,Monday,20:30,NYG,14,CLE,35,Home,0,-9,8,15,0
2008_07_SD_BUF,2008,REG,7,2008-10-19,Sunday,13:00,SD,14,BUF,23,Home,0,-1,7,14,0
2008_07_NO_CAR,2008,REG,7,2008-10-19,Sunday,13:00,NO,7,CAR,30,Home,0,3,7,7,1
2008_07_MIN_CHI,2008,REG,7,2008-10-19,Sunday,13:00,MIN,41,CHI,48,Home,0,3,7,7,1
2008_07_PIT_CIN,2008,REG,7,2008-10-19,Sunday,13:00,PIT,38,CIN,10,Home,0,-9,14,7,1
2008_07_TEN_KC,2008,REG,7,2008-10-19,Sunday,13:00,TEN,34,KC,10,Home,0,-9,14,14,0
2008_07_BAL_MIA,2008,REG,7,2008-10-19,Sunday,13:00,BAL,27,MIA,13,Home,0,3,7,7,0
2008_07_SF_NYG,2008,REG,7,2008-10-19,Sunday,13:00,SF,17,NYG,29,Home,0,10,7,6,0
2008_07_DAL_STL,2008,REG,7,2008-10-19,Sunday,13:00,DAL,14,STL,34,Home,0,-9,7,7,0
2008_07_DET_HOU,2008,REG,7,2008-10-19,Sunday,16:05,DET,21,HOU,28,Home,0,11,7,7,0
2008_07_IND_GB,2008,REG,7,2008-10-19,Sunday,16:15,IND,14,GB,34,Home,0,-1,7,7,0
2008_07_NYJ_OAK,2008,REG,7,2008-10-19,Sunday,16:15,NYJ,13,OAK,16,Home,1,-3,7,7,0
2008_07_CLE_WAS,2008,REG,7,2008-10-19,Sunday,16:15,CLE,11,WAS,14,Home,0,7,6,7,0
2008_07_SEA_TB,2008,REG,7,2008-10-19,Sunday,20:15,SEA,10,TB,20,Home,0,10.5,7,7,0
2008_07_DEN_NE,2008,REG,7,2008-10-20,Monday,20:30,DEN,7,NE,41,Home,0,3,8,8,0
2008_08_OAK_BAL,2008,REG,8,2008-10-26,Sunday,13:00,OAK,10,BAL,29,Home,0,9,7,7,0
2008_08_ARI_CAR,2008,REG,8,2008-10-26,Sunday,13:00,ARI,23,CAR,27,Home,0,5,14,7,0
2008_08_TB_DAL,2008,REG,8,2008-10-26,Sunday,13:00,TB,9,DAL,13,Home,0,1,7,7,0
2008_08_WAS_DET,2008,REG,8,2008-10-26,Sunday,13:00,WAS,25,DET,17,Home,0,-7,7,7,0
2008_08_BUF_MIA,2008,REG,8,2008-10-26,Sunday,13:00,BUF,16,MIA,25,Home,0,1,7,7,1
2008_08_STL_NE,2008,REG,8,2008-10-26,Sunday,13:00,STL,16,NE,23,Home,0,9,7,6,0
2008_08_SD_NO,2008,REG,8,2008-10-26,Sunday,13:00,SD,32,NO,37,Neutral,0,-3,7,7,0
2008_08_KC_NYJ,2008,REG,8,2008-10-26,Sunday,13:00,KC,24,NYJ,28,Home,0,14,7,7,0
2008_08_ATL_PHI,2008,REG,8,2008-10-26,Sunday,13:00,ATL,14,PHI,27,Home,0,9.5,14,14,0
2008_08_CIN_HOU,2008,REG,8,2008-10-26,Sunday,16:05,CIN,6,HOU,35,Home,0,9,7,7,0
2008_08_CLE_JAX,2008,REG,8,2008-10-26,Sunday,16:05,CLE,23,JAX,17,Home,0,7,7,14,0
2008_08_NYG_PIT,2008,REG,8,2008-10-26,Sunday,16:15,NYG,21,PIT,14,Home,0,3,7,7,0
2008_08_SEA_SF,2008,REG,8,2008-10-26,Sunday,16:15,SEA,34,SF,13,Home,0,5,7,7,1
2008_08_IND_TEN,2008,REG,8,2008-10-27,Monday,20:30,IND,21,TEN,31,Home,0,4,8,8,1
2008_09_NYJ_BUF,2008,REG,9,2008-11-02,Sunday,13:00,NYJ,26,BUF,17,Home,0,5,7,7,1
2008_09_DET_CHI,2008,REG,9,2008-11-02,Sunday,13:00,DET,23,CHI,27,Home,0,12.5,7,14,1
2008_09_JAX_CIN,2008,REG,9,2008-11-02,Sunday,13:00,JAX,19,CIN,21,Home,0,-7,7,7,0
2008_09_BAL_CLE,2008,REG,9,2008-11-02,Sunday,13:00,BAL,37,CLE,27,Home,0,1,7,7,1
2008_09_TB_KC,2008,REG,9,2008-11-02,Sunday,13:00,TB,30,KC,27,Home,1,-9.5,7,7,0
2008_09_HOU_MIN,2008,REG,9,2008-11-02,Sunday,13:00,HOU,21,MIN,28,Home,0,6.5,7,14,0
2008_09_ARI_STL,2008,REG,9,2008-11-02,Sunday,13:00,ARI,34,STL,13,Home,0,-3,7,7,1
2008_09_GB_TEN,2008,REG,9,2008-11-02,Sunday,13:00,GB,16,TEN,19,Home,1,3.5,14,6,0
2008_09_MIA_DEN,2008,REG,9,2008-11-02,Sunday,16:05,MIA,26,DEN,17,Home,0,4,7,13,0
2008_09_DAL_NYG,2008,REG,9,2008-11-02,Sunday,16:15,DAL,14,NYG,35,Home,0,9.5,7,7,1
2008_09_ATL_OAK,2008,REG,9,2008-11-02,Sunday,16:15,ATL,24,OAK,0,Home,0,-3,7,7,0
2008_09_PHI_SEA,2008,REG,9,2008-11-02,Sunday,16:15,PHI,26,SEA,7,Home,0,-7,7,7,0
2008_09_NE_IND,2008,REG,9,2008-11-02,Sunday,20:15,NE,15,IND,18,Home,0,6.5,7,6,0
2008_09_PIT_WAS,2008,REG,9,2008-11-03,Monday,20:30,PIT,23,WAS,6,Home,0,1,8,8,0
2008_10_DEN_CLE,2008,REG,10,2008-11-06,Thursday,20:15,DEN,34,CLE,30,Home,0,3,4,4,0
2008_10_NO_ATL,2008,REG,10,2008-11-09,Sunday,13:00,NO,20,ATL,34,Home,0,1,14,7,1
2008_10_TEN_CHI,2008,REG,10,2008-11-09,Sunday,13:00,TEN,21,CHI,14,Home,0,-1,7,7,0
2008_10_JAX_DET,2008,REG,10,2008-11-09,Sunday,13:00,JAX,38,DET,14,Home,0,-5.5,7,7,0
2008_10_BAL_HOU,2008,REG,10,2008-11-09,Sunday,13:00,BAL,41,HOU,13,Home,0,2.5,7,7,0
2008_10_SEA_MIA,2008,REG,10,2008-11-09,Sunday,13:00,SEA,19,MIA,21,Home,0,9,7,7,0
2008_10_GB_MIN,2008,REG,10,2008-11-09,Sunday,13:00,GB,27,MIN,28,Home,0,2.5,7,7,1
2008_10_BUF_NE,2008,REG,10,2008-11-09,Sunday,13:00,BUF,10,NE,20,Home,0,3.5,7,7,1
2008_10_STL_NYJ,2008,REG,10,2008-11-09,Sunday,13:00,STL,3,NYJ,47,Home,0,9.5,7,7,0
2008_10_CAR_OAK,2008,REG,10,2008-11-09,Sunday,16:05,CAR,17,OAK,6,Home,0,-10,14,7,0
2008_10_IND_PIT,2008,REG,10,2008-11-09,Sunday,16:15,IND,24,PIT,20,Home,0,3.5,7,6,0
2008_10_KC_SD,2008,REG,10,2008-11-09,Sunday,16:15,KC,19,SD,20,Home,0,14.5,7,14,1
2008_10_NYG_PHI,2008,REG,10,2008-11-09,Sunday,20:15,NYG,36,PHI,31,Home,0,3,7,7,1
2008_10_SF_ARI,2008,REG,10,2008-11-10,Monday,20:30,SF,24,ARI,29,Home,0,9.5,15,8,1
2008_11_NYJ_NE,2008,REG,11,2008-11-13,Thursday,20:15,NYJ,34,NE,31,Home,1,3,4,4,1
2008_11_DEN_ATL,2008,REG,11,2008-11-16,Sunday,13:00,DEN,24,ATL,20,Home,0,6.5,10,7,0
2008_11_DET_CAR,2008,REG,11,2008-11-16,Sunday,13:00,DET,22,CAR,31,Home,0,14,7,7,0
2008_11_PHI_CIN,2008,REG,11,2008-11-16,Sunday,13:00,PHI,13,CIN,13,Home,1,-9.5,7,14,0
2008_11_CHI_GB,2008,REG,11,2008-11-16,Sunday,13:00,CHI,3,GB,37,Home,0,3.5,7,7,1
2008_11_HOU_IND,2008,REG,11,2008-11-16,Sunday,13:00,HOU,27,IND,33,Home,0,9,7,7,1
2008_11_NO_KC,2008,REG,11,2008-11-16,Sunday,13:00,NO,30,KC,20,Home,0,-6,7,7,0
2008_11_OAK_MIA,2008,REG,11,2008-11-16,Sunday,13:00,OAK,15,MIA,17,Home,0,10,7,7,0
2008_11_BAL_NYG,2008,REG,11,2008-11-16,Sunday,13:00,BAL,10,NYG,30,Home,0,7,7,7,0
2008_11_MIN_TB,2008,REG,11,2008-11-16,Sunday,13:00,MIN,13,TB,19,Home,0,4.5,7,14,0
2008_11_ARI_SEA,2008,REG,11,2008-11-16,Sunday,16:05,ARI,26,SEA,20,Home,0,-3,6,7,1
2008_11_STL_SF,2008,REG,11,2008-11-16,Sunday,16:05,STL,16,SF,35,Home,0,7,7,6,1
2008_11_TEN_JAX,2008,REG,11,2008-11-16,Sunday,16:15,TEN,24,JAX,14,Home,0,-1,7,7,1
2008_11_SD_PIT,2008,REG,11,2008-11-16,Sunday,16:15,SD,10,PIT,11,Home,0,4.5,7,7,0
2008_11_DAL_WAS,2008,REG,11,2008-11-16,Sunday,20:15,DAL,14,WAS,10,Home,0,-1,14,13,1
2008_11_CLE_BUF,2008,REG,11,2008-11-17,Monday,20:30,CLE,29,BUF,27,Home,0,4.5,11,8,0
2008_12_CIN_PIT,2008,REG,12,2008-11-20,Thursday,20:15,CIN,10,PIT,27,Home,0,11.5,4,4,1
2008_12_PHI_BAL,2008,REG,12,2008-11-23,Sunday,13:00,PHI,7,BAL,36,Home,0,1,7,7,0
2008_12_HOU_CLE,2008,REG,12,2008-11-23,Sunday,13:00,HOU,16,CLE,6,Home,0,3,7,6,0
2008_12_SF_DAL,2008,REG,12,2008-11-23,Sunday,13:00,SF,22,DAL,35,Home,0,9.5,7,7,0
2008_12_TB_DET,2008,REG,12,2008-11-23,Sunday,13:00,TB,38,DET,20,Home,0,-9,7,7,0
2008_12_MIN_JAX,2008,REG,12,2008-11-23,Sunday,13:00,MIN,30,JAX,12,Home,0,1,7,7,0
2008_12_BUF_KC,2008,REG,12,2008-11-23,Sunday,13:00,BUF,54,KC,31,Home,0,-3,6,7,0
2008_12_NE_MIA,2008,REG,12,2008-11-23,Sunday,13:00,NE,48,MIA,28,Home,0,-1,10,7,1
2008_12_CHI_STL,2008,REG,12,2008-11-23,Sunday,13:00,CHI,27,STL,3,Home,0,-7,7,7,0
2008_12_NYJ_TEN,2008,REG,12,2008-11-23,Sunday,13:00,NYJ,34,TEN,13,Home,0,5.5,10,7,0
2008_12_OAK_DEN,2008,REG,12,2008-11-23,Sunday,16:05,OAK,31,DEN,10,Home,0,9,7,7,1
2008_12_NYG_ARI,2008,REG,12,2008-11-23,Sunday,16:15,NYG,37,ARI,29,Home,0,-3,7,7,0
2008_12_CAR_ATL,2008,REG,12,2008-11-23,Sunday,16:15,CAR,28,ATL,45,Home,0,1,7,7,1
2008_12_WAS_SEA,2008,REG,12,2008-11-23,Sunday,16:15,WAS,20,SEA,17,Home,0,-3,7,7,0
2008_12_IND_SD,2008,REG,12,2008-11-23,Sunday,20:15,IND,23,SD,20,Home,0,3,7,7,0
2008_12_GB_NO,2008,REG,12,2008-11-24,Monday,20:30,GB,29,NO,51,Home,0,1,8,8,0
2008_13_TEN_DET,2008,REG,13,2008-11-27,Thursday,12:30,TEN,47,DET,10,Home,0,-11,4,4,0
2008_13_SEA_DAL,2008,REG,13,2008-11-27,Thursday,16:25,SEA,9,DAL,34,Home,0,11.5,4,4,0
2008_13_ARI_PHI,2008,REG,13,2008-11-27,Thursday,20:15,ARI,20,PHI,48,Home,0,3,4,4,0
2008_13_SF_BUF,2008,REG,13,2008-11-30,Sunday,13:00,SF,10,BUF,3,Home,0,6.5,7,7,0
2008_13_BAL_CIN,2008,REG,13,2008-11-30,Sunday,13:00,BAL,34,CIN,3,Home,0,-7,7,10,1
2008_13_IND_CLE,2008,REG,13,2008-11-30,Sunday,13:00,IND,10,CLE,6,Home,0,-4,7,7,0
2008_13_CAR_GB,2008,REG,13,2008-11-30,Sunday,13:00,CAR,35,GB,31,Home,0,3,7,6,0
2008_13_MIA_STL,2008,REG,13,2008-11-30,Sunday,13:00,MIA,16,STL,12,Home,0,-7,7,7,0
2008_13_NO_TB,2008,REG,13,2008-11-30,Sunday,13:00,NO,20,TB,23,Home,0,3.5,6,7,1
2008_13_NYG_WAS,2008,REG,13,2008-11-30,Sunday,13:00,NYG,23,WAS,7,Home,0,-3.5,7,7,1
2008_13_ATL_SD,2008,REG,13,2008-11-30,Sunday,16:05,ATL,22,SD,16,Home,0,6.5,7,7,0
2008_13_PIT_NE,2008,REG,13,2008-11-30,Sunday,16:15,PIT,33,NE,10,Home,0,1,10,7,0
2008_13_DEN_NYJ,2008,REG,13,2008-11-30,Sunday,16:15,DEN,34,NYJ,17,Home,0,7.5,7,7,0
2008_13_KC_OAK,2008,REG,13,2008-11-30,Sunday,16:15,KC,20,OAK,13,Home,0,3,7,7,1
2008_13_CHI_MIN,2008,REG,13,2008-11-30,Sunday,20:15,CHI,14,MIN,34,Home,0,5,7,7,1
2008_13_JAX_HOU,2008,REG,13,2008-12-01,Monday,20:30,JAX,17,HOU,30,Home,0,3,8,8,1
2008_14_OAK_SD,2008,REG,14,2008-12-04,Thursday,20:15,OAK,7,SD,34,Home,0,9.5,4,4,1
2008_14_JAX_CHI,2008,REG,14,2008-12-07,Sunday,13:00,JAX,10,CHI,23,Home,0,6.5,6,7,0
2008_14_MIN_DET,2008,REG,14,2008-12-07,Sunday,13:00,MIN,20,DET,16,Home,0,-10.5,7,10,1
2008_14_HOU_GB,2008,REG,14,2008-12-07,Sunday,13:00,HOU,24,GB,21,Home,0,7,6,7,0
2008_14_CIN_IND,2008,REG,14,2008-12-07,Sunday,13:00,CIN,3,IND,35,Home,0,13.5,7,7,0
2008_14_ATL_NO,2008,REG,14,2008-12-07,Sunday,13:00,ATL,25,NO,29,Home,0,3,7,7,1
2008_14_PHI_NYG,2008,REG,14,2008-12-07,Sunday,13:00,PHI,20,NYG,14,Home,0,6.5,10,7,1
2008_14_CLE_TEN,2008,REG,14,2008-12-07,Sunday,13:00,CLE,9,TEN,28,Home,0,14,7,10,0
2008_14_MIA_BUF,2008,REG,14,2008-12-07,Sunday,16:05,MIA,16,BUF,3,Neutral,0,1,7,7,1
2008_14_KC_DEN,2008,REG,14,2008-12-07,Sunday,16:05,KC,17,DEN,24,Home,0,9,7,7,1
2008_14_NE_SEA,2008,REG,14,2008-12-07,Sunday,16:05,NE,24,SEA,21,Home,0,-7.5,7,10,0
2008_14_NYJ_SF,2008,REG,14,2008-12-07,Sunday,16:05,NYJ,14,SF,24,Home,0,-4,7,7,0
2008_14_STL_ARI,2008,REG,14,2008-12-07,Sunday,16:15,STL,10,ARI,34,Home,0,14,7,10,1
2008_14_DAL_PIT,2008,REG,14,2008-12-07,Sunday,16:15,DAL,13,PIT,20,Home,0,4,10,7,0
2008_14_WAS_BAL,2008,REG,14,2008-12-07,Sunday,20:15,WAS,10,BAL,24,Home,0,6,7,7,0
2008_14_TB_CAR,2008,REG,14,2008-12-08,Monday,20:30,TB,23,CAR,38,Home,0,3,8,8,1
2008_15_NO_CHI,2008,REG,15,2008-12-11,Thursday,20:15,NO,24,CHI,27,Home,1,3,4,4,0
2008_15_TB_ATL,2008,REG,15,2008-12-14,Sunday,13:00,TB,10,ATL,13,Home,1,5.5,6,7,1
2008_15_WAS_CIN,2008,REG,15,2008-12-14,Sunday,13:00,WAS,13,CIN,20,Home,0,-6.5,7,7,0
2008_15_TEN_HOU,2008,REG,15,2008-12-14,Sunday,13:00,TEN,12,HOU,13,Home,0,-3,7,7,1
2008_15_DET_IND,2008,REG,15,2008-12-14,Sunday,13:00,DET,21,IND,31,Home,0,16.5,7,7,0
2008_15_GB_JAX,2008,REG,15,2008-12-14,Sunday,13:00,GB,16,JAX,20,Home,0,-2.5,7,7,0
2008_15_SD_KC,2008,REG,15,2008-12-14,Sunday,13:00,SD,22,KC,21,Home,0,-6,10,7,1
2008_15_SF_MIA,2008,REG,15,2008-12-14,Sunday,13:00,SF,9,MIA,14,Home,0,5.5,7,7,0
2008_15_BUF_NYJ,2008,REG,15,2008-12-14,Sunday,13:00,BUF,27,NYJ,31,Home,0,9,7,7,1
2008_15_SEA_STL,2008,REG,15,2008-12-14,Sunday,13:00,SEA,23,STL,20,Home,0,-1,7,7,1
2008_15_MIN_ARI,2008,REG,15,2008-12-14,Sunday,16:05,MIN,35,ARI,14,Home,0,4,7,7,0
2008_15_PIT_BAL,2008,REG,15,2008-12-14,Sunday,16:15,PIT,13,BAL,9,Home,0,3,7,7,1
2008_15_DEN_CAR,2008,REG,15,2008-12-14,Sunday,16:15,DEN,10,CAR,30,Home,0,7,7,6,0
2008_15_NE_OAK,2008,REG,15,2008-12-14,Sunday,16:15,NE,49,OAK,26,Home,0,-6.5,7,10,0
2008_15_NYG_DAL,2008,REG,15,2008-12-14,Sunday,20:15,NYG,8,DAL,20,Home,0,3,7,7,1
2008_15_CLE_PHI,2008,REG,15,2008-12-15,Monday,20:30,CLE,10,PHI,30,Home,0,15.5,8,8,0
2008_16_IND_JAX,2008,REG,16,2008-12-18,Thursday,20:15,IND,31,JAX,24,Home,0,-5.5,4,4,1
2008_16_BAL_DAL,2008,REG,16,2008-12-20,Saturday,20:15,BAL,33,DAL,24,Home,0,5,6,6,0
2008_16_CIN_CLE,2008,REG,16,2008-12-21,Sunday,13:00,CIN,14,CLE,0,Home,0,1,7,6,1
2008_16_NO_DET,2008,REG,16,2008-12-21,Sunday,13:00,NO,42,DET,7,Home,0,-7,10,7,0
2008_16_MIA_KC,2008,REG,16,2008-12-21,Sunday,13:00,MIA,38,KC,31,Home,0,-3.5,7,7,0
2008_16_ARI_NE,2008,REG,16,2008-12-21,Sunday,13:00,ARI,7,NE,47,Home,0,9,7,7,0
2008_16_SF_STL,2008,REG,16,2008-12-21,Sunday,13:00,SF,17,STL,16,Home,0,-3.5,7,7,1
2008_16_SD_TB,2008,REG,16,2008-12-21,Sunday,13:00,SD,41,TB,24,Home,0,4.5,7,7,0
2008_16_PIT_TEN,2008,REG,16,2008-12-21,Sunday,13:00,PIT,14,TEN,31,Home,0,-2.5,7,7,0
2008_16_BUF_DEN,2008,REG,16,2008-12-21,Sunday,16:05,BUF,30,DEN,23,Home,0,6.5,7,7,0
2008_16_HOU_OAK,2008,REG,16,2008-12-21,Sunday,16:05,HOU,16,OAK,27,Home,0,-7,7,7,0
2008_16_NYJ_SEA,2008,REG,16,2008-12-21,Sunday,16:05,NYJ,3,SEA,13,Home,0,-3.5,7,7,0
2008_16_ATL_MIN,2008,REG,16,2008-12-21,Sunday,16:15,ATL,24,MIN,17,Home,0,3,7,7,0
2008_16_PHI_WAS,2008,REG,16,2008-12-21,Sunday,16:15,PHI,3,WAS,10,Home,0,-4.5,6,7,1
2008_16_CAR_NYG,2008,REG,16,2008-12-21,Sunday,20:15,CAR,28,NYG,34,Home,1,4,7,7,0
2008_16_GB_CHI,2008,REG,16,2008-12-22,Monday,20:30,GB,17,CHI,20,Home,1,4,8,11,1
2008_17_STL_ATL,2008,REG,17,2008-12-28,Sunday,13:00,STL,27,ATL,31,Home,0,14,7,7,0
2008_17_NE_BUF,2008,REG,17,2008-12-28,Sunday,13:00,NE,13,BUF,0,Home,0,-5.5,7,7,1
2008_17_KC_CIN,2008,REG,17,2008-12-28,Sunday,13:00,KC,6,CIN,16,Home,0,1.5,7,7,0
2008_17_DET_GB,2008,REG,17,2008-12-28,Sunday,13:00,DET,21,GB,31,Home,0,11,7,6,1
2008_17_CHI_HOU,2008,REG,17,2008-12-28,Sunday,13:00,CHI,24,HOU,31,Home,0,3,6,7,0
2008_17_TEN_IND,2008,REG,17,2008-12-28,Sunday,13:00,TEN,0,IND,23,Home,0,-3,7,10,1
2008_17_NYG_MIN,2008,REG,17,2008-12-28,Sunday,13:00,NYG,19,MIN,20,Home,0,7,7,7,0
2008_17_CAR_NO,2008,REG,17,2008-12-28,Sunday,13:00,CAR,33,NO,31,Home,0,-1,7,7,1
2008_17_CLE_PIT,2008,REG,17,2008-12-28,Sunday,13:00,CLE,0,PIT,31,Home,0,11,7,7,1
2008_17_OAK_TB,2008,REG,17,2008-12-28,Sunday,13:00,OAK,31,TB,24,Home,0,11,7,7,0
2008_17_SEA_ARI,2008,REG,17,2008-12-28,Sunday,16:15,SEA,21,ARI,34,Home,0,7,7,7,1
2008_17_JAX_BAL,2008,REG,17,2008-12-28,Sunday,16:15,JAX,7,BAL,27,Home,0,10.5,10,8,0
2008_17_MIA_NYJ,2008,REG,17,2008-12-28,Sunday,16:15,MIA,24,NYJ,17,Home,0,2.5,7,7,1
2008_17_DAL_PHI,2008,REG,17,2008-12-28,Sunday,16:15,DAL,6,PHI,44,Home,0,2.5,8,7,1
2008_17_WAS_SF,2008,REG,17,2008-12-28,Sunday,16:15,WAS,24,SF,27,Home,0,1,7,7,0
2008_17_DEN_SD,2008,REG,17,2008-12-28,Sunday,20:15,DEN,21,SD,52,Home,0,7,7,7,1
2008_18_ATL_ARI,2008,WC,18,2009-01-03,Saturday,16:30,ATL,24,ARI,30,Home,0,2,6,6,0
2008_18_IND_SD,2008,WC,18,2009-01-03,Saturday,20:00,IND,17,SD,23,Home,1,-1.5,6,6,0
2008_18_BAL_MIA,2008,WC,18,2009-01-04,Sunday,13:00,BAL,27,MIA,9,Home,0,-3.5,7,7,0
2008_18_PHI_MIN,2008,WC,18,2009-01-04,Sunday,16:30,PHI,26,MIN,14,Home,0,-3,7,7,0
2008_19_BAL_TEN,2008,DIV,19,2009-01-10,Saturday,16:30,BAL,13,TEN,10,Home,0,3,6,13,0
2008_19_ARI_CAR,2008,DIV,19,2009-01-10,Saturday,20:15,ARI,33,CAR,13,Home,0,10,7,13,0
2008_19_PHI_NYG,2008,DIV,19,2009-01-11,Sunday,13:00,PHI,23,NYG,11,Home,0,4,7,14,1
2008_19_SD_PIT,2008,DIV,19,2009-01-11,Sunday,16:45,SD,24,PIT,35,Home,0,6.5,8,14,0
2008_20_PHI_ARI,2008,CON,20,2009-01-18,Sunday,16:05,PHI,25,ARI,32,Home,0,-3.5,7,8,0
2008_20_BAL_PIT,2008,CON,20,2009-01-18,Sunday,18:30,BAL,14,PIT,23,Home,0,6,8,7,1
2008_21_PIT_ARI,2008,SB,21,2009-02-01,Sunday,18:31,PIT,27,ARI,23,Neutral,0,-6.5,14,14,0
2009_01_TEN_PIT,2009,REG,1,2009-09-10,Thursday,20:30,TEN,10,PIT,13,Home,1,6.5,7,7,0
2009_01_MIA_ATL,2009,REG,1,2009-09-13,Sunday,13:00,MIA,7,ATL,19,Home,0,4,7,7,0
2009_01_KC_BAL,2009,REG,1,2009-09-13,Sunday,13:00,KC,24,BAL,38,Home,0,13,7,7,0
2009_01_PHI_CAR,2009,REG,1,2009-09-13,Sunday,13:00,PHI,38,CAR,10,Home,0,-1,7,7,0
2009_01_DEN_CIN,2009,REG,1,2009-09-13,Sunday,13:00,DEN,12,CIN,7,Home,0,4.5,7,7,0
2009_01_MIN_CLE,2009,REG,1,2009-09-13,Sunday,13:00,MIN,34,CLE,20,Home,0,-4,7,7,0
2009_01_NYJ_HOU,2009,REG,1,2009-09-13,Sunday,13:00,NYJ,24,HOU,7,Home,0,4.5,7,7,0
2009_01_JAX_IND,2009,REG,1,2009-09-13,Sunday,13:00,JAX,12,IND,14,Home,0,6.5,7,7,1
2009_01_DET_NO,2009,REG,1,2009-09-13,Sunday,13:00,DET,27,NO,45,Home,0,14,7,7,0
2009_01_DAL_TB,2009,REG,1,2009-09-13,Sunday,13:00,DAL,34,TB,21,Home,0,-4.5,7,7,0
2009_01_SF_ARI,2009,REG,1,2009-09-13,Sunday,16:15,SF,20,ARI,16,Home,0,5,7,7,1
2009_01_WAS_NYG,2009,REG,1,2009-09-13,Sunday,16:15,WAS,17,NYG,23,Home,0,6,7,7,1
2009_01_STL_SEA,2009,REG,1,2009-09-13,Sunday,16:15,STL,0,SEA,28,Home,0,7,7,7,1
2009_01_CHI_GB,2009,REG,1,2009-09-13,Sunday,20:20,CHI,15,GB,21,Home,0,5,7,7,1
2009_01_BUF_NE,2009,REG,1,2009-09-14,Monday,19:00,BUF,24,NE,25,Home,0,13.5,7,7,1
2009_01_SD_OAK,2009,REG,1,2009-09-14,Monday,22:15,SD,24,OAK,20,Home,0,-10,7,7,1
2009_02_CAR_ATL,2009,REG,2,2009-09-20,Sunday,13:00,CAR,20,ATL,28,Home,0,5.5,7,7,1
2009_02_MIN_DET,2009,REG,2,2009-09-20,Sunday,13:00,MIN,27,DET,13,Home,0,-10,7,7,1
2009_02_CIN_GB,2009,REG,2,2009-09-20,Sunday,13:00,CIN,31,GB,24,Home,0,7.5,7,7,0
2009_02_ARI_JAX,2009,REG,2,2009-09-20,Sunday,13:00,ARI,31,JAX,17,Home,0,3,7,7,0
2009_02_OAK_KC,2009,REG,2,2009-09-20,Sunday,13:00,OAK,13,KC,10,Home,0,1.5,6,7,1
2009_02_NE_NYJ,2009,REG,2,2009-09-20,Sunday,13:00,NE,9,NYJ,16,Home,0,-3.5,6,7,1
2009_02_NO_PHI,2009,REG,2,2009-09-20,Sunday,13:00,NO,48,PHI,22,Home,0,-2.5,7,7,0
2009_02_HOU_TEN,2009,REG,2,2009-09-20,Sunday,13:00,HOU,34,TEN,31,Home,0,7,7,10,1
2009_02_STL_WAS,2009,REG,2,2009-09-20,Sunday,13:00,STL,7,WAS,9,Home,0,10,7,7,0
2009_02_TB_BUF,2009,REG,2,2009-09-20,Sunday,16:05,TB,20,BUF,33,Home,0,4.5,7,6,0
2009_02_SEA_SF,2009,REG,2,2009-09-20,Sunday,16:05,SEA,10,SF,23,Home,0,1,7,7,1
2009_02_PIT_CHI,2009,REG,2,2009-09-20,Sunday,16:15,PIT,14,CHI,17,Home,0,-1,10,7,0
2009_02_CLE_DEN,2009,REG,2,2009-09-20,Sunday,16:15,CLE,6,DEN,27,Home,0,3,7,7,0
2009_02_BAL_SD,2009,REG,2,2009-09-20,Sunday,16:15,BAL,31,SD,26,Home,0,3,7,6,0
2009_02_NYG_DAL,2009,REG,2,2009-09-20,Sunday,20:20,NYG,33,DAL,31,Home,0,3,7,7,1
2009_02_IND_MIA,2009,REG,2,2009-09-21,Monday,20:30,IND,27,MIA,23,Home,0,-3,8,8,0
2009_03_CLE_BAL,2009,REG,3,2009-09-27,Sunday,13:00,CLE,3,BAL,34,Home,0,13.5,7,7,1
2009_03_WAS_DET,2009,REG,3,2009-09-27,Sunday,13:00,WAS,14,DET,19,Home,0,-6.5,7,7,0
2009_03_JAX_HOU,2009,REG,3,2009-09-27,Sunday,13:00,JAX,31,HOU,24,Home,0,4,7,7,1
2009_03_SF_MIN,2009,REG,3,2009-09-27,Sunday,13:00,SF,24,MIN,27,Home,0,7,7,7,0
2009_03_ATL_NE,2009,REG,3,2009-09-27,Sunday,13:00,ATL,10,NE,26,Home,0,4.5,7,7,0
2009_03_TEN_NYJ,2009,REG,3,2009-09-27,Sunday,13:00,TEN,17,NYJ,24,Home,0,1,7,7,0
2009_03_KC_PHI,2009,REG,3,2009-09-27,Sunday,13:00,KC,14,PHI,34,Home,0,7.5,7,7,0
2009_03_GB_STL,2009,REG,3,2009-09-27,Sunday,13:00,GB,36,STL,17,Home,0,-6.5,7,7,0
2009_03_NYG_TB,2009,REG,3,2009-09-27,Sunday,13:00,NYG,24,TB,0,Home,0,-6,7,7,0
2009_03_NO_BUF,2009,REG,3,2009-09-27,Sunday,16:05,NO,27,BUF,7,Home,0,-5.5,7,7,0
2009_03_CHI_SEA,2009,REG,3,2009-09-27,Sunday,16:05,CHI,25,SEA,19,Home,0,-1,7,7,0
2009_03_PIT_CIN,2009,REG,3,2009-09-27,Sunday,16:15,PIT,20,CIN,23,Home,0,-3.5,7,7,1
2009_03_DEN_OAK,2009,REG,3,2009-09-27,Sunday,16:15,DEN,23,OAK,3,Home,0,-1,7,7,1
2009_03_MIA_SD,2009,REG,3,2009-09-27,Sunday,16:15,MIA,13,SD,23,Home,0,5.5,6,7,0
2009_03_IND_ARI,2009,REG,3,2009-09-27,Sunday,20:20,IND,31,ARI,10,Home,0,3,6,7,0
2009_03_CAR_DAL,2009,REG,3,2009-09-28,Monday,20:30,CAR,7,DAL,21,Home,0,9,8,8,0
2009_04_DET_CHI,2009,REG,4,2009-10-04,Sunday,13:00,DET,24,CHI,48,Home,0,9.5,7,7,1
2009_04_CIN_CLE,2009,REG,4,2009-10-04,Sunday,13:00,CIN,23,CLE,20,Home,1,-6,7,7,1
2009_04_OAK_HOU,2009,REG,4,2009-10-04,Sunday,13:00,OAK,6,HOU,29,Home,0,9,7,7,0
2009_04_SEA_IND,2009,REG,4,2009-10-04,Sunday,13:00,SEA,17,IND,34,Home,0,10,7,7,0
2009_04_TEN_JAX,2009,REG,4,2009-10-04,Sunday,13:00,TEN,17,JAX,37,Home,0,-3,7,7,1
2009_04_NYG_KC,2009,REG,4,2009-10-04,Sunday,13:00,NYG,27,KC,16,Home,0,-9,7,7,0
2009_04_BAL_NE,2009,REG,4,2009-10-04,Sunday,13:00,BAL,21,NE,27,Home,0,1,7,7,0
2009_04_TB_WAS,2009,REG,4,2009-10-04,Sunday,13:00,TB,13,WAS,16,Home,0,9.5,7,7,0
2009_04_BUF_MIA,2009,REG,4,2009-10-04,Sunday,16:05,BUF,10,MIA,38,Home,0,1,7,7,1
2009_04_NYJ_NO,2009,REG,4,2009-10-04,Sunday,16:05,NYJ,10,NO,24,Home,0,7.5,7,7,0
2009_04_DAL_DEN,2009,REG,4,2009-10-04,Sunday,16:15,DAL,10,DEN,17,Home,0,-1,6,7,0
2009_04_STL_SF,2009,REG,4,2009-10-04,Sunday,16:15,STL,0,SF,35,Home,0,9.5,7,7,1
2009_04_SD_PIT,2009,REG,4,2009-10-04,Sunday,20:20,SD,28,PIT,38,Home,0,5.5,7,7,0
2009_04_GB_MIN,2009,REG,4,2009-10-05,Monday,20:30,GB,23,MIN,30,Home,0,4.5,8,8,1
2009_05_CIN_BAL,2009,REG,5,2009-10-11,Sunday,13:00,CIN,17,BAL,14,Home,0,9,7,7,1
2009_05_CLE_BUF,2009,REG,5,2009-10-11,Sunday,13:00,CLE,6,BUF,3,Home,0,6,7,7,0
2009_05_WAS_CAR,2009,REG,5,2009-10-11,Sunday,13:00,WAS,17,CAR,20,Home,0,5,7,13,0
2009_05_PIT_DET,2009,REG,5,2009-10-11,Sunday,13:00,PIT,28,DET,20,Home,0,-11,7,7,0
2009_05_DAL_KC,2009,REG,5,2009-10-11,Sunday,13:00,DAL,26,KC,20,Home,1,-7,7,7,0
2009_05_OAK_NYG,2009,REG,5,2009-10-11,Sunday,13:00,OAK,7,NYG,44,Home,0,15.5,7,7,0
2009_05_TB_PHI,2009,REG,5,2009-10-11,Sunday,13:00,TB,14,PHI,33,Home,0,15.5,7,14,0
2009_05_MIN_STL,2009,REG,5,2009-10-11,Sunday,13:00,MIN,38,STL,10,Home,0,-10,6,7,0
2009_05_ATL_SF,2009,REG,5,2009-10-11,Sunday,16:05,ATL,45,SF,10,Home,0,1,14,7,0
2009_05_HOU_ARI,2009,REG,5,2009-10-11,Sunday,16:15,HOU,21,ARI,28,Home,0,5.5,7,14,0
2009_05_NE_DEN,2009,REG,5,2009-10-11,Sunday,16:15,NE,17,DEN,20,Home,1,-3,7,7,0
2009_05_JAX_SEA,2009,REG,5,2009-10-11,Sunday,16:15,JAX,0,SEA,41,Home,0,1,7,7,0
2009_05_IND_TEN,2009,REG,5,2009-10-11,Sunday,20:20,IND,31,TEN,9,Home,0,-3,7,7,1
2009_05_NYJ_MIA,2009,REG,5,2009-10-12,Monday,20:30,NYJ,27,MIA,31,Home,0,-3,8,8,1
2009_06_HOU_CIN,2009,REG,6,2009-10-18,Sunday,13:00,HOU,28,CIN,17,Home,0,4,7,7,0
2009_06_DET_GB,2009,REG,6,2009-10-18,Sunday,13:00,DET,0,GB,26,Home,0,14,7,13,1
2009_06_STL_JAX,2009,REG,6,2009-10-18,Sunday,13:00,STL,20,JAX,23,Home,1,9.5,7,7,0
2009_06_BAL_MIN,2009,REG,6,2009-10-18,Sunday,13:00,BAL,31,MIN,33,Home,0,3,7,7,0
2009_06_NYG_NO,2009,REG,6,2009-10-18,Sunday,13:00,NYG,27,NO,48,Home,0,3.5,7,14,0
2009_06_CLE_PIT,2009,REG,6,2009-10-18,Sunday,13:00,CLE,14,PIT,27,Home,0,14,7,7,1
2009_06_CAR_TB,2009,REG,6,2009-10-18,Sunday,13:00,CAR,28,TB,21,Home,0,-3,7,7,1
2009_06_KC_WAS,2009,REG,6,2009-10-18,Sunday,13:00,KC,14,WAS,6,Home,0,6.5,7,7,0
2009_06_PHI_OAK,2009,REG,6,2009-10-18,Sunday,16:05,PHI,9,OAK,13,Home,0,-14,7,7,0
2009_06_ARI_SEA,2009,REG,6,2009-10-18,Sunday,16:05,ARI,27,SEA,3,Home,0,3,7,7,1
2009_06_TEN_NE,2009,REG,6,2009-10-18,Sunday,16:15,TEN,0,NE,59,Home,0,9.5,7,7,0
2009_06_BUF_NYJ,2009,REG,6,2009-10-18,Sunday,16:15,BUF,16,NYJ,13,Home,1,9.5,7,6,1
2009_06_CHI_ATL,2009,REG,6,2009-10-18,Sunday,20:20,CHI,14,ATL,21,Home,0,4,14,7,0
2009_06_DEN_SD,2009,REG,6,2009-10-19,Monday,20:30,DEN,34,SD,23,Home,0,3.5,8,15,1
2009_07_GB_CLE,2009,REG,7,2009-10-25,Sunday,13:00,GB,31,CLE,3,Home,0,-9.5,7,7,0
2009_07_SF_HOU,2009,REG,7,2009-10-25,Sunday,13:00,SF,21,HOU,24,Home,0,3,14,7,0
2009_07_SD_KC,2009,REG,7,2009-10-25,Sunday,13:00,SD,37,KC,7,Home,0,-5.5,6,7,1
2009_07_MIN_PIT,2009,REG,7,2009-10-25,Sunday,13:00,MIN,17,PIT,27,Home,0,6,7,7,0
2009_07_IND_STL,2009,REG,7,2009-10-25,Sunday,13:00,IND,42,STL,6,Home,0,-14,14,7,0
2009_07_NE_TB,2009,REG,7,2009-10-25,Sunday,13:00,NE,35,TB,7,Neutral,0,-15.5,7,7,0
2009_07_BUF_CAR,2009,REG,7,2009-10-25,Sunday,16:05,BUF,20,CAR,9,Home,0,7,7,7,0
2009_07_NYJ_OAK,2009,REG,7,2009-10-25,Sunday,16:05,NYJ,38,OAK,0,Home,0,-6,7,7,0
2009_07_CHI_CIN,2009,REG,7,2009-10-25,Sunday,16:15,CHI,10,CIN,45,Home,0,-1,7,7,0
2009_07_ATL_DAL,2009,REG,7,2009-10-25,Sunday,16:15,ATL,21,DAL,37,Home,0,5.5,7,14,0
2009_07_NO_MIA,2009,REG,7,2009-10-25,Sunday,16:15,NO,46,MIA,34,Home,0,-6,7,13,0
2009_07_ARI_NYG,2009,REG,7,2009-10-25,Sunday,20:20,ARI,24,NYG,17,Home,0,9,7,7,0
2009_07_PHI_WAS,2009,REG,7,2009-10-26,Monday,20:30,PHI,27,WAS,17,Home,0,-9,8,8,1
2009_08_DEN_BAL,2009,REG,8,2009-11-01,Sunday,13:00,DEN,7,BAL,30,Home,0,4.5,13,14,0
2009_08_HOU_BUF,2009,REG,8,2009-11-01,Sunday,13:00,HOU,31,BUF,10,Home,0,-3.5,7,7,0
2009_08_CLE_CHI,2009,REG,8,2009-11-01,Sunday,13:00,CLE,6,CHI,30,Home,0,11.5,7,7,0
2009_08_SEA_DAL,2009,REG,8,2009-11-01,Sunday,13:00,SEA,17,DAL,38,Home,0,10,14,7,0
2009_08_STL_DET,2009,REG,8,2009-11-01,Sunday,13:00,STL,17,DET,10,Home,0,3.5,7,14,0
2009_08_SF_IND,2009,REG,8,2009-11-01,Sunday,13:00,SF,14,IND,18,Home,0,13,7,7,0
2009_08_MIA_NYJ,2009,REG,8,2009-11-01,Sunday,13:00,MIA,30,NYJ,25,Home,0,3.5,7,7,1
2009_08_NYG_PHI,2009,REG,8,2009-11-01,Sunday,13:00,NYG,17,PHI,40,Home,0,-1,7,6,1
2009_08_OAK_SD,2009,REG,8,2009-11-01,Sunday,16:05,OAK,16,SD,24,Home,0,16,7,7,1
2009_08_JAX_TEN,2009,REG,8,2009-11-01,Sunday,16:05,JAX,13,TEN,30,Home,0,3,14,14,1
2009_08_CAR_ARI,2009,REG,8,2009-11-01,Sunday,16:15,CAR,34,ARI,21,Home,0,10,7,7,0
2009_08_MIN_GB,2009,REG,8,2009-11-01,Sunday,16:15,MIN,38,GB,26,Home,0,3.5,7,7,1
2009_08_ATL_NO,2009,REG,8,2009-11-02,Monday,20:30,ATL,27,NO,35,Home,0,11,8,8,1
2009_09_WAS_ATL,2009,REG,9,2009-11-08,Sunday,13:00,WAS,17,ATL,31,Home,0,9,13,6,0
2009_09_ARI_CHI,2009,REG,9,2009-11-08,Sunday,13:00,ARI,41,CHI,21,Home,0,1,7,7,0
2009_09_BAL_CIN,2009,REG,9,2009-11-08,Sunday,13:00,BAL,7,CIN,17,Home,0,-3,7,14,1
2009_09_HOU_IND,2009,REG,9,2009-11-08,Sunday,13:00,HOU,17,IND,20,Home,0,7.5,7,7,1
2009_09_KC_JAX,2009,REG,9,2009-11-08,Sunday,13:00,KC,21,JAX,24,Home,0,7,14,7,0
2009_09_MIA_NE,2009,REG,9,2009-11-08,Sunday,13:00,MIA,17,NE,27,Home,0,10.5,7,14,1
2009_09_GB_TB,2009,REG,9,2009-11-08,Sunday,13:00,GB,28,TB,38,Home,0,-9.5,7,14,0
2009_09_CAR_NO,2009,REG,9,2009-11-08,Sunday,16:05,CAR,20,NO,30,Home,0,12.5,7,6,1
2009_09_DET_SEA,2009,REG,9,2009-11-08,Sunday,16:05,DET,20,SEA,32,Home,0,11,7,7,0
2009_09_SD_NYG,2009,REG,9,2009-11-08,Sunday,16:15,SD,21,NYG,20,Home,0,5,7,7,0
2009_09_TEN_SF,2009,REG,9,2009-11-08,Sunday,16:15,TEN,34,SF,27,Home,0,4.5,7,7,0
2009_09_DAL_PHI,2009,REG,9,2009-11-08,Sunday,20:20,DAL,20,PHI,16,Home,0,3,7,7,1
2009_09_PIT_DEN,2009,REG,9,2009-11-09,Monday,20:30,PIT,28,DEN,10,Home,0,-3,15,8,0
2009_10_CHI_SF,2009,REG,10,2009-11-12,Thursday,20:20,CHI,6,SF,10,Home,0,3.5,4,4,0
2009_10_ATL_CAR,2009,REG,10,2009-11-15,Sunday,13:00,ATL,19,CAR,28,Home,0,-1,7,7,1
2009_10_TB_MIA,2009,REG,10,2009-11-15,Sunday,13:00,TB,23,MIA,25,Home,0,10,7,7,0
2009_10_DET_MIN,2009,REG,10,2009-11-15,Sunday,13:00,DET,10,MIN,27,Home,0,17,7,14,1
2009_10_JAX_NYJ,2009,REG,10,2009-11-15,Sunday,13:00,JAX,24,NYJ,22,Home,0,6.5,7,14,0
2009_10_CIN_PIT,2009,REG,10,2009-11-15,Sunday,13:00,CIN,18,PIT,12,Home,0,6.5,7,6,1
2009_10_NO_STL,2009,REG,10,2009-11-15,Sunday,13:00,NO,28,STL,23,Home,0,-14,7,14,0
2009_10_BUF_TEN,2009,REG,10,2009-11-15,Sunday,13:00,BUF,17,TEN,41,Home,0,9,14,7,0
2009_10_DEN_WAS,2009,REG,10,2009-11-15,Sunday,13:00,DEN,17,WAS,27,Home,0,-3.5,6,7,0
2009_10_KC_OAK,2009,REG,10,2009-11-15,Sunday,16:05,KC,16,OAK,10,Home,0,1,7,14,1
2009_10_SEA_ARI,2009,REG,10,2009-11-15,Sunday,16:15,SEA,20,ARI,31,Home,0,9,7,7,1
2009_10_DAL_GB,2009,REG,10,2009-11-15,Sunday,16:15,DAL,7,GB,17,Home,0,-3,7,7,0
2009_10_PHI_SD,2009,REG,10,2009-11-15,Sunday,16:15,PHI,23,SD,31,Home,0,1,7,7,0
2009_10_NE_IND,2009,REG,10,2009-11-15,Sunday,20:20,NE,34,IND,35,Home,0,1,7,7,0
2009_10_BAL_CLE,2009,REG,10,2009-11-16,Monday,20:30,BAL,16,CLE,0,Home,0,-10.5,8,15,1
2009_11_MIA_CAR,2009,REG,11,2009-11-19,Thursday,20:20,MIA,24,CAR,17,Home,0,3.5,4,4,0
2009_11_IND_BAL,2009,REG,11,2009-11-22,Sunday,13:00,IND,17,BAL,15,Home,0,-1,7,6,0
2009_11_WAS_DAL,2009,REG,11,2009-11-22,Sunday,13:00,WAS,6,DAL,7,Home,0,11,7,7,1
2009_11_CLE_DET,2009,REG,11,2009-11-22,Sunday,13:00,CLE,37,DET,38,Home,0,3.5,6,7,0
2009_11_SF_GB,2009,REG,11,2009-11-22,Sunday,13:00,SF,24,GB,30,Home,0,6,10,7,0
2009_11_BUF_JAX,2009,REG,11,2009-11-22,Sunday,13:00,BUF,15,JAX,18,Home,0,9,7,7,0
2009_11_PIT_KC,2009,REG,11,2009-11-22,Sunday,13:00,PIT,24,KC,27,Home,1,-10.5,7,7,0
2009_11_SEA_MIN,2009,REG,11,2009-11-22,Sunday,13:00,SEA,9,MIN,35,Home,0,10.5,7,7,0
2009_11_ATL_NYG,2009,REG,11,2009-11-22,Sunday,13:00,ATL,31,NYG,34,Home,1,7,7,14,0
2009_11_NO_TB,2009,REG,11,2009-11-22,Sunday,13:00,NO,38,TB,7,Home,0,-10.5,7,7,1
2009_11_ARI_STL,2009,REG,11,2009-11-22,Sunday,16:05,ARI,21,STL,13,Home,0,-9.5,7,7,1
2009_11_SD_DEN,2009,REG,11,2009-11-22,Sunday,16:15,SD,32,DEN,3,Home,0,-6.5,7,7,1
2009_11_NYJ_NE,2009,REG,11,2009-11-22,Sunday,16:15,NYJ,14,NE,31,Home,0,10.5,7,7,1
2009_11_CIN_OAK,2009,REG,11,2009-11-22,Sunday,16:15,CIN,17,OAK,20,Home,0,-9,7,7,0
2009_11_PHI_CHI,2009,REG,11,2009-11-22,Sunday,20:20,PHI,24,CHI,20,Home,0,-3.5,7,10,0
2009_11_TEN_HOU,2009,REG,11,2009-11-23,Monday,20:30,TEN,20,HOU,17,Home,0,4,8,15,1
2009_12_GB_DET,2009,REG,12,2009-11-26,Thursday,12:30,GB,34,DET,12,Home,0,-11,4,4,1
2009_12_OAK_DAL,2009,REG,12,2009-11-26,Thursday,16:15,OAK,7,DAL,24,Home,0,13.5,4,4,0
2009_12_NYG_DEN,2009,REG,12,2009-11-26,Thursday,20:20,NYG,6,DEN,26,Home,0,-4.5,4,4,0
2009_12_TB_ATL,2009,REG,12,2009-11-29,Sunday,13:00,TB,17,ATL,20,Home,0,12,7,7,1
2009_12_MIA_BUF,2009,REG,12,2009-11-29,Sunday,13:00,MIA,14,BUF,31,Home,0,-3.5,10,7,1
2009_12_CLE_CIN,2009,REG,12,2009-11-29,Sunday,13:00,CLE,7,CIN,16,Home,0,12,7,7,1
2009_12_IND_HOU,2009,REG,12,2009-11-29,Sunday,13:00,IND,35,HOU,27,Home,0,-3,7,6,1
2009_12_CAR_NYJ,2009,REG,12,2009-11-29,Sunday,13:00,CAR,6,NYJ,17,Home,0,3.5,10,7,0
2009_12_WAS_PHI,2009,REG,12,2009-11-29,Sunday,13:00,WAS,24,PHI,27,Home,0,9.5,7,7,1
2009_12_SEA_STL,2009,REG,12,2009-11-29,Sunday,13:00,SEA,27,STL,17,Home,0,-3.5,7,7,1
2009_12_KC_SD,2009,REG,12,2009-11-29,Sunday,16:05,KC,14,SD,43,Home,0,13,7,7,1
2009_12_JAX_SF,2009,REG,12,2009-11-29,Sunday,16:05,JAX,3,SF,20,Home,0,3,7,7,0
2009_12_CHI_MIN,2009,REG,12,2009-11-29,Sunday,16:15,CHI,10,MIN,36,Home,0,10,7,7,1
2009_12_ARI_TEN,2009,REG,12,2009-11-29,Sunday,16:15,ARI,17,TEN,20,Home,0,3.5,7,6,0
2009_12_PIT_BAL,2009,REG,12,2009-11-29,Sunday,20:20,PIT,17,BAL,20,Home,1,9,7,7,1
2009_12_NE_NO,2009,REG,12,2009-11-30,Monday,20:30,NE,17,NO,38,Home,0,1,8,8,0
2009_13_NYJ_BUF,2009,REG,13,2009-12-03,Thursday,20:20,NYJ,19,BUF,13,Home,0,-3.5,4,4,1
2009_13_PHI_ATL,2009,REG,13,2009-12-06,Sunday,13:00,PHI,34,ATL,7,Home,0,-4,7,7,0
2009_13_TB_CAR,2009,REG,13,2009-12-06,Sunday,13:00,TB,6,CAR,16,Home,0,3.5,7,7,1
2009_13_STL_CHI,2009,REG,13,2009-12-06,Sunday,13:00,STL,9,CHI,17,Home,0,9.5,7,7,0
2009_13_DET_CIN,2009,REG,13,2009-12-06,Sunday,13:00,DET,13,CIN,23,Home,0,13.5,10,7,0
2009_13_TEN_IND,2009,REG,13,2009-12-06,Sunday,13:00,TEN,17,IND,27,Home,0,6,7,7,1
2009_13_HOU_JAX,2009,REG,13,2009-12-06,Sunday,13:00,HOU,18,JAX,23,Home,0,-1,7,7,1
2009_13_DEN_KC,2009,REG,13,2009-12-06,Sunday,13:00,DEN,44,KC,13,Home,0,-6,10,7,1
2009_13_NE_MIA,2009,REG,13,2009-12-06,Sunday,13:00,NE,21,MIA,22,Home,0,-4.5,6,7,1
2009_13_OAK_PIT,2009,REG,13,2009-12-06,Sunday,13:00,OAK,27,PIT,24,Home,0,14.5,10,7,0
2009_13_NO_WAS,2009,REG,13,2009-12-06,Sunday,13:00,NO,33,WAS,30,Home,1,-9,6,7,0
2009_13_SD_CLE,2009,REG,13,2009-12-06,Sunday,16:05,SD,30,CLE,23,Home,0,-13.5,7,7,0
2009_13_DAL_NYG,2009,REG,13,2009-12-06,Sunday,16:15,DAL,24,NYG,31,Home,0,-1,10,10,1
2009_13_SF_SEA,2009,REG,13,2009-12-06,Sunday,16:15,SF,17,SEA,20,Home,0,-1,7,7,1
2009_13_MIN_ARI,2009,REG,13,2009-12-06,Sunday,20:20,MIN,17,ARI,30,Home,0,-3.5,7,7,0
2009_13_BAL_GB,2009,REG,13,2009-12-07,Monday,20:30,BAL,14,GB,27,Home,0,4,8,11,0
2009_14_PIT_CLE,2009,REG,14,2009-12-10,Thursday,20:20,PIT,6,CLE,13,Home,0,-10,4,4,1
2009_14_NO_ATL,2009,REG,14,2009-12-13,Sunday,13:00,NO,26,ATL,23,Home,0,-10,7,7,1
2009_14_DET_BAL,2009,REG,14,2009-12-13,Sunday,13:00,DET,3,BAL,48,Home,0,14,7,6,0
2009_14_GB_CHI,2009,REG,14,2009-12-13,Sunday,13:00,GB,21,CHI,14,Home,0,-4,6,7,1
2009_14_SEA_HOU,2009,REG,14,2009-12-13,Sunday,13:00,SEA,7,HOU,34,Home,0,7,7,7,0
2009_14_DEN_IND,2009,REG,14,2009-12-13,Sunday,13:00,DEN,16,IND,28,Home,0,6.5,7,7,0
2009_14_MIA_JAX,2009,REG,14,2009-12-13,Sunday,13:00,MIA,14,JAX,10,Home,0,1,7,7,0
2009_14_BUF_KC,2009,REG,14,2009-12-13,Sunday,13:00,BUF,16,KC,10,Home,0,-3,10,7,0
2009_14_CIN_MIN,2009,REG,14,2009-12-13,Sunday,13:00,CIN,10,MIN,30,Home,0,6,7,7,0
2009_14_CAR_NE,2009,REG,14,2009-12-13,Sunday,13:00,CAR,10,NE,20,Home,0,12.5,7,7,0
2009_14_NYJ_TB,2009,REG,14,2009-12-13,Sunday,13:00,NYJ,26,TB,3,Home,0,-3.5,10,7,0
2009_14_WAS_OAK,2009,REG,14,2009-12-13,Sunday,16:05,WAS,34,OAK,13,Home,0,-1,7,7,0
2009_14_STL_TEN,2009,REG,14,2009-12-13,Sunday,16:05,STL,7,TEN,47,Home,0,13.5,7,7,0
2009_14_SD_DAL,2009,REG,14,2009-12-13,Sunday,16:15,SD,20,DAL,17,Home,0,3.5,7,7,0
2009_14_PHI_NYG,2009,REG,14,2009-12-13,Sunday,20:20,PHI,45,NYG,38,Home,0,-1,7,7,1
2009_14_ARI_SF,2009,REG,14,2009-12-14,Monday,20:30,ARI,9,SF,24,Home,0,-4,8,8,1
2009_15_IND_JAX,2009,REG,15,2009-12-17,Thursday,20:20,IND,35,JAX,31,Home,0,-3.5,4,4,1
2009_15_DAL_NO,2009,REG,15,2009-12-19,Saturday,20:20,DAL,24,NO,17,Home,0,7.5,6,6,0
2009_15_NE_BUF,2009,REG,15,2009-12-20,Sunday,13:00,NE,17,BUF,10,Home,0,-6.5,7,7,1
2009_15_ARI_DET,2009,REG,15,2009-12-20,Sunday,13:00,ARI,31,DET,24,Home,0,-14,6,7,0
2009_15_CLE_KC,2009,REG,15,2009-12-20,Sunday,13:00,CLE,41,KC,34,Home,0,1,10,7,0
2009_15_ATL_NYJ,2009,REG,15,2009-12-20,Sunday,13:00,ATL,10,NYJ,7,Home,0,5.5,7,7,0
2009_15_HOU_STL,2009,REG,15,2009-12-20,Sunday,13:00,HOU,16,STL,13,Home,0,-14,7,7,0
2009_15_MIA_TEN,2009,REG,15,2009-12-20,Sunday,13:00,MIA,24,TEN,27,Home,1,4.5,7,7,0
2009_15_OAK_DEN,2009,REG,15,2009-12-20,Sunday,16:05,OAK,20,DEN,19,Home,0,13.5,7,7,1
2009_15_CIN_SD,2009,REG,15,2009-12-20,Sunday,16:05,CIN,24,SD,27,Home,0,6.5,7,7,0
2009_15_CHI_BAL,2009,REG,15,2009-12-20,Sunday,16:15,CHI,7,BAL,31,Home,0,10.5,7,7,0
2009_15_SF_PHI,2009,REG,15,2009-12-20,Sunday,16:15,SF,13,PHI,27,Home,0,7,6,7,0
2009_15_GB_PIT,2009,REG,15,2009-12-20,Sunday,16:15,GB,36,PIT,37,Home,0,2.5,7,10,0
2009_15_TB_SEA,2009,REG,15,2009-12-20,Sunday,16:15,TB,24,SEA,7,Home,0,6.5,7,7,0
2009_15_MIN_CAR,2009,REG,15,2009-12-20,Sunday,20:20,MIN,7,CAR,26,Home,0,-9,7,7,0
2009_15_NYG_WAS,2009,REG,15,2009-12-21,Monday,20:30,NYG,45,WAS,12,Home,0,-1,8,8,1
2009_16_SD_TEN,2009,REG,16,2009-12-25,Friday,19:30,SD,42,TEN,17,Home,0,1,5,5,0
2009_16_BUF_ATL,2009,REG,16,2009-12-27,Sunday,13:00,BUF,3,ATL,31,Home,0,9,7,7,0
2009_16_KC_CIN,2009,REG,16,2009-12-27,Sunday,13:00,KC,10,CIN,17,Home,0,13,7,7,0
2009_16_OAK_CLE,2009,REG,16,2009-12-27,Sunday,13:00,OAK,9,CLE,23,Home,0,3,7,7,0
2009_16_SEA_GB,2009,REG,16,2009-12-27,Sunday,13:00,SEA,10,GB,48,Home,0,13.5,7,7,0
2009_16_HOU_MIA,2009,REG,16,2009-12-27,Sunday,13:00,HOU,27,MIA,20,Home,0,1,7,7,0
2009_16_JAX_NE,2009,REG,16,2009-12-27,Sunday,13:00,JAX,7,NE,35,Home,0,9.5,10,7,0
2009_16_TB_NO,2009,REG,16,2009-12-27,Sunday,13:00,TB,20,NO,17,Home,1,14,7,8,1
2009_16_CAR_NYG,2009,REG,16,2009-12-27,Sunday,13:00,CAR,41,NYG,9,Home,0,9,7,6,0
2009_16_BAL_PIT,2009,REG,16,2009-12-27,Sunday,13:00,BAL,20,PIT,23,Home,0,3,7,7,1
2009_16_STL_ARI,2009,REG,16,2009-12-27,Sunday,16:05,STL,10,ARI,31,Home,0,16,7,7,1
2009_16_DET_SF,2009,REG,16,2009-12-27,Sunday,16:05,DET,6,SF,20,Home,0,14,7,7,0
2009_16_NYJ_IND,2009,REG,16,2009-12-27,Sunday,16:15,NYJ,29,IND,15,Home,0,3,7,10,0
2009_16_DEN_PHI,2009,REG,16,2009-12-27,Sunday,16:15,DEN,27,PHI,30,Home,0,7,7,7,0
2009_16_DAL_WAS,2009,REG,16,2009-12-27,Sunday,20:20,DAL,17,WAS,0,Home,0,-7,8,6,1
2009_16_MIN_CHI,2009,REG,16,2009-12-28,Monday,20:30,MIN,30,CHI,36,Home,1,-9,8,8,1
2009_17_IND_BUF,2009,REG,17,2010-01-03,Sunday,13:00,IND,7,BUF,30,Home,0,9,7,7,0
2009_17_NO_CAR,2009,REG,17,2010-01-03,Sunday,13:00,NO,10,CAR,23,Home,0,10,7,7,1
2009_17_JAX_CLE,2009,REG,17,2010-01-03,Sunday,13:00,JAX,17,CLE,23,Home,0,1,7,7,0
2009_17_CHI_DET,2009,REG,17,2010-01-03,Sunday,13:00,CHI,37,DET,23,Home,0,-4,6,7,1
2009_17_NE_HOU,2009,REG,17,2010-01-03,Sunday,13:00,NE,27,HOU,34,Home,0,9,7,7,0
2009_17_PIT_MIA,2009,REG,17,2010-01-03,Sunday,13:00,PIT,30,MIA,24,Home,0,-3,7,7,0
2009_17_NYG_MIN,2009,REG,17,2010-01-03,Sunday,13:00,NYG,7,MIN,44,Home,0,9,7,6,0
2009_17_SF_STL,2009,REG,17,2010-01-03,Sunday,13:00,SF,28,STL,6,Home,0,-7,7,7,1
2009_17_ATL_TB,2009,REG,17,2010-01-03,Sunday,13:00,ATL,20,TB,10,Home,0,-3,7,7,1
2009_17_GB_ARI,2009,REG,17,2010-01-03,Sunday,16:15,GB,33,ARI,7,Home,0,3,7,7,0
2009_17_PHI_DAL,2009,REG,17,2010-01-03,Sunday,16:15,PHI,0,DAL,24,Home,0,3,7,7,1
2009_17_KC_DEN,2009,REG,17,2010-01-03,Sunday,16:15,KC,44,DEN,24,Home,0,9.5,7,7,1
2009_17_BAL_OAK,2009,REG,17,2010-01-03,Sunday,16:15,BAL,21,OAK,13,Home,0,-10,7,7,0
2009_17_WAS_SD,2009,REG,17,2010-01-03,Sunday,16:15,WAS,20,SD,23,Home,0,3,7,9,0
2009_17_TEN_SEA,2009,REG,17,2010-01-03,Sunday,16:15,TEN,17,SEA,13,Home,0,-6,9,7,0
2009_17_CIN_NYJ,2009,REG,17,2010-01-03,Sunday,20:20,CIN,0,NYJ,37,Home,0,9.5,7,7,0
2009_18_NYJ_CIN,2009,WC,18,2010-01-09,Saturday,16:30,NYJ,24,CIN,14,Home,0,2.5,6,6,0
2009_18_PHI_DAL,2009,WC,18,2010-01-09,Saturday,20:00,PHI,14,DAL,34,Home,0,3.5,6,6,1
2009_18_BAL_NE,2009,WC,18,2010-01-10,Sunday,13:00,BAL,33,NE,14,Home,0,3.5,7,7,0
2009_18_GB_ARI,2009,WC,18,2010-01-10,Sunday,16:30,GB,45,ARI,51,Home,1,-2.5,7,7,0
2009_19_ARI_NO,2009,DIV,19,2010-01-16,Saturday,16:30,ARI,14,NO,45,Home,0,7,6,13,0
2009_19_BAL_IND,2009,DIV,19,2010-01-16,Saturday,20:15,BAL,3,IND,20,Home,0,6.5,6,13,0
2009_19_DAL_MIN,2009,DIV,19,2010-01-17,Sunday,13:00,DAL,3,MIN,34,Home,0,2.5,8,14,0
2009_19_NYJ_SD,2009,DIV,19,2010-01-17,Sunday,16:40,NYJ,17,SD,14,Home,0,9,8,14,0
2009_20_NYJ_IND,2009,CON,20,2010-01-24,Sunday,15:05,NYJ,17,IND,30,Home,0,8,7,8,0
2009_20_MIN_NO,2009,CON,20,2010-01-24,Sunday,18:40,MIN,28,NO,31,Home,1,4,7,8,0
2009_21_NO_IND,2009,SB,21,2010-02-07,Sunday,18:32,NO,31,IND,17,Neutral,0,4.5,14,14,0
2010_01_MIN_NO,2010,REG,1,2010-09-09,Thursday,20:30,MIN,9,NO,14,Home,0,4.5,7,7,0
2010_01_MIA_BUF,2010,REG,1,2010-09-12,Sunday,13:00,MIA,15,BUF,10,Home,0,-3,7,7,1
2010_01_DET_CHI,2010,REG,1,2010-09-12,Sunday,13:00,DET,14,CHI,19,Home,0,6.5,7,7,1
2010_01_IND_HOU,2010,REG,1,2010-09-12,Sunday,13:00,IND,24,HOU,34,Home,0,-1,7,7,1
2010_01_DEN_JAX,2010,REG,1,2010-09-12,Sunday,13:00,DEN,17,JAX,24,Home,0,3,7,7,0
2010_01_CIN_NE,2010,REG,1,2010-09-12,Sunday,13:00,CIN,24,NE,38,Home,0,5,7,7,0
2010_01_CAR_NYG,2010,REG,1,2010-09-12,Sunday,13:00,CAR,18,NYG,31,Home,0,5.5,7,7,0
2010_01_ATL_PIT,2010,REG,1,2010-09-12,Sunday,13:00,ATL,9,PIT,15,Home,1,-1,7,7,0
2010_01_CLE_TB,2010,REG,1,2010-09-12,Sunday,13:00,CLE,14,TB,17,Home,0,2.5,7,7,0
2010_01_OAK_TEN,2010,REG,1,2010-09-12,Sunday,13:00,OAK,13,TEN,38,Home,0,6.5,7,7,0
2010_01_GB_PHI,2010,REG,1,2010-09-12,Sunday,16:15,GB,27,PHI,20,Home,0,-3,7,7,0
2010_01_SF_SEA,2010,REG,1,2010-09-12,Sunday,16:15,SF,6,SEA,31,Home,0,-3,7,7,1
2010_01_ARI_STL,2010,REG,1,2010-09-12,Sunday,16:15,ARI,17,STL,13,Home,0,-3,7,7,1
2010_01_DAL_WAS,2010,REG,1,2010-09-12,Sunday,20:20,DAL,7,WAS,13,Home,0,-3.5,7,7,1
2010_01_BAL_NYJ,2010,REG,1,2010-09-13,Monday,19:00,BAL,10,NYJ,9,Home,0,1,7,7,0
2010_01_SD_KC,2010,REG,1,2010-09-13,Monday,22:15,SD,14,KC,21,Home,0,-4,7,7,1
2010_02_ARI_ATL,2010,REG,2,2010-09-19,Sunday,13:00,ARI,7,ATL,41,Home,0,7,7,7,0
2010_02_TB_CAR,2010,REG,2,2010-09-19,Sunday,13:00,TB,20,CAR,7,Home,0,4,7,7,1
2010_02_BAL_CIN,2010,REG,2,2010-09-19,Sunday,13:00,BAL,10,CIN,15,Home,0,-2.5,6,7,1
2010_02_KC_CLE,2010,REG,2,2010-09-19,Sunday,13:00,KC,16,CLE,14,Home,0,3,6,7,0
2010_02_CHI_DAL,2010,REG,2,2010-09-19,Sunday,13:00,CHI,27,DAL,20,Home,0,7,7,7,0
2010_02_PHI_DET,2010,REG,2,2010-09-19,Sunday,13:00,PHI,35,DET,32,Home,0,-6.5,7,7,0
2010_02_BUF_GB,2010,REG,2,2010-09-19,Sunday,13:00,BUF,7,GB,34,Home,0,12.5,7,7,0
2010_02_MIA_MIN,2010,REG,2,2010-09-19,Sunday,13:00,MIA,14,MIN,10,Home,0,5.5,7,10,0
2010_02_PIT_TEN,2010,REG,2,2010-09-19,Sunday,13:00,PIT,19,TEN,11,Home,0,6,7,7,0
2010_02_SEA_DEN,2010,REG,2,2010-09-19,Sunday,16:05,SEA,14,DEN,31,Home,0,3.5,7,7,0
2010_02_STL_OAK,2010,REG,2,2010-09-19,Sunday,16:05,STL,14,OAK,16,Home,0,3,7,7,0
2010_02_NE_NYJ,2010,REG,2,2010-09-19,Sunday,16:15,NE,14,NYJ,28,Home,0,-3,7,6,1
2010_02_JAX_SD,2010,REG,2,2010-09-19,Sunday,16:15,JAX,13,SD,38,Home,0,7,7,6,0
2010_02_HOU_WAS,2010,REG,2,2010-09-19,Sunday,16:15,HOU,30,WAS,27,Home,1,-2.5,7,7,0
2010_02_NYG_IND,2010,REG,2,2010-09-19,Sunday,20:20,NYG,14,IND,38,Home,0,4,7,7,0
2010_02_NO_SF,2010,REG,2,2010-09-20,Monday,20:30,NO,25,SF,22,Home,0,-4.5,11,8,0
2010_03_CLE_BAL,2010,REG,3,2010-09-26,Sunday,13:00,CLE,17,BAL,24,Home,0,12,7,7,1
2010_03_CIN_CAR,2010,REG,3,2010-09-26,Sunday,13:00,CIN,20,CAR,7,Home,0,-3,7,7,0
2010_03_DAL_HOU,2010,REG,3,2010-09-26,Sunday,13:00,DAL,27,HOU,13,Home,0,1.5,7,7,0
2010_03_SF_KC,2010,REG,3,2010-09-26,Sunday,13:00,SF,10,KC,31,Home,0,-2.5,6,7,0
2010_03_DET_MIN,2010,REG,3,2010-09-26,Sunday,13:00,DET,10,MIN,24,Home,0,13,7,7,1
2010_03_BUF_NE,2010,REG,3,2010-09-26,Sunday,13:00,BUF,30,NE,38,Home,0,14,7,7,1
2010_03_ATL_NO,2010,REG,3,2010-09-26,Sunday,13:00,ATL,27,NO,24,Home,1,3,7,6,1
2010_03_TEN_NYG,2010,REG,3,2010-09-26,Sunday,13:00,TEN,29,NYG,10,Home,0,3,7,7,0
2010_03_PIT_TB,2010,REG,3,2010-09-26,Sunday,13:00,PIT,38,TB,13,Home,0,-2,7,7,0
2010_03_PHI_JAX,2010,REG,3,2010-09-26,Sunday,16:05,PHI,28,JAX,3,Home,0,-2,7,7,0
2010_03_WAS_STL,2010,REG,3,2010-09-26,Sunday,16:05,WAS,16,STL,30,Home,0,-4.5,7,7,0
2010_03_OAK_ARI,2010,REG,3,2010-09-26,Sunday,16:15,OAK,23,ARI,24,Home,0,5.5,7,7,0
2010_03_IND_DEN,2010,REG,3,2010-09-26,Sunday,16:15,IND,27,DEN,13,Home,0,-5.5,7,7,0
2010_03_SD_SEA,2010,REG,3,2010-09-26,Sunday,16:15,SD,20,SEA,27,Home,0,-3.5,7,7,0
2010_03_NYJ_MIA,2010,REG,3,2010-09-26,Sunday,20:20,NYJ,31,MIA,23,Home,0,1,7,7,1
2010_03_GB_CHI,2010,REG,3,2010-09-27,Monday,20:30,GB,17,CHI,20,Home,0,-3,8,8,1
2010_04_SF_ATL,2010,REG,4,2010-10-03,Sunday,13:00,SF,14,ATL,16,Home,0,7,7,7,0
2010_04_NYJ_BUF,2010,REG,4,2010-10-03,Sunday,13:00,NYJ,38,BUF,14,Home,0,-5.5,7,7,1
2010_04_CIN_CLE,2010,REG,4,2010-10-03,Sunday,13:00,CIN,20,CLE,23,Home,0,-1.5,7,7,1
2010_04_DET_GB,2010,REG,4,2010-10-03,Sunday,13:00,DET,26,GB,28,Home,0,14.5,7,6,1
2010_04_CAR_NO,2010,REG,4,2010-10-03,Sunday,13:00,CAR,14,NO,16,Home,0,12.5,7,7,1
2010_04_BAL_PIT,2010,REG,4,2010-10-03,Sunday,13:00,BAL,17,PIT,14,Home,0,2,7,7,1
2010_04_SEA_STL,2010,REG,4,2010-10-03,Sunday,13:00,SEA,3,STL,20,Home,0,-1.5,7,7,1
2010_04_DEN_TEN,2010,REG,4,2010-10-03,Sunday,13:00,DEN,26,TEN,20,Home,0,6,7,7,0
2010_04_IND_JAX,2010,REG,4,2010-10-03,Sunday,16:05,IND,28,JAX,31,Home,0,-7,7,7,1
2010_04_HOU_OAK,2010,REG,4,2010-10-03,Sunday,16:05,HOU,31,OAK,24,Home,0,-3.5,7,7,0
2010_04_WAS_PHI,2010,REG,4,2010-10-03,Sunday,16:15,WAS,17,PHI,12,Home,0,5,7,7,1
2010_04_ARI_SD,2010,REG,4,2010-10-03,Sunday,16:15,ARI,10,SD,41,Home,0,10,7,7,0
2010_04_CHI_NYG,2010,REG,4,2010-10-03,Sunday,20:20,CHI,3,NYG,17,Home,0,3.5,6,7,0
2010_04_NE_MIA,2010,REG,4,2010-10-04,Monday,20:30,NE,41,MIA,14,Home,0,1,8,8,1
2010_05_DEN_BAL,2010,REG,5,2010-10-10,Sunday,13:00,DEN,17,BAL,31,Home,0,8,7,7,0
2010_05_JAX_BUF,2010,REG,5,2010-10-10,Sunday,13:00,JAX,36,BUF,26,Home,0,2.5,7,7,0
2010_05_CHI_CAR,2010,REG,5,2010-10-10,Sunday,13:00,CHI,23,CAR,6,Home,0,2.5,7,7,0
2010_05_TB_CIN,2010,REG,5,2010-10-10,Sunday,13:00,TB,24,CIN,21,Home,0,6.5,14,7,0
2010_05_ATL_CLE,2010,REG,5,2010-10-10,Sunday,13:00,ATL,20,CLE,10,Home,0,-3,7,7,0
2010_05_STL_DET,2010,REG,5,2010-10-10,Sunday,13:00,STL,6,DET,44,Home,0,3,7,7,0
2010_05_NYG_HOU,2010,REG,5,2010-10-10,Sunday,13:00,NYG,34,HOU,10,Home,0,3,7,7,0
2010_05_KC_IND,2010,REG,5,2010-10-10,Sunday,13:00,KC,9,IND,19,Home,0,7.5,14,7,0
2010_05_GB_WAS,2010,REG,5,2010-10-10,Sunday,13:00,GB,13,WAS,16,Home,1,-2.5,7,7,0
2010_05_NO_ARI,2010,REG,5,2010-10-10,Sunday,16:05,NO,20,ARI,30,Home,0,-6.5,7,7,0
2010_05_TEN_DAL,2010,REG,5,2010-10-10,Sunday,16:15,TEN,34,DAL,27,Home,0,6.5,7,14,0
2010_05_SD_OAK,2010,REG,5,2010-10-10,Sunday,16:15,SD,27,OAK,35,Home,0,-7,7,7,1
2010_05_PHI_SF,2010,REG,5,2010-10-10,Sunday,20:20,PHI,27,SF,24,Home,0,3,7,7,0
2010_05_MIN_NYJ,2010,REG,5,2010-10-11,Monday,21:15,MIN,20,NYJ,29,Home,0,4,15,8,0
2010_06_SEA_CHI,2010,REG,6,2010-10-17,Sunday,13:00,SEA,23,CHI,20,Home,0,6,14,7,0
2010_06_MIA_GB,2010,REG,6,2010-10-17,Sunday,13:00,MIA,23,GB,20,Home,1,3,13,7,0
2010_06_KC_HOU,2010,REG,6,2010-10-17,Sunday,13:00,KC,31,HOU,35,Home,0,4.5,7,7,0
2010_06_BAL_NE,2010,REG,6,2010-10-17,Sunday,13:00,BAL,20,NE,23,Home,1,3,7,13,0
2010_06_DET_NYG,2010,REG,6,2010-10-17,Sunday,13:00,DET,20,NYG,28,Home,0,10,7,7,0
2010_06_ATL_PHI,2010,REG,6,2010-10-17,Sunday,13:00,ATL,17,PHI,31,Home,0,1,7,7,0
2010_06_CLE_PIT,2010,REG,6,2010-10-17,Sunday,13:00,CLE,10,PIT,28,Home,0,14,7,14,1
2010_06_SD_STL,2010,REG,6,2010-10-17,Sunday,13:00,SD,17,STL,20,Home,0,-9.5,7,7,0
2010_06_NO_TB,2010,REG,6,2010-10-17,Sunday,13:00,NO,31,TB,6,Home,0,-5.5,7,7,1
2010_06_NYJ_DEN,2010,REG,6,2010-10-17,Sunday,16:05,NYJ,24,DEN,20,Home,0,-3.5,6,7,0
2010_06_OAK_SF,2010,REG,6,2010-10-17,Sunday,16:05,OAK,9,SF,17,Home,0,9,7,7,0
2010_06_DAL_MIN,2010,REG,6,2010-10-17,Sunday,16:15,DAL,21,MIN,24,Home,0,1,7,6,0
2010_06_IND_WAS,2010,REG,6,2010-10-17,Sunday,20:20,IND,27,WAS,24,Home,0,-3,7,7,0
2010_06_TEN_JAX,2010,REG,6,2010-10-18,Monday,20:30,TEN,30,JAX,3,Home,0,-3,8,8,1
2010_07_CIN_ATL,2010,REG,7,2010-10-24,Sunday,13:00,CIN,32,ATL,39,Home,0,3.5,14,7,0
2010_07_BUF_BAL,2010,REG,7,2010-10-24,Sunday,13:00,BUF,34,BAL,37,Home,1,12,14,7,0
2010_07_SF_CAR,2010,REG,7,2010-10-24,Sunday,13:00,SF,20,CAR,23,Home,0,-1,7,14,0
2010_07_WAS_CHI,2010,REG,7,2010-10-24,Sunday,13:00,WAS,17,CHI,14,Home,0,3,7,7,0
2010_07_JAX_KC,2010,REG,7,2010-10-24,Sunday,13:00,JAX,20,KC,42,Home,0,9,6,7,0
2010_07_PIT_MIA,2010,REG,7,2010-10-24,Sunday,13:00,PIT,23,MIA,22,Home,0,-3,7,7,0
2010_07_CLE_NO,2010,REG,7,2010-10-24,Sunday,13:00,CLE,30,NO,17,Home,0,12,7,7,0
2010_07_STL_TB,2010,REG,7,2010-10-24,Sunday,13:00,STL,17,TB,18,Home,0,3,7,7,0
2010_07_PHI_TEN,2010,REG,7,2010-10-24,Sunday,13:00,PHI,19,TEN,37,Home,0,3,7,6,0
2010_07_ARI_SEA,2010,REG,7,2010-10-24,Sunday,16:05,ARI,10,SEA,22,Home,0,6.5,14,7,1
2010_07_OAK_DEN,2010,REG,7,2010-10-24,Sunday,16:15,OAK,59,DEN,14,Home,0,7,7,7,1
2010_07_NE_SD,2010,REG,7,2010-10-24,Sunday,16:15,NE,23,SD,20,Home,0,2.5,7,7,0
2010_07_MIN_GB,2010,REG,7,2010-10-24,Sunday,20:20,MIN,24,GB,28,Home,0,2.5,7,7,1
2010_07_NYG_DAL,2010,REG,7,2010-10-25,Monday,20:30,NYG,41,DAL,35,Home,0,3.5,8,8,1
2010_08_MIA_CIN,2010,REG,8,2010-10-31,Sunday,13:00,MIA,22,CIN,14,Home,0,-1,7,7,0
2010_08_JAX_DAL,2010,REG,8,2010-10-31,Sunday,13:00,JAX,35,DAL,17,Home,0,6.5,7,6,0
2010_08_WAS_DET,2010,REG,8,2010-10-31,Sunday,13:00,WAS,25,DET,37,Home,0,2.5,7,14,0
2010_08_BUF_KC,2010,REG,8,2010-10-31,Sunday,13:00,BUF,10,KC,13,Home,1,7,7,7,0
2010_08_GB_NYJ,2010,REG,8,2010-10-31,Sunday,13:00,GB,9,NYJ,0,Home,0,6.5,7,14,0
2010_08_DEN_SF,2010,REG,8,2010-10-31,Sunday,13:00,DEN,16,SF,24,Neutral,0,2,7,7,0
2010_08_CAR_STL,2010,REG,8,2010-10-31,Sunday,13:00,CAR,10,STL,20,Home,0,2.5,7,7,0
2010_08_TEN_SD,2010,REG,8,2010-10-31,Sunday,16:05,TEN,25,SD,33,Home,0,6,7,7,0
2010_08_TB_ARI,2010,REG,8,2010-10-31,Sunday,16:15,TB,38,ARI,35,Home,0,3,7,7,0
2010_08_MIN_NE,2010,REG,8,2010-10-31,Sunday,16:15,MIN,18,NE,28,Home,0,5,7,7,0
2010_08_SEA_OAK,2010,REG,8,2010-10-31,Sunday,16:15,SEA,3,OAK,33,Home,0,1.5,7,7,0
2010_08_PIT_NO,2010,REG,8,2010-10-31,Sunday,20:20,PIT,10,NO,20,Home,0,1,7,7,0
2010_08_HOU_IND,2010,REG,8,2010-11-01,Monday,20:30,HOU,17,IND,30,Home,0,5.5,15,15,1
2010_09_TB_ATL,2010,REG,9,2010-11-07,Sunday,13:00,TB,21,ATL,27,Home,0,10,7,14,1
2010_09_MIA_BAL,2010,REG,9,2010-11-07,Sunday,13:00,MIA,10,BAL,26,Home,0,5,7,14,0
2010_09_CHI_BUF,2010,REG,9,2010-11-07,Sunday,13:00,CHI,22,BUF,19,Home,0,-3,14,7,0
2010_09_NO_CAR,2010,REG,9,2010-11-07,Sunday,13:00,NO,34,CAR,3,Home,0,-5.5,7,7,1
2010_09_NE_CLE,2010,REG,9,2010-11-07,Sunday,13:00,NE,14,CLE,34,Home,0,-4,7,14,0
2010_09_NYJ_DET,2010,REG,9,2010-11-07,Sunday,13:00,NYJ,23,DET,20,Home,1,-5.5,7,7,0
2010_09_SD_HOU,2010,REG,9,2010-11-07,Sunday,13:00,SD,29,HOU,23,Home,0,-3,7,6,0
2010_09_ARI_MIN,2010,REG,9,2010-11-07,Sunday,13:00,ARI,24,MIN,27,Home,1,7,7,7,0
2010_09_NYG_SEA,2010,REG,9,2010-11-07,Sunday,16:05,NYG,41,SEA,7,Home,0,-7,13,7,0
2010_09_KC_OAK,2010,REG,9,2010-11-07,Sunday,16:15,KC,20,OAK,23,Home,1,-1,7,7,1
2010_09_IND_PHI,2010,REG,9,2010-11-07,Sunday,16:15,IND,24,PHI,26,Home,0,3.5,6,14,0
2010_09_DAL_GB,2010,REG,9,2010-11-07,Sunday,20:20,DAL,7,GB,45,Home,0,7,7,7,0
2010_09_PIT_CIN,2010,REG,9,2010-11-08,Monday,20:30,PIT,27,CIN,21,Home,0,-5,8,8,1
2010_10_BAL_ATL,2010,REG,10,2010-11-11,Thursday,20:20,BAL,21,ATL,26,Home,0,1,4,4,0
2010_10_DET_BUF,2010,REG,10,2010-11-14,Sunday,13:00,DET,12,BUF,14,Home,0,1.5,7,7,0
2010_10_MIN_CHI,2010,REG,10,2010-11-14,Sunday,13:00,MIN,13,CHI,27,Home,0,1,7,7,1
2010_10_NYJ_CLE,2010,REG,10,2010-11-14,Sunday,13:00,NYJ,26,CLE,20,Home,1,-3.5,7,7,0
2010_10_CIN_IND,2010,REG,10,2010-11-14,Sunday,13:00,CIN,17,IND,23,Home,0,6.5,6,7,0
2010_10_HOU_JAX,2010,REG,10,2010-11-14,Sunday,13:00,HOU,24,JAX,31,Home,0,1,7,14,1
2010_10_TEN_MIA,2010,REG,10,2010-11-14,Sunday,13:00,TEN,17,MIA,29,Home,0,1,14,7,0
2010_10_CAR_TB,2010,REG,10,2010-11-14,Sunday,13:00,CAR,16,TB,31,Home,0,7,7,7,1
2010_10_KC_DEN,2010,REG,10,2010-11-14,Sunday,16:05,KC,29,DEN,49,Home,0,-1,7,14,1
2010_10_SEA_ARI,2010,REG,10,2010-11-14,Sunday,16:15,SEA,36,ARI,18,Home,0,3.5,7,7,1
2010_10_DAL_NYG,2010,REG,10,2010-11-14,Sunday,16:15,DAL,33,NYG,20,Home,0,11.5,7,7,1
2010_10_STL_SF,2010,REG,10,2010-11-14,Sunday,16:15,STL,20,SF,23,Home,1,4.5,14,14,1
2010_10_NE_PIT,2010,REG,10,2010-11-14,Sunday,20:20,NE,39,PIT,26,Home,0,4.5,7,6,0
2010_10_PHI_WAS,2010,REG,10,2010-11-15,Monday,20:30,PHI,59,WAS,28,Home,0,-3.5,8,15,1
2010_11_CHI_MIA,2010,REG,11,2010-11-18,Thursday,20:20,CHI,16,MIA,0,Home,0,2.5,4,4,0
2010_11_BAL_CAR,2010,REG,11,2010-11-21,Sunday,13:00,BAL,37,CAR,13,Home,0,-13,10,7,0
2010_11_BUF_CIN,2010,REG,11,2010-11-21,Sunday,13:00,BUF,49,CIN,31,Home,0,4,7,7,0
2010_11_DET_DAL,2010,REG,11,2010-11-21,Sunday,13:00,DET,19,DAL,35,Home,0,5,7,7,0
2010_11_CLE_JAX,2010,REG,11,2010-11-21,Sunday,13:00,CLE,20,JAX,24,Home,0,2.5,7,7,0
2010_11_ARI_KC,2010,REG,11,2010-11-21,Sunday,13:00,ARI,13,KC,31,Home,0,7,7,7,0
2010_11_GB_MIN,2010,REG,11,2010-11-21,Sunday,13:00,GB,31,MIN,3,Home,0,-3,14,7,1
2010_11_HOU_NYJ,2010,REG,11,2010-11-21,Sunday,13:00,HOU,27,NYJ,30,Home,0,6.5,7,7,0
2010_11_OAK_PIT,2010,REG,11,2010-11-21,Sunday,13:00,OAK,3,PIT,35,Home,0,7,14,7,0
2010_11_WAS_TEN,2010,REG,11,2010-11-21,Sunday,13:00,WAS,19,TEN,16,Home,1,7,6,7,0
2010_11_SEA_NO,2010,REG,11,2010-11-21,Sunday,16:05,SEA,19,NO,34,Home,0,11,7,14,0
2010_11_TB_SF,2010,REG,11,2010-11-21,Sunday,16:05,TB,21,SF,0,Home,0,3.5,7,7,0
2010_11_ATL_STL,2010,REG,11,2010-11-21,Sunday,16:05,ATL,34,STL,17,Home,0,-3.5,10,7,0
2010_11_IND_NE,2010,REG,11,2010-11-21,Sunday,16:15,IND,28,NE,31,Home,0,4,7,7,0
2010_11_NYG_PHI,2010,REG,11,2010-11-21,Sunday,20:20,NYG,17,PHI,27,Home,0,3.5,7,6,1
2010_11_DEN_SD,2010,REG,11,2010-11-22,Monday,20:30,DEN,14,SD,35,Home,0,9,8,15,1
2010_12_NE_DET,2010,REG,12,2010-11-25,Thursday,12:30,NE,45,DET,24,Home,0,-6,4,4,0
2010_12_NO_DAL,2010,REG,12,2010-11-25,Thursday,16:15,NO,30,DAL,27,Home,0,-4.5,4,4,0
2010_12_CIN_NYJ,2010,REG,12,2010-11-25,Thursday,20:20,CIN,10,NYJ,26,Home,0,10,4,4,0
2010_12_GB_ATL,2010,REG,12,2010-11-28,Sunday,13:00,GB,17,ATL,20,Home,0,2.5,7,7,0
2010_12_PIT_BUF,2010,REG,12,2010-11-28,Sunday,13:00,PIT,19,BUF,16,Home,1,-6.5,7,7,0
2010_12_CAR_CLE,2010,REG,12,2010-11-28,Sunday,13:00,CAR,23,CLE,24,Home,0,9,7,7,0
2010_12_TEN_HOU,2010,REG,12,2010-11-28,Sunday,13:00,TEN,0,HOU,20,Home,0,5,7,7,1
2010_12_JAX_NYG,2010,REG,12,2010-11-28,Sunday,13:00,JAX,20,NYG,24,Home,0,8,7,7,0
2010_12_MIN_WAS,2010,REG,12,2010-11-28,Sunday,13:00,MIN,17,WAS,13,Home,0,-1,7,7,0
2010_12_MIA_OAK,2010,REG,12,2010-11-28,Sunday,16:05,MIA,33,OAK,17,Home,0,3,10,7,0
2010_12_KC_SEA,2010,REG,12,2010-11-28,Sunday,16:05,KC,42,SEA,24,Home,0,-1,7,7,0
2010_12_TB_BAL,2010,REG,12,2010-11-28,Sunday,16:15,TB,10,BAL,17,Home,0,7.5,7,7,0
2010_12_PHI_CHI,2010,REG,12,2010-11-28,Sunday,16:15,PHI,26,CHI,31,Home,0,-3,7,10,0
2010_12_STL_DEN,2010,REG,12,2010-11-28,Sunday,16:15,STL,36,DEN,33,Home,0,3,7,6,0
2010_12_SD_IND,2010,REG,12,2010-11-28,Sunday,20:20,SD,36,IND,14,Home,0,2,6,7,0
2010_12_SF_ARI,2010,REG,12,2010-11-29,Monday,20:30,SF,27,ARI,6,Home,0,-1,8,8,1
2010_13_HOU_PHI,2010,REG,13,2010-12-02,Thursday,20:20,HOU,24,PHI,34,Home,0,8.5,4,4,0
2010_13_NO_CIN,2010,REG,13,2010-12-05,Sunday,13:00,NO,34,CIN,30,Home,0,-6.5,10,10,0
2010_13_CHI_DET,2010,REG,13,2010-12-05,Sunday,13:00,CHI,24,DET,20,Home,0,-5,7,10,1
2010_13_SF_GB,2010,REG,13,2010-12-05,Sunday,13:00,SF,16,GB,34,Home,0,9,6,7,0
2010_13_DEN_KC,2010,REG,13,2010-12-05,Sunday,13:00,DEN,6,KC,10,Home,0,9,7,7,1
2010_13_CLE_MIA,2010,REG,13,2010-12-05,Sunday,13:00,CLE,13,MIA,10,Home,0,6,7,7,0
2010_13_BUF_MIN,2010,REG,13,2010-12-05,Sunday,13:00,BUF,14,MIN,38,Home,0,5,7,7,0
2010_13_WAS_NYG,2010,REG,13,2010-12-05,Sunday,13:00,WAS,7,NYG,31,Home,0,7,7,7,1
2010_13_JAX_TEN,2010,REG,13,2010-12-05,Sunday,13:00,JAX,17,TEN,6,Home,0,3,7,7,1
2010_13_OAK_SD,2010,REG,13,2010-12-05,Sunday,16:05,OAK,28,SD,13,Home,0,12.5,7,7,1
2010_13_STL_ARI,2010,REG,13,2010-12-05,Sunday,16:15,STL,19,ARI,6,Home,0,-3,7,6,1
2010_13_DAL_IND,2010,REG,13,2010-12-05,Sunday,16:15,DAL,38,IND,35,Home,1,5.5,10,7,0
2010_13_CAR_SEA,2010,REG,13,2010-12-05,Sunday,16:15,CAR,14,SEA,31,Home,0,4.5,7,7,0
2010_13_ATL_TB,2010,REG,13,2010-12-05,Sunday,16:15,ATL,28,TB,24,Home,0,-3,7,7,1
2010_13_PIT_BAL,2010,REG,13,2010-12-05,Sunday,20:20,PIT,13,BAL,10,Home,0,3,7,7,1
2010_13_NYJ_NE,2010,REG,13,2010-12-06,Monday,20:30,NYJ,3,NE,45,Home,0,4,11,11,1
2010_14_IND_TEN,2010,REG,14,2010-12-09,Thursday,20:20,IND,30,TEN,28,Home,0,-3,4,4,1
2010_14_CLE_BUF,2010,REG,14,2010-12-12,Sunday,13:00,CLE,6,BUF,13,Home,0,1,7,7,0
2010_14_ATL_CAR,2010,REG,14,2010-12-12,Sunday,13:00,ATL,31,CAR,10,Home,0,-7,7,7,1
2010_14_GB_DET,2010,REG,14,2010-12-12,Sunday,13:00,GB,3,DET,7,Home,0,-7,7,7,1
2010_14_OAK_JAX,2010,REG,14,2010-12-12,Sunday,13:00,OAK,31,JAX,38,Home,0,3.5,7,7,0
2010_14_CIN_PIT,2010,REG,14,2010-12-12,Sunday,13:00,CIN,7,PIT,23,Home,0,9,7,7,1
2010_14_TB_WAS,2010,REG,14,2010-12-12,Sunday,13:00,TB,17,WAS,16,Home,0,-1,7,7,0
2010_14_STL_NO,2010,REG,14,2010-12-12,Sunday,16:05,STL,13,NO,31,Home,0,9.5,7,7,0
2010_14_SEA_SF,2010,REG,14,2010-12-12,Sunday,16:05,SEA,21,SF,40,Home,0,4.5,7,7,1
2010_14_DEN_ARI,2010,REG,14,2010-12-12,Sunday,16:15,DEN,13,ARI,43,Home,0,-4,7,7,0
2010_14_NE_CHI,2010,REG,14,2010-12-12,Sunday,16:15,NE,36,CHI,7,Home,0,-3,6,7,0
2010_14_MIA_NYJ,2010,REG,14,2010-12-12,Sunday,16:15,MIA,10,NYJ,6,Home,0,5,7,6,1
2010_14_KC_SD,2010,REG,14,2010-12-12,Sunday,16:15,KC,0,SD,31,Home,0,10,7,7,1
2010_14_PHI_DAL,2010,REG,14,2010-12-12,Sunday,20:20,PHI,30,DAL,27,Home,0,-4,10,7,1
2010_14_NYG_MIN,2010,REG,14,2010-12-13,Monday,19:20,NYG,21,MIN,3,Neutral,0,-4.5,8,8,0
2010_14_BAL_HOU,2010,REG,14,2010-12-13,Monday,20:30,BAL,34,HOU,28,Home,1,-3,8,11,0
2010_15_SF_SD,2010,REG,15,2010-12-16,Thursday,20:20,SF,7,SD,34,Home,0,10,4,4,0
2010_15_NO_BAL,2010,REG,15,2010-12-19,Sunday,13:00,NO,24,BAL,30,Home,0,1,7,6,0
2010_15_ARI_CAR,2010,REG,15,2010-12-19,Sunday,13:00,ARI,12,CAR,19,Home,0,2.5,7,7,0
2010_15_CLE_CIN,2010,REG,15,2010-12-19,Sunday,13:00,CLE,17,CIN,19,Home,0,1,7,7,1
2010_15_WAS_DAL,2010,REG,15,2010-12-19,Sunday,13:00,WAS,30,DAL,33,Home,0,9.5,7,7,1
2010_15_JAX_IND,2010,REG,15,2010-12-19,Sunday,13:00,JAX,24,IND,34,Home,0,4,7,10,1
2010_15_BUF_MIA,2010,REG,15,2010-12-19,Sunday,13:00,BUF,17,MIA,14,Home,0,5.5,7,7,1
2010_15_PHI_NYG,2010,REG,15,2010-12-19,Sunday,13:00,PHI,38,NYG,31,Home,0,3,7,6,1
2010_15_KC_STL,2010,REG,15,2010-12-19,Sunday,13:00,KC,27,STL,13,Home,0,3,7,7,0
2010_15_DET_TB,2010,REG,15,2010-12-19,Sunday,13:00,DET,23,TB,20,Home,1,3.5,7,7,0
2010_15_HOU_TEN,2010,REG,15,2010-12-19,Sunday,13:00,HOU,17,TEN,31,Home,0,2,6,10,1
2010_15_ATL_SEA,2010,REG,15,2010-12-19,Sunday,16:05,ATL,34,SEA,18,Home,0,-5.5,7,7,0
2010_15_DEN_OAK,2010,REG,15,2010-12-19,Sunday,16:15,DEN,23,OAK,39,Home,0,9,7,7,1
2010_15_NYJ_PIT,2010,REG,15,2010-12-19,Sunday,16:15,NYJ,22,PIT,17,Home,0,3.5,7,7,0
2010_15_GB_NE,2010,REG,15,2010-12-19,Sunday,20:20,GB,27,NE,31,Home,0,14,7,7,0
2010_15_CHI_MIN,2010,REG,15,2010-12-20,Monday,20:30,CHI,40,MIN,14,Home,0,-5.5,8,7,1
2010_16_CAR_PIT,2010,REG,16,2010-12-23,Thursday,20:20,CAR,3,PIT,27,Home,0,14,4,4,0
2010_16_DAL_ARI,2010,REG,16,2010-12-25,Saturday,19:30,DAL,26,ARI,27,Home,0,-7,6,6,0
2010_16_NE_BUF,2010,REG,16,2010-12-26,Sunday,13:00,NE,34,BUF,3,Home,0,-7,7,7,1
2010_16_NYJ_CHI,2010,REG,16,2010-12-26,Sunday,13:00,NYJ,34,CHI,38,Home,0,1.5,7,6,0
2010_16_BAL_CLE,2010,REG,16,2010-12-26,Sunday,13:00,BAL,20,CLE,10,Home,0,-3.5,7,7,1
2010_16_WAS_JAX,2010,REG,16,2010-12-26,Sunday,13:00,WAS,20,JAX,17,Home,1,7,7,7,0
2010_16_TEN_KC,2010,REG,16,2010-12-26,Sunday,13:00,TEN,14,KC,34,Home,0,4,7,7,0
2010_16_DET_MIA,2010,REG,16,2010-12-26,Sunday,13:00,DET,34,MIA,27,Home,0,3.5,7,7,0
2010_16_SF_STL,2010,REG,16,2010-12-26,Sunday,13:00,SF,17,STL,25,Home,0,2,10,7,1
2010_16_SD_CIN,2010,REG,16,2010-12-26,Sunday,16:05,SD,20,CIN,34,Home,0,-9,10,7,0
2010_16_HOU_DEN,2010,REG,16,2010-12-26,Sunday,16:05,HOU,23,DEN,24,Home,0,-2,7,7,0
2010_16_IND_OAK,2010,REG,16,2010-12-26,Sunday,16:05,IND,31,OAK,26,Home,0,-1,7,7,0
2010_16_NYG_GB,2010,REG,16,2010-12-26,Sunday,16:15,NYG,17,GB,45,Home,0,3,7,7,0
2010_16_SEA_TB,2010,REG,16,2010-12-26,Sunday,16:15,SEA,15,TB,38,Home,0,5,7,7,0
2010_16_NO_ATL,2010,REG,16,2010-12-27,Monday,20:30,NO,17,ATL,14,Home,0,2,8,8,1
2010_16_MIN_PHI,2010,REG,16,2010-12-28,Tuesday,20:00,MIN,24,PHI,14,Home,0,14,8,9,0
2010_17_CAR_ATL,2010,REG,17,2011-01-02,Sunday,13:00,CAR,10,ATL,31,Home,0,14,10,6,1
2010_17_CIN_BAL,2010,REG,17,2011-01-02,Sunday,13:00,CIN,7,BAL,13,Home,0,9.5,7,7,1
2010_17_PIT_CLE,2010,REG,17,2011-01-02,Sunday,13:00,PIT,41,CLE,9,Home,0,-6.5,10,7,1
2010_17_MIN_DET,2010,REG,17,2011-01-02,Sunday,13:00,MIN,13,DET,20,Home,0,3.5,5,7,1
2010_17_OAK_KC,2010,REG,17,2011-01-02,Sunday,13:00,OAK,31,KC,10,Home,0,4.5,7,7,1
2010_17_MIA_NE,2010,REG,17,2011-01-02,Sunday,13:00,MIA,7,NE,38,Home,0,4,7,7,1
2010_17_TB_NO,2010,REG,17,2011-01-02,Sunday,13:00,TB,23,NO,13,Home,0,7,7,6,1
2010_17_BUF_NYJ,2010,REG,17,2011-01-02,Sunday,13:00,BUF,7,NYJ,38,Home,0,1,7,7,1
2010_17_SD_DEN,2010,REG,17,2011-01-02,Sunday,16:15,SD,33,DEN,28,Home,0,-5,7,7,1
2010_17_CHI_GB,2010,REG,17,2011-01-02,Sunday,16:15,CHI,3,GB,10,Home,0,11,7,7,1
2010_17_JAX_HOU,2010,REG,17,2011-01-02,Sunday,16:15,JAX,17,HOU,34,Home,0,4.5,7,7,1
2010_17_TEN_IND,2010,REG,17,2011-01-02,Sunday,16:15,TEN,20,IND,23,Home,0,9,7,7,1
2010_17_DAL_PHI,2010,REG,17,2011-01-02,Sunday,16:15,DAL,14,PHI,13,Home,0,-1.5,8,5,1
2010_17_ARI_SF,2010,REG,17,2011-01-02,Sunday,16:15,ARI,7,SF,38,Home,0,6,8,7,1
2010_17_NYG_WAS,2010,REG,17,2011-01-02,Sunday,16:15,NYG,17,WAS,14,Home,0,-4.5,7,7,1
2010_17_STL_SEA,2010,REG,17,2011-01-02,Sunday,20:20,STL,6,SEA,16,Home,0,-3,7,7,1
2010_18_NO_SEA,2010,WC,18,2011-01-08,Saturday,16:30,NO,36,SEA,41,Home,0,-9.5,6,6,0
2010_18_NYJ_IND,2010,WC,18,2011-01-08,Saturday,20:00,NYJ,17,IND,16,Home,0,1,6,6,0
2010_18_BAL_KC,2010,WC,18,2011-01-09,Sunday,13:00,BAL,30,KC,7,Home,0,-3,7,7,0
2010_18_GB_PHI,2010,WC,18,2011-01-09,Sunday,16:30,GB,21,PHI,16,Home,0,1,7,7,0
2010_19_BAL_PIT,2010,DIV,19,2011-01-15,Saturday,16:30,BAL,24,PIT,31,Home,0,3.5,6,13,1
2010_19_GB_ATL,2010,DIV,19,2011-01-15,Saturday,20:00,GB,48,ATL,21,Home,0,1,6,13,0
2010_19_SEA_CHI,2010,DIV,19,2011-01-16,Sunday,13:00,SEA,24,CHI,35,Home,0,10,8,14,0
2010_19_NYJ_NE,2010,DIV,19,2011-01-16,Sunday,16:30,NYJ,28,NE,21,Home,0,9.5,8,14,1
2010_20_GB_CHI,2010,CON,20,2011-01-23,Sunday,15:00,GB,21,CHI,14,Home,0,-3.5,8,7,1
2010_20_NYJ_PIT,2010,CON,20,2011-01-23,Sunday,18:30,NYJ,19,PIT,24,Home,0,4,7,8,0
2010_21_PIT_GB,2010,SB,21,2011-02-06,Sunday,18:30,PIT,25,GB,31,Neutral,0,3,14,14,0
2011_01_NO_GB,2011,REG,1,2011-09-08,Thursday,20:30,NO,34,GB,42,Home,0,4.5,7,7,0
2011_01_PIT_BAL,2011,REG,1,2011-09-11,Sunday,13:00,PIT,7,BAL,35,Home,0,1,7,7,1
2011_01_ATL_CHI,2011,REG,1,2011-09-11,Sunday,13:00,ATL,12,CHI,30,Home,0,-1,7,7,0
2011_01_CIN_CLE,2011,REG,1,2011-09-11,Sunday,13:00,CIN,27,CLE,17,Home,0,6.5,7,7,1
2011_01_IND_HOU,2011,REG,1,2011-09-11,Sunday,13:00,IND,7,HOU,34,Home,0,9,7,7,1
2011_01_TEN_JAX,2011,REG,1,2011-09-11,Sunday,13:00,TEN,14,JAX,16,Home,0,-1,7,7,1
2011_01_BUF_KC,2011,REG,1,2011-09-11,Sunday,13:00,BUF,41,KC,7,Home,0,3.5,7,7,0
2011_01_PHI_STL,2011,REG,1,2011-09-11,Sunday,13:00,PHI,31,STL,13,Home,0,-3.5,7,7,0
2011_01_DET_TB,2011,REG,1,2011-09-11,Sunday,13:00,DET,27,TB,20,Home,0,1,7,7,0
2011_01_CAR_ARI,2011,REG,1,2011-09-11,Sunday,16:15,CAR,21,ARI,28,Home,0,6.5,7,7,0
2011_01_MIN_SD,2011,REG,1,2011-09-11,Sunday,16:15,MIN,17,SD,24,Home,0,9,7,7,0
2011_01_SEA_SF,2011,REG,1,2011-09-11,Sunday,16:25,SEA,17,SF,33,Home,0,6,7,7,1
2011_01_NYG_WAS,2011,REG,1,2011-09-11,Sunday,16:25,NYG,14,WAS,28,Home,0,-1,7,7,1
2011_01_DAL_NYJ,2011,REG,1,2011-09-11,Sunday,20:20,DAL,24,NYJ,27,Home,0,6.5,7,7,0
2011_01_NE_MIA,2011,REG,1,2011-09-12,Monday,19:00,NE,38,MIA,24,Home,0,-7,7,7,1
2011_01_OAK_DEN,2011,REG,1,2011-09-12,Monday,22:15,OAK,23,DEN,20,Home,0,3,7,7,1
2011_02_OAK_BUF,2011,REG,2,2011-09-18,Sunday,13:00,OAK,35,BUF,38,Home,0,3.5,6,7,0
2011_02_GB_CAR,2011,REG,2,2011-09-18,Sunday,13:00,GB,30,CAR,23,Home,0,-10.5,10,7,0
2011_02_KC_DET,2011,REG,2,2011-09-18,Sunday,13:00,KC,3,DET,48,Home,0,9,7,7,0
2011_02_CLE_IND,2011,REG,2,2011-09-18,Sunday,13:00,CLE,27,IND,19,Home,0,-1,7,7,0
2011_02_TB_MIN,2011,REG,2,2011-09-18,Sunday,13:00,TB,24,MIN,20,Home,0,1,7,7,0
2011_02_CHI_NO,2011,REG,2,2011-09-18,Sunday,13:00,CHI,13,NO,30,Home,0,4.5,7,10,0
2011_02_JAX_NYJ,2011,REG,2,2011-09-18,Sunday,13:00,JAX,3,NYJ,32,Home,0,9,7,7,0
2011_02_SEA_PIT,2011,REG,2,2011-09-18,Sunday,13:00,SEA,0,PIT,24,Home,0,13.5,7,7,0
2011_02_BAL_TEN,2011,REG,2,2011-09-18,Sunday,13:00,BAL,13,TEN,26,Home,0,-5.5,7,7,0
2011_02_ARI_WAS,2011,REG,2,2011-09-18,Sunday,13:00,ARI,21,WAS,22,Home,0,4.5,7,7,0
2011_02_DAL_SF,2011,REG,2,2011-09-18,Sunday,16:05,DAL,27,SF,24,Home,1,-3,7,7,0
2011_02_CIN_DEN,2011,REG,2,2011-09-18,Sunday,16:15,CIN,22,DEN,24,Home,0,3.5,7,6,0
2011_02_HOU_MIA,2011,REG,2,2011-09-18,Sunday,16:15,HOU,23,MIA,13,Home,0,-3,7,6,0
2011_02_SD_NE,2011,REG,2,2011-09-18,Sunday,16:15,SD,21,NE,35,Home,0,6.5,7,6,0
2011_02_PHI_ATL,2011,REG,2,2011-09-18,Sunday,20:20,PHI,31,ATL,35,Home,0,-2.5,7,7,0
2011_02_STL_NYG,2011,REG,2,2011-09-19,Monday,20:30,STL,16,NYG,28,Home,0,7,8,8,0
2011_03_NE_BUF,2011,REG,3,2011-09-25,Sunday,13:00,NE,31,BUF,34,Home,0,-7,7,7,1
2011_03_JAX_CAR,2011,REG,3,2011-09-25,Sunday,13:00,JAX,10,CAR,16,Home,0,3.5,7,7,0
2011_03_SF_CIN,2011,REG,3,2011-09-25,Sunday,13:00,SF,13,CIN,8,Home,0,1,7,7,0
2011_03_MIA_CLE,2011,REG,3,2011-09-25,Sunday,13:00,MIA,16,CLE,17,Home,0,-1,7,7,0
2011_03_DET_MIN,2011,REG,3,2011-09-25,Sunday,13:00,DET,26,MIN,23,Home,1,-3,7,7,1
2011_03_HOU_NO,2011,REG,3,2011-09-25,Sunday,13:00,HOU,33,NO,40,Home,0,3.5,7,7,0
2011_03_NYG_PHI,2011,REG,3,2011-09-25,Sunday,13:00,NYG,29,PHI,16,Home,0,9,6,7,1
2011_03_DEN_TEN,2011,REG,3,2011-09-25,Sunday,13:00,DEN,14,TEN,17,Home,0,7,7,7,0
2011_03_NYJ_OAK,2011,REG,3,2011-09-25,Sunday,16:05,NYJ,24,OAK,34,Home,0,-1,7,7,0
2011_03_KC_SD,2011,REG,3,2011-09-25,Sunday,16:05,KC,17,SD,20,Home,0,14,7,7,1
2011_03_BAL_STL,2011,REG,3,2011-09-25,Sunday,16:05,BAL,37,STL,7,Home,0,-5.5,7,6,0
2011_03_GB_CHI,2011,REG,3,2011-09-25,Sunday,16:15,GB,27,CHI,17,Home,0,-4,7,7,1
2011_03_ARI_SEA,2011,REG,3,2011-09-25,Sunday,16:15,ARI,10,SEA,13,Home,0,-3,7,7,1
2011_03_ATL_TB,2011,REG,3,2011-09-25,Sunday,16:15,ATL,13,TB,16,Home,0,1,7,7,1
2011_03_PIT_IND,2011,REG,3,2011-09-25,Sunday,20:20,PIT,23,IND,20,Home,0,-10.5,7,7,0
2011_03_WAS_DAL,2011,REG,3,2011-09-26,Monday,20:30,WAS,16,DAL,18,Home,0,3.5,8,8,1
2011_04_CAR_CHI,2011,REG,4,2011-10-02,Sunday,13:00,CAR,29,CHI,34,Home,0,7,7,7,0
2011_04_BUF_CIN,2011,REG,4,2011-10-02,Sunday,13:00,BUF,20,CIN,23,Home,0,-3,7,7,0
2011_04_TEN_CLE,2011,REG,4,2011-10-02,Sunday,13:00,TEN,31,CLE,13,Home,0,1,7,7,0
2011_04_DET_DAL,2011,REG,4,2011-10-02,Sunday,13:00,DET,34,DAL,30,Home,0,2.5,7,6,0
2011_04_PIT_HOU,2011,REG,4,2011-10-02,Sunday,13:00,PIT,10,HOU,17,Home,0,4,7,7,0
2011_04_NO_JAX,2011,REG,4,2011-10-02,Sunday,13:00,NO,23,JAX,10,Home,0,-9,7,7,0
2011_04_MIN_KC,2011,REG,4,2011-10-02,Sunday,13:00,MIN,17,KC,22,Home,0,-3,7,7,0
2011_04_SF_PHI,2011,REG,4,2011-10-02,Sunday,13:00,SF,24,PHI,23,Home,0,9.5,7,7,0
2011_04_WAS_STL,2011,REG,4,2011-10-02,Sunday,13:00,WAS,17,STL,10,Home,0,-3,6,7,0
2011_04_NYG_ARI,2011,REG,4,2011-10-02,Sunday,16:05,NYG,31,ARI,27,Home,0,-1,7,7,0
2011_04_ATL_SEA,2011,REG,4,2011-10-02,Sunday,16:05,ATL,30,SEA,28,Home,0,-6,7,7,0
2011_04_DEN_GB,2011,REG,4,2011-10-02,Sunday,16:15,DEN,23,GB,49,Home,0,12,7,7,0
2011_04_NE_OAK,2011,REG,4,2011-10-02,Sunday,16:15,NE,31,OAK,19,Home,0,-6,7,7,0
2011_04_MIA_SD,2011,REG,4,2011-10-02,Sunday,16:15,MIA,16,SD,26,Home,0,6.5,7,7,0
2011_04_NYJ_BAL,2011,REG,4,2011-10-02,Sunday,20:20,NYJ,17,BAL,34,Home,0,5,7,7,0
2011_04_IND_TB,2011,REG,4,2011-10-03,Monday,20:30,IND,17,TB,24,Home,0,10,8,8,0
2011_05_PHI_BUF,2011,REG,5,2011-10-09,Sunday,13:00,PHI,24,BUF,31,Home,0,-3,7,7,0
2011_05_NO_CAR,2011,REG,5,2011-10-09,Sunday,13:00,NO,30,CAR,27,Home,0,-6.5,7,7,1
2011_05_OAK_HOU,2011,REG,5,2011-10-09,Sunday,13:00,OAK,25,HOU,20,Home,0,4.5,7,7,0
2011_05_KC_IND,2011,REG,5,2011-10-09,Sunday,13:00,KC,28,IND,24,Home,0,1,7,6,0
2011_05_CIN_JAX,2011,REG,5,2011-10-09,Sunday,13:00,CIN,30,JAX,20,Home,0,-1,7,7,0
2011_05_ARI_MIN,2011,REG,5,2011-10-09,Sunday,13:00,ARI,10,MIN,34,Home,0,3.5,7,7,0
2011_05_SEA_NYG,2011,REG,5,2011-10-09,Sunday,13:00,SEA,36,NYG,25,Home,0,10,7,7,0
2011_05_TEN_PIT,2011,REG,5,2011-10-09,Sunday,13:00,TEN,17,PIT,38,Home,0,3,7,7,0
2011_05_TB_SF,2011,REG,5,2011-10-09,Sunday,16:05,TB,3,SF,48,Home,0,2.5,6,7,0
2011_05_SD_DEN,2011,REG,5,2011-10-09,Sunday,16:15,SD,29,DEN,24,Home,0,-3.5,7,7,1
2011_05_NYJ_NE,2011,REG,5,2011-10-09,Sunday,16:15,NYJ,21,NE,30,Home,0,7.5,7,7,1
2011_05_GB_ATL,2011,REG,5,2011-10-09,Sunday,20:20,GB,25,ATL,14,Home,0,-6,7,7,0
2011_05_CHI_DET,2011,REG,5,2011-10-10,Monday,20:30,CHI,13,DET,24,Home,0,6.5,8,8,1
2011_06_CAR_ATL,2011,REG,6,2011-10-16,Sunday,13:00,CAR,17,ATL,31,Home,0,3.5,7,7,1
2011_06_IND_CIN,2011,REG,6,2011-10-16,Sunday,13:00,IND,17,CIN,27,Home,0,5,7,7,0
2011_06_SF_DET,2011,REG,6,2011-10-16,Sunday,13:00,SF,25,DET,19,Home,0,5.5,7,6,0
2011_06_STL_GB,2011,REG,6,2011-10-16,Sunday,13:00,STL,3,GB,24,Home,0,14,14,7,0
2011_06_BUF_NYG,2011,REG,6,2011-10-16,Sunday,13:00,BUF,24,NYG,27,Home,0,3,7,7,0
2011_06_JAX_PIT,2011,REG,6,2011-10-16,Sunday,13:00,JAX,13,PIT,17,Home,0,12.5,7,7,0
2011_06_PHI_WAS,2011,REG,6,2011-10-16,Sunday,13:00,PHI,20,WAS,13,Home,0,-3,7,14,1
2011_06_HOU_BAL,2011,REG,6,2011-10-16,Sunday,16:05,HOU,14,BAL,29,Home,0,7,7,14,0
2011_06_CLE_OAK,2011,REG,6,2011-10-16,Sunday,16:05,CLE,17,OAK,24,Home,0,6.5,14,7,0
2011_06_DAL_NE,2011,REG,6,2011-10-16,Sunday,16:15,DAL,16,NE,20,Home,0,6.5,14,7,0
2011_06_NO_TB,2011,REG,6,2011-10-16,Sunday,16:15,NO,20,TB,26,Home,0,-6,7,7,1
2011_06_MIN_CHI,2011,REG,6,2011-10-16,Sunday,20:20,MIN,10,CHI,39,Home,0,1,7,6,1
2011_06_MIA_NYJ,2011,REG,6,2011-10-17,Monday,20:30,MIA,6,NYJ,24,Home,0,7,15,8,1
2011_07_WAS_CAR,2011,REG,7,2011-10-23,Sunday,13:00,WAS,20,CAR,33,Home,0,1.5,7,7,0
2011_07_SEA_CLE,2011,REG,7,2011-10-23,Sunday,13:00,SEA,3,CLE,6,Home,0,3,14,7,0
2011_07_ATL_DET,2011,REG,7,2011-10-23,Sunday,13:00,ATL,23,DET,16,Home,0,4.5,7,7,0
2011_07_DEN_MIA,2011,REG,7,2011-10-23,Sunday,13:00,DEN,18,MIA,15,Home,1,-1,14,6,0
2011_07_SD_NYJ,2011,REG,7,2011-10-23,Sunday,13:00,SD,21,NYJ,27,Home,0,-1,14,6,0
2011_07_CHI_TB,2011,REG,7,2011-10-23,Sunday,13:00,CHI,24,TB,18,Neutral,0,-1.5,7,7,0
2011_07_HOU_TEN,2011,REG,7,2011-10-23,Sunday,13:00,HOU,41,TEN,7,Home,0,3,7,14,1
2011_07_PIT_ARI,2011,REG,7,2011-10-23,Sunday,16:05,PIT,32,ARI,20,Home,0,-4,7,14,0
2011_07_KC_OAK,2011,REG,7,2011-10-23,Sunday,16:05,KC,28,OAK,0,Home,0,3.5,14,7,1
2011_07_STL_DAL,2011,REG,7,2011-10-23,Sunday,16:15,STL,7,DAL,34,Home,0,14,7,7,0
2011_07_GB_MIN,2011,REG,7,2011-10-23,Sunday,16:15,GB,33,MIN,27,Home,0,-10,7,7,1
2011_07_IND_NO,2011,REG,7,2011-10-23,Sunday,20:20,IND,7,NO,62,Home,0,13.5,7,7,0
2011_07_BAL_JAX,2011,REG,7,2011-10-24,Monday,20:30,BAL,7,JAX,12,Home,0,-10,8,8,0
2011_08_ARI_BAL,2011,REG,8,2011-10-30,Sunday,13:00,ARI,27,BAL,30,Home,0,12,7,6,0
2011_08_MIN_CAR,2011,REG,8,2011-10-30,Sunday,13:00,MIN,24,CAR,21,Home,0,3,7,7,0
2011_08_JAX_HOU,2011,REG,8,2011-10-30,Sunday,13:00,JAX,14,HOU,24,Home,0,10,6,7,1
2011_08_MIA_NYG,2011,REG,8,2011-10-30,Sunday,13:00,MIA,17,NYG,20,Home,0,9.5,7,14,0
2011_08_NO_STL,2011,REG,8,2011-10-30,Sunday,13:00,NO,21,STL,31,Home,0,-13.5,7,7,0
2011_08_IND_TEN,2011,REG,8,2011-10-30,Sunday,13:00,IND,10,TEN,27,Home,0,9,7,7,1
2011_08_WAS_BUF,2011,REG,8,2011-10-30,Sunday,16:05,WAS,0,BUF,23,Home,0,4,7,14,0
2011_08_DET_DEN,2011,REG,8,2011-10-30,Sunday,16:05,DET,45,DEN,10,Home,0,-3,7,7,0
2011_08_NE_PIT,2011,REG,8,2011-10-30,Sunday,16:15,NE,17,PIT,25,Home,0,-3,14,7,0
2011_08_CIN_SEA,2011,REG,8,2011-10-30,Sunday,16:15,CIN,34,SEA,12,Home,0,-1,14,7,0
2011_08_CLE_SF,2011,REG,8,2011-10-30,Sunday,16:15,CLE,10,SF,20,Home,0,9,7,14,0
2011_08_DAL_PHI,2011,REG,8,2011-10-30,Sunday,20:20,DAL,7,PHI,34,Home,0,3,7,14,1
2011_08_SD_KC,2011,REG,8,2011-10-31,Monday,20:30,SD,20,KC,23,Home,1,-3,8,8,1
2011_09_NYJ_BUF,2011,REG,9,2011-11-06,Sunday,13:00,NYJ,27,BUF,11,Home,0,2.5,14,7,1
2011_09_SEA_DAL,2011,REG,9,2011-11-06,Sunday,13:00,SEA,13,DAL,23,Home,0,11,7,7,0
2011_09_CLE_HOU,2011,REG,9,2011-11-06,Sunday,13:00,CLE,12,HOU,30,Home,0,10.5,7,7,0
2011_09_ATL_IND,2011,REG,9,2011-11-06,Sunday,13:00,ATL,31,IND,7,Home,0,-6.5,14,7,0
2011_09_MIA_KC,2011,REG,9,2011-11-06,Sunday,13:00,MIA,31,KC,3,Home,0,5,7,6,0
2011_09_TB_NO,2011,REG,9,2011-11-06,Sunday,13:00,TB,16,NO,27,Home,0,9,14,7,1
2011_09_SF_WAS,2011,REG,9,2011-11-06,Sunday,13:00,SF,19,WAS,11,Home,0,-5,7,7,0
2011_09_DEN_OAK,2011,REG,9,2011-11-06,Sunday,16:05,DEN,38,OAK,24,Home,0,7,7,14,1
2011_09_CIN_TEN,2011,REG,9,2011-11-06,Sunday,16:05,CIN,24,TEN,17,Home,0,1.5,7,7,0
2011_09_STL_ARI,2011,REG,9,2011-11-06,Sunday,16:15,STL,13,ARI,19,Home,1,1,7,7,1
2011_09_NYG_NE,2011,REG,9,2011-11-06,Sunday,16:15,NYG,24,NE,20,Home,0,9.5,7,7,0
2011_09_GB_SD,2011,REG,9,2011-11-06,Sunday,16:15,GB,45,SD,38,Home,0,-5.5,14,6,0
2011_09_BAL_PIT,2011,REG,9,2011-11-06,Sunday,20:20,BAL,23,PIT,20,Home,0,3.5,7,7,1
2011_09_CHI_PHI,2011,REG,9,2011-11-07,Monday,20:30,CHI,30,PHI,24,Home,0,9,15,8,0
2011_10_OAK_SD,2011,REG,10,2011-11-10,Thursday,20:20,OAK,24,SD,17,Home,0,7.5,4,4,1
2011_10_NO_ATL,2011,REG,10,2011-11-13,Sunday,13:00,NO,26,ATL,23,Home,1,1,7,7,1
2011_10_TEN_CAR,2011,REG,10,2011-11-13,Sunday,13:00,TEN,30,CAR,3,Home,0,3.5,7,14,0
2011_10_PIT_CIN,2011,REG,10,2011-11-13,Sunday,13:00,PIT,24,CIN,17,Home,0,-3.5,7,7,1
2011_10_STL_CLE,2011,REG,10,2011-11-13,Sunday,13:00,STL,13,CLE,12,Home,0,2.5,7,7,0
2011_10_BUF_DAL,2011,REG,10,2011-11-13,Sunday,13:00,BUF,7,DAL,44,Home,0,4.5,7,7,0
2011_10_JAX_IND,2011,REG,10,2011-11-13,Sunday,13:00,JAX,17,IND,3,Home,0,-3,14,7,1
2011_10_DEN_KC,2011,REG,10,2011-11-13,Sunday,13:00,DEN,17,KC,10,Home,0,3,7,7,1
2011_10_WAS_MIA,2011,REG,10,2011-11-13,Sunday,13:00,WAS,9,MIA,20,Home,0,4,7,7,0
2011_10_ARI_PHI,2011,REG,10,2011-11-13,Sunday,13:00,ARI,21,PHI,17,Home,0,13.5,7,6,0
2011_10_HOU_TB,2011,REG,10,2011-11-13,Sunday,13:00,HOU,37,TB,9,Home,0,-3.5,7,7,0
2011_10_BAL_SEA,2011,REG,10,2011-11-13,Sunday,16:05,BAL,17,SEA,22,Home,0,-7,7,7,0
2011_10_DET_CHI,2011,REG,10,2011-11-13,Sunday,16:15,DET,13,CHI,37,Home,0,2.5,14,6,1
2011_10_NYG_SF,2011,REG,10,2011-11-13,Sunday,16:15,NYG,20,SF,27,Home,0,4,7,7,0
2011_10_NE_NYJ,2011,REG,10,2011-11-13,Sunday,20:20,NE,37,NYJ,16,Home,0,2.5,7,7,1
2011_10_MIN_GB,2011,REG,10,2011-11-14,Monday,20:30,MIN,7,GB,45,Home,0,12.5,15,8,1
2011_11_NYJ_DEN,2011,REG,11,2011-11-17,Thursday,20:20,NYJ,13,DEN,17,Home,0,-6.5,4,4,0
2011_11_CIN_BAL,2011,REG,11,2011-11-20,Sunday,13:00,CIN,24,BAL,31,Home,0,7,7,7,1
2011_11_JAX_CLE,2011,REG,11,2011-11-20,Sunday,13:00,JAX,10,CLE,14,Home,0,1,7,7,0
2011_11_CAR_DET,2011,REG,11,2011-11-20,Sunday,13:00,CAR,35,DET,49,Home,0,7,7,7,0
2011_11_TB_GB,2011,REG,11,2011-11-20,Sunday,13:00,TB,26,GB,35,Home,0,13.5,7,6,0
2011_11_BUF_MIA,2011,REG,11,2011-11-20,Sunday,13:00,BUF,8,MIA,35,Home,0,3,7,7,1
2011_11_OAK_MIN,2011,REG,11,2011-11-20,Sunday,13:00,OAK,27,MIN,21,Home,0,1,10,6,0
2011_11_DAL_WAS,2011,REG,11,2011-11-20,Sunday,13:00,DAL,27,WAS,24,Home,1,-7,7,7,1
2011_11_ARI_SF,2011,REG,11,2011-11-20,Sunday,16:05,ARI,7,SF,23,Home,0,10,7,7,1
2011_11_SEA_STL,2011,REG,11,2011-11-20,Sunday,16:05,SEA,24,STL,7,Home,0,3,7,7,1
2011_11_TEN_ATL,2011,REG,11,2011-11-20,Sunday,16:15,TEN,17,ATL,23,Home,0,6,7,7,0
2011_11_SD_CHI,2011,REG,11,2011-11-20,Sunday,16:15,SD,20,CHI,31,Home,0,4.5,10,7,0
2011_11_PHI_NYG,2011,REG,11,2011-11-20,Sunday,20:20,PHI,17,NYG,10,Home,0,6,7,7,1
2011_11_KC_NE,2011,REG,11,2011-11-21,Monday,20:30,KC,3,NE,34,Home,0,17,8,8,0
2011_12_GB_DET,2011,REG,12,2011-11-24,Thursday,12:30,GB,27,DET,15,Home,0,-4,4,4,1
2011_12_MIA_DAL,2011,REG,12,2011-11-24,Thursday,16:15,MIA,19,DAL,20,Home,0,7,4,4,0
2011_12_SF_BAL,2011,REG,12,2011-11-24,Thursday,20:20,SF,6,BAL,16,Home,0,3,4,4,0
2011_12_MIN_ATL,2011,REG,12,2011-11-27,Sunday,13:00,MIN,14,ATL,24,Home,0,10,7,7,0
2011_12_CLE_CIN,2011,REG,12,2011-11-27,Sunday,13:00,CLE,20,CIN,23,Home,0,6.5,7,7,1
2011_12_CAR_IND,2011,REG,12,2011-11-27,Sunday,13:00,CAR,27,IND,19,Home,0,-3.5,7,14,0
2011_12_HOU_JAX,2011,REG,12,2011-11-27,Sunday,13:00,HOU,20,JAX,13,Home,0,-6,14,7,1
2011_12_BUF_NYJ,2011,REG,12,2011-11-27,Sunday,13:00,BUF,24,NYJ,28,Home,0,9.5,7,10,1
2011_12_ARI_STL,2011,REG,12,2011-11-27,Sunday,13:00,ARI,23,STL,20,Home,0,1,7,7,1
2011_12_TB_TEN,2011,REG,12,2011-11-27,Sunday,13:00,TB,17,TEN,23,Home,0,3,7,7,0
2011_12_CHI_OAK,2011,REG,12,2011-11-27,Sunday,16:05,CHI,20,OAK,25,Home,0,3,7,7,0
2011_12_WAS_SEA,2011,REG,12,2011-11-27,Sunday,16:05,WAS,23,SEA,17,Home,0,3,7,7,0
2011_12_NE_PHI,2011,REG,12,2011-11-27,Sunday,16:15,NE,38,PHI,20,Home,0,-3,6,7,0
2011_12_DEN_SD,2011,REG,12,2011-11-27,Sunday,16:15,DEN,16,SD,13,Home,1,4.5,10,7,1
2011_12_PIT_KC,2011,REG,12,2011-11-27,Sunday,20:20,PIT,13,KC,9,Home,0,-10.5,14,6,0
2011_12_NYG_NO,2011,REG,12,2011-11-28,Monday,20:30,NYG,24,NO,49,Home,0,7,8,15,0
2011_13_PHI_SEA,2011,REG,13,2011-12-01,Thursday,20:20,PHI,14,SEA,31,Home,0,-3,4,4,0
2011_13_TEN_BUF,2011,REG,13,2011-12-04,Sunday,13:00,TEN,23,BUF,17,Home,0,1,7,7,0
2011_13_KC_CHI,2011,REG,13,2011-12-04,Sunday,13:00,KC,10,CHI,3,Home,0,9,7,7,0
2011_13_ATL_HOU,2011,REG,13,2011-12-04,Sunday,13:00,ATL,10,HOU,17,Home,0,-1,7,7,0
2011_13_OAK_MIA,2011,REG,13,2011-12-04,Sunday,13:00,OAK,14,MIA,34,Home,0,3.5,7,10,0
2011_13_DEN_MIN,2011,REG,13,2011-12-04,Sunday,13:00,DEN,35,MIN,32,Home,0,1,7,7,0
2011_13_IND_NE,2011,REG,13,2011-12-04,Sunday,13:00,IND,24,NE,31,Home,0,20.5,7,7,0
2011_13_CIN_PIT,2011,REG,13,2011-12-04,Sunday,13:00,CIN,7,PIT,35,Home,0,7,7,7,1
2011_13_CAR_TB,2011,REG,13,2011-12-04,Sunday,13:00,CAR,38,TB,19,Home,0,-1,7,7,1
2011_13_NYJ_WAS,2011,REG,13,2011-12-04,Sunday,13:00,NYJ,34,WAS,19,Home,0,-3,7,7,0
2011_13_BAL_CLE,2011,REG,13,2011-12-04,Sunday,16:05,BAL,24,CLE,10,Home,0,-7,10,7,1
2011_13_DAL_ARI,2011,REG,13,2011-12-04,Sunday,16:15,DAL,13,ARI,19,Home,1,-4,10,7,0
2011_13_GB_NYG,2011,REG,13,2011-12-04,Sunday,16:15,GB,38,NYG,35,Home,0,-7,10,6,0
2011_13_STL_SF,2011,REG,13,2011-12-04,Sunday,16:15,STL,0,SF,26,Home,0,14,7,10,1
2011_13_DET_NO,2011,REG,13,2011-12-04,Sunday,20:20,DET,17,NO,31,Home,0,9.5,10,6,0
2011_13_SD_JAX,2011,REG,13,2011-12-05,Monday,20:30,SD,38,JAX,14,Home,0,-3,8,8,0
2011_14_CLE_PIT,2011,REG,14,2011-12-08,Thursday,20:20,CLE,3,PIT,14,Home,0,14,4,4,1
2011_14_IND_BAL,2011,REG,14,2011-12-11,Sunday,13:00,IND,10,BAL,24,Home,0,16.5,7,7,0
2011_14_ATL_CAR,2011,REG,14,2011-12-11,Sunday,13:00,ATL,31,CAR,23,Home,0,-3,7,7,1
2011_14_HOU_CIN,2011,REG,14,2011-12-11,Sunday,13:00,HOU,20,CIN,19,Home,0,2.5,7,7,0
2011_14_MIN_DET,2011,REG,14,2011-12-11,Sunday,13:00,MIN,28,DET,34,Home,0,10,7,7,1
2011_14_TB_JAX,2011,REG,14,2011-12-11,Sunday,13:00,TB,14,JAX,41,Home,0,-3,7,6,0
2011_14_PHI_MIA,2011,REG,14,2011-12-11,Sunday,13:00,PHI,26,MIA,10,Home,0,3,10,7,0
2011_14_KC_NYJ,2011,REG,14,2011-12-11,Sunday,13:00,KC,10,NYJ,37,Home,0,10.5,7,7,0
2011_14_NO_TEN,2011,REG,14,2011-12-11,Sunday,13:00,NO,22,TEN,17,Home,0,-3.5,7,7,0
2011_14_NE_WAS,2011,REG,14,2011-12-11,Sunday,13:00,NE,34,WAS,27,Home,0,-7.5,7,7,0
2011_14_SF_ARI,2011,REG,14,2011-12-11,Sunday,16:05,SF,19,ARI,21,Home,0,-3.5,7,7,1
2011_14_CHI_DEN,2011,REG,14,2011-12-11,Sunday,16:05,CHI,10,DEN,13,Home,1,3.5,7,7,0
2011_14_OAK_GB,2011,REG,14,2011-12-11,Sunday,16:15,OAK,16,GB,46,Home,0,11.5,7,7,0
2011_14_BUF_SD,2011,REG,14,2011-12-11,Sunday,16:15,BUF,10,SD,37,Home,0,7,7,6,0
2011_14_NYG_DAL,2011,REG,14,2011-12-11,Sunday,20:20,NYG,37,DAL,34,Home,0,4.5,7,7,1
2011_14_STL_SEA,2011,REG,14,2011-12-12,Monday,20:30,STL,13,SEA,30,Home,0,9,8,11,1
2011_15_JAX_ATL,2011,REG,15,2011-12-15,Thursday,20:20,JAX,14,ATL,41,Home,0,14,4,4,0
2011_15_DAL_TB,2011,REG,15,2011-12-17,Saturday,20:20,DAL,31,TB,15,Home,0,-7,6,6,0
2011_15_MIA_BUF,2011,REG,15,2011-12-18,Sunday,13:00,MIA,30,BUF,23,Home,0,-1,7,7,1
2011_15_SEA_CHI,2011,REG,15,2011-12-18,Sunday,13:00,SEA,38,CHI,14,Home,0,3.5,6,7,0
2011_15_CAR_HOU,2011,REG,15,2011-12-18,Sunday,13:00,CAR,28,HOU,13,Home,0,4.5,7,7,0
2011_15_TEN_IND,2011,REG,15,2011-12-18,Sunday,13:00,TEN,13,IND,27,Home,0,-6.5,7,7,1
2011_15_GB_KC,2011,REG,15,2011-12-18,Sunday,13:00,GB,14,KC,19,Home,0,-11,7,7,0
2011_15_NO_MIN,2011,REG,15,2011-12-18,Sunday,13:00,NO,42,MIN,20,Home,0,-7,7,7,0
2011_15_WAS_NYG,2011,REG,15,2011-12-18,Sunday,13:00,WAS,23,NYG,10,Home,0,5.5,7,7,1
2011_15_CIN_STL,2011,REG,15,2011-12-18,Sunday,13:00,CIN,20,STL,13,Home,0,-7,7,6,0
2011_15_DET_OAK,2011,REG,15,2011-12-18,Sunday,16:05,DET,28,OAK,27,Home,0,-1,7,7,0
2011_15_CLE_ARI,2011,REG,15,2011-12-18,Sunday,16:15,CLE,17,ARI,20,Home,1,6,10,7,0
2011_15_NE_DEN,2011,REG,15,2011-12-18,Sunday,16:15,NE,41,DEN,23,Home,0,-7,7,7,0
2011_15_NYJ_PHI,2011,REG,15,2011-12-18,Sunday,16:15,NYJ,19,PHI,45,Home,0,3,7,7,0
2011_15_BAL_SD,2011,REG,15,2011-12-18,Sunday,20:20,BAL,14,SD,34,Home,0,-1,7,7,0
2011_15_PIT_SF,2011,REG,15,2011-12-19,Monday,20:30,PIT,3,SF,20,Home,0,3,11,8,0
2011_16_HOU_IND,2011,REG,16,2011-12-22,Thursday,20:20,HOU,16,IND,19,Home,0,-7,4,4,1
2011_16_CLE_BAL,2011,REG,16,2011-12-24,Saturday,13:00,CLE,14,BAL,20,Home,0,10.5,6,6,1
2011_16_DEN_BUF,2011,REG,16,2011-12-24,Saturday,13:00,DEN,14,BUF,40,Home,0,-3,6,6,0
2011_16_TB_CAR,2011,REG,16,2011-12-24,Saturday,13:00,TB,16,CAR,48,Home,0,9,7,6,1
2011_16_ARI_CIN,2011,REG,16,2011-12-24,Saturday,13:00,ARI,16,CIN,23,Home,0,3.5,6,6,0
2011_16_OAK_KC,2011,REG,16,2011-12-24,Saturday,13:00,OAK,16,KC,13,Home,1,3,6,6,1
2011_16_MIA_NE,2011,REG,16,2011-12-24,Saturday,13:00,MIA,24,NE,27,Home,0,7.5,6,6,1
2011_16_NYG_NYJ,2011,REG,16,2011-12-24,Saturday,13:00,NYG,29,NYJ,14,Home,0,1.5,6,6,0
2011_16_STL_PIT,2011,REG,16,2011-12-24,Saturday,13:00,STL,0,PIT,27,Home,0,10,6,5,0
2011_16_JAX_TEN,2011,REG,16,2011-12-24,Saturday,13:00,JAX,17,TEN,23,Home,0,8.5,9,6,1
2011_16_MIN_WAS,2011,REG,16,2011-12-24,Saturday,13:00,MIN,33,WAS,26,Home,0,6,6,6,0
2011_16_SD_DET,2011,REG,16,2011-12-24,Saturday,16:05,SD,10,DET,38,Home,0,-1,6,6,0
2011_16_PHI_DAL,2011,REG,16,2011-12-24,Saturday,16:15,PHI,20,DAL,7,Home,0,-1.5,6,7,1
2011_16_SF_SEA,2011,REG,16,2011-12-24,Saturday,16:15,SF,19,SEA,17,Home,0,-1.5,5,6,1
2011_16_CHI_GB,2011,REG,16,2011-12-25,Sunday,20:20,CHI,21,GB,35,Home,0,13,7,7,1
2011_16_ATL_NO,2011,REG,16,2011-12-26,Monday,20:30,ATL,16,NO,45,Home,0,7,11,8,1
2011_17_DET_GB,2011,REG,17,2012-01-01,Sunday,13:00,DET,41,GB,45,Home,0,-6.5,8,7,1
2011_17_TEN_HOU,2011,REG,17,2012-01-01,Sunday,13:00,TEN,23,HOU,22,Home,0,-1,8,10,1
2011_17_IND_JAX,2011,REG,17,2012-01-01,Sunday,13:00,IND,13,JAX,19,Home,0,3,10,8,1
2011_17_NYJ_MIA,2011,REG,17,2012-01-01,Sunday,13:00,NYJ,17,MIA,19,Home,0,1.5,8,8,1
2011_17_CHI_MIN,2011,REG,17,2012-01-01,Sunday,13:00,CHI,17,MIN,13,Home,0,1.5,7,8,1
2011_17_BUF_NE,2011,REG,17,2012-01-01,Sunday,13:00,BUF,21,NE,49,Home,0,10,8,8,1
2011_17_CAR_NO,2011,REG,17,2012-01-01,Sunday,13:00,CAR,17,NO,45,Home,0,7,8,6,1
2011_17_WAS_PHI,2011,REG,17,2012-01-01,Sunday,13:00,WAS,10,PHI,34,Home,0,7,8,8,1
2011_17_SF_STL,2011,REG,17,2012-01-01,Sunday,13:00,SF,34,STL,27,Home,0,-12.5,8,8,1
2011_17_SEA_ARI,2011,REG,17,2012-01-01,Sunday,16:15,SEA,20,ARI,23,Home,1,2.5,8,8,1
2011_17_TB_ATL,2011,REG,17,2012-01-01,Sunday,16:15,TB,24,ATL,45,Home,0,10,8,6,1
2011_17_BAL_CIN,2011,REG,17,2012-01-01,Sunday,16:15,BAL,24,CIN,16,Home,0,-2.5,8,8,1
2011_17_PIT_CLE,2011,REG,17,2012-01-01,Sunday,16:15,PIT,13,CLE,9,Home,0,-7,8,8,1
2011_17_KC_DEN,2011,REG,17,2012-01-01,Sunday,16:15,KC,7,DEN,3,Home,0,1,8,8,1
2011_17_SD_OAK,2011,REG,17,2012-01-01,Sunday,16:15,SD,38,OAK,26,Home,0,2.5,8,8,1
2011_17_DAL_NYG,2011,REG,17,2012-01-01,Sunday,20:20,DAL,14,NYG,31,Home,0,3,8,8,1
2011_18_CIN_HOU,2011,WC,18,2012-01-07,Saturday,16:30,CIN,10,HOU,31,Home,0,4,6,6,0
2011_18_DET_NO,2011,WC,18,2012-01-07,Saturday,20:00,DET,28,NO,45,Home,0,10.5,6,6,0
2011_18_ATL_NYG,2011,WC,18,2012-01-08,Sunday,13:00,ATL,2,NYG,24,Home,0,3,7,7,0
2011_18_PIT_DEN,2011,WC,18,2012-01-08,Sunday,16:30,PIT,23,DEN,29,Home,1,-7.5,7,7,0
2011_19_NO_SF,2011,DIV,19,2012-01-14,Saturday,16:30,NO,32,SF,36,Home,0,-3.5,7,13,0
2011_19_DEN_NE,2011,DIV,19,2012-01-14,Saturday,20:00,DEN,10,NE,45,Home,0,14,6,13,0
2011_19_HOU_BAL,2011,DIV,19,2012-01-15,Sunday,13:00,HOU,13,BAL,20,Home,0,7.5,8,14,0
2011_19_NYG_GB,2011,DIV,19,2012-01-15,Sunday,16:30,NYG,37,GB,20,Home,0,8.5,7,14,0
2011_20_BAL_NE,2011,CON,20,2012-01-22,Sunday,15:00,BAL,20,NE,23,Home,0,7,7,8,0
2011_20_NYG_SF,2011,CON,20,2012-01-22,Sunday,18:30,NYG,20,SF,17,Home,1,2,7,8,0
2011_21_NYG_NE,2011,SB,21,2012-02-05,Sunday,18:30,NYG,21,NE,17,Neutral,0,3,14,14,0
2012_01_DAL_NYG,2012,REG,1,2012-09-05,Wednesday,20:30,DAL,24,NYG,17,Home,0,3.5,7,7,1
2012_01_IND_CHI,2012,REG,1,2012-09-09,Sunday,13:00,IND,21,CHI,41,Home,0,10,7,7,0
2012_01_PHI_CLE,2012,REG,1,2012-09-09,Sunday,13:00,PHI,17,CLE,16,Home,0,-9,7,7,0
2012_01_STL_DET,2012,REG,1,2012-09-09,Sunday,13:00,STL,23,DET,27,Home,0,9,7,7,0
2012_01_MIA_HOU,2012,REG,1,2012-09-09,Sunday,13:00,MIA,10,HOU,30,Home,0,13,7,7,0
2012_01_ATL_KC,2012,REG,1,2012-09-09,Sunday,13:00,ATL,40,KC,24,Home,0,-1,7,7,0
2012_01_JAX_MIN,2012,REG,1,2012-09-09,Sunday,13:00,JAX,23,MIN,26,Home,1,3.5,7,7,0
2012_01_WAS_NO,2012,REG,1,2012-09-09,Sunday,13:00,WAS,40,NO,32,Home,0,9.5,7,7,0
2012_01_BUF_NYJ,2012,REG,1,2012-09-09,Sunday,13:00,BUF,28,NYJ,48,Home,0,3,7,7,1
2012_01_NE_TEN,2012,REG,1,2012-09-09,Sunday,13:00,NE,34,TEN,13,Home,0,-4.5,7,7,0
2012_01_SEA_ARI,2012,REG,1,2012-09-09,Sunday,16:25,SEA,16,ARI,20,Home,0,-1,7,7,1
2012_01_SF_GB,2012,REG,1,2012-09-09,Sunday,16:25,SF,30,GB,22,Home,0,6,7,7,0
2012_01_CAR_TB,2012,REG,1,2012-09-09,Sunday,16:25,CAR,10,TB,16,Home,0,-3,7,7,1
2012_01_PIT_DEN,2012,REG,1,2012-09-09,Sunday,20:20,PIT,19,DEN,31,Home,0,2.5,7,7,0
2012_01_CIN_BAL,2012,REG,1,2012-09-10,Monday,19:00,CIN,13,BAL,44,Home,0,7,7,7,1
2012_01_SD_OAK,2012,REG,1,2012-09-10,Monday,22:15,SD,22,OAK,14,Home,0,1,7,7,1
2012_02_CHI_GB,2012,REG,2,2012-09-13,Thursday,20:20,CHI,10,GB,23,Home,0,5,4,4,1
2012_02_KC_BUF,2012,REG,2,2012-09-16,Sunday,13:00,KC,17,BUF,35,Home,0,3,7,7,0
2012_02_NO_CAR,2012,REG,2,2012-09-16,Sunday,13:00,NO,27,CAR,35,Home,0,-3,7,7,1
2012_02_CLE_CIN,2012,REG,2,2012-09-16,Sunday,13:00,CLE,27,CIN,34,Home,0,7,7,6,1
2012_02_MIN_IND,2012,REG,2,2012-09-16,Sunday,13:00,MIN,20,IND,23,Home,0,-3,7,7,0
2012_02_HOU_JAX,2012,REG,2,2012-09-16,Sunday,13:00,HOU,27,JAX,7,Home,0,-6.5,7,7,1
2012_02_OAK_MIA,2012,REG,2,2012-09-16,Sunday,13:00,OAK,13,MIA,35,Home,0,-1,6,7,0
2012_02_ARI_NE,2012,REG,2,2012-09-16,Sunday,13:00,ARI,20,NE,18,Home,0,13,7,7,0
2012_02_TB_NYG,2012,REG,2,2012-09-16,Sunday,13:00,TB,34,NYG,41,Home,0,9,7,11,0
2012_02_BAL_PHI,2012,REG,2,2012-09-16,Sunday,13:00,BAL,23,PHI,24,Home,0,3,6,7,0
2012_02_DAL_SEA,2012,REG,2,2012-09-16,Sunday,16:05,DAL,7,SEA,27,Home,0,-3,11,7,0
2012_02_WAS_STL,2012,REG,2,2012-09-16,Sunday,16:05,WAS,28,STL,31,Home,0,-3.5,7,7,0
2012_02_NYJ_PIT,2012,REG,2,2012-09-16,Sunday,16:25,NYJ,10,PIT,27,Home,0,4.5,7,7,0
2012_02_TEN_SD,2012,REG,2,2012-09-16,Sunday,16:25,TEN,10,SD,38,Home,0,6.5,7,6,0
2012_02_DET_SF,2012,REG,2,2012-09-16,Sunday,20:20,DET,19,SF,27,Home,0,7,7,7,0
2012_02_DEN_ATL,2012,REG,2,2012-09-17,Monday,20:30,DEN,21,ATL,27,Home,0,3,8,8,0
2012_03_NYG_CAR,2012,REG,3,2012-09-20,Thursday,20:20,NYG,36,CAR,7,Home,0,2.5,4,4,0
2012_03_STL_CHI,2012,REG,3,2012-09-23,Sunday,13:00,STL,6,CHI,23,Home,0,7,7,10,0
2012_03_BUF_CLE,2012,REG,3,2012-09-23,Sunday,13:00,BUF,24,CLE,14,Home,0,-2.5,7,7,0
2012_03_TB_DAL,2012,REG,3,2012-09-23,Sunday,13:00,TB,10,DAL,16,Home,0,7,7,7,0
2012_03_JAX_IND,2012,REG,3,2012-09-23,Sunday,13:00,JAX,22,IND,17,Home,0,3,7,7,1
2012_03_NYJ_MIA,2012,REG,3,2012-09-23,Sunday,13:00,NYJ,23,MIA,20,Home,1,-2.5,7,7,1
2012_03_SF_MIN,2012,REG,3,2012-09-23,Sunday,13:00,SF,13,MIN,24,Home,0,-6.5,7,7,0
2012_03_KC_NO,2012,REG,3,2012-09-23,Sunday,13:00,KC,27,NO,24,Home,1,9,7,7,0
2012_03_DET_TEN,2012,REG,3,2012-09-23,Sunday,13:00,DET,41,TEN,44,Home,1,-3.5,7,7,0
2012_03_CIN_WAS,2012,REG,3,2012-09-23,Sunday,13:00,CIN,38,WAS,31,Home,0,3,7,7,0
2012_03_PHI_ARI,2012,REG,3,2012-09-23,Sunday,16:05,PHI,6,ARI,27,Home,0,-3,7,7,0
2012_03_ATL_SD,2012,REG,3,2012-09-23,Sunday,16:05,ATL,27,SD,3,Home,0,3,6,7,0
2012_03_HOU_DEN,2012,REG,3,2012-09-23,Sunday,16:25,HOU,31,DEN,25,Home,0,-1,7,6,0
2012_03_PIT_OAK,2012,REG,3,2012-09-23,Sunday,16:25,PIT,31,OAK,34,Home,0,-3.5,7,7,0
2012_03_NE_BAL,2012,REG,3,2012-09-23,Sunday,20:20,NE,30,BAL,31,Home,0,2.5,7,7,0
2012_03_GB_SEA,2012,REG,3,2012-09-24,Monday,20:30,GB,12,SEA,14,Home,0,-3,11,8,0
2012_04_CLE_BAL,2012,REG,4,2012-09-27,Thursday,20:20,CLE,16,BAL,23,Home,0,11.5,4,4,1
2012_04_CAR_ATL,2012,REG,4,2012-09-30,Sunday,13:00,CAR,28,ATL,30,Home,0,7,10,7,1
2012_04_NE_BUF,2012,REG,4,2012-09-30,Sunday,13:00,NE,52,BUF,28,Home,0,-3.5,7,7,1
2012_04_MIN_DET,2012,REG,4,2012-09-30,Sunday,13:00,MIN,20,DET,13,Home,0,3.5,7,7,1
2012_04_TEN_HOU,2012,REG,4,2012-09-30,Sunday,13:00,TEN,14,HOU,38,Home,0,13,7,7,1
2012_04_SD_KC,2012,REG,4,2012-09-30,Sunday,13:00,SD,37,KC,20,Home,0,-2.5,7,7,1
2012_04_SF_NYJ,2012,REG,4,2012-09-30,Sunday,13:00,SF,34,NYJ,0,Home,0,-3.5,7,7,0
2012_04_SEA_STL,2012,REG,4,2012-09-30,Sunday,13:00,SEA,13,STL,19,Home,0,-2,6,7,1
2012_04_MIA_ARI,2012,REG,4,2012-09-30,Sunday,16:05,MIA,21,ARI,24,Home,1,4,7,7,0
2012_04_OAK_DEN,2012,REG,4,2012-09-30,Sunday,16:05,OAK,6,DEN,37,Home,0,6.5,7,7,1
2012_04_CIN_JAX,2012,REG,4,2012-09-30,Sunday,16:05,CIN,27,JAX,10,Home,0,1,7,7,0
2012_04_NO_GB,2012,REG,4,2012-09-30,Sunday,16:25,NO,27,GB,28,Home,0,7.5,7,6,0
2012_04_WAS_TB,2012,REG,4,2012-09-30,Sunday,16:25,WAS,24,TB,22,Home,0,1.5,7,7,0
2012_04_NYG_PHI,2012,REG,4,2012-09-30,Sunday,20:20,NYG,17,PHI,19,Home,0,1.5,10,7,1
2012_04_CHI_DAL,2012,REG,4,2012-10-01,Monday,20:30,CHI,34,DAL,18,Home,0,3,8,8,0
2012_05_ARI_STL,2012,REG,5,2012-10-04,Thursday,20:20,ARI,3,STL,17,Home,0,-1,4,4,1
2012_05_MIA_CIN,2012,REG,5,2012-10-07,Sunday,13:00,MIA,17,CIN,13,Home,0,3,7,7,0
2012_05_GB_IND,2012,REG,5,2012-10-07,Sunday,13:00,GB,27,IND,30,Home,0,-6.5,7,14,0
2012_05_BAL_KC,2012,REG,5,2012-10-07,Sunday,13:00,BAL,9,KC,6,Home,0,-6,10,7,0
2012_05_CLE_NYG,2012,REG,5,2012-10-07,Sunday,13:00,CLE,27,NYG,41,Home,0,7.5,10,7,0
2012_05_PHI_PIT,2012,REG,5,2012-10-07,Sunday,13:00,PHI,14,PIT,16,Home,0,4,7,14,0
2012_05_ATL_WAS,2012,REG,5,2012-10-07,Sunday,13:00,ATL,24,WAS,17,Home,0,-3,7,7,0
2012_05_SEA_CAR,2012,REG,5,2012-10-07,Sunday,16:05,SEA,16,CAR,12,Home,0,1,7,7,0
2012_05_CHI_JAX,2012,REG,5,2012-10-07,Sunday,16:05,CHI,41,JAX,3,Home,0,-6,6,7,0
2012_05_TEN_MIN,2012,REG,5,2012-10-07,Sunday,16:15,TEN,7,MIN,30,Home,0,6,7,7,0
2012_05_DEN_NE,2012,REG,5,2012-10-07,Sunday,16:25,DEN,21,NE,31,Home,0,6,7,7,0
2012_05_BUF_SF,2012,REG,5,2012-10-07,Sunday,16:25,BUF,3,SF,45,Home,0,10,7,7,0
2012_05_SD_NO,2012,REG,5,2012-10-07,Sunday,20:20,SD,24,NO,31,Home,0,3.5,7,7,0
2012_05_HOU_NYJ,2012,REG,5,2012-10-08,Monday,20:30,HOU,23,NYJ,17,Home,0,-9.5,8,8,0
2012_06_PIT_TEN,2012,REG,6,2012-10-11,Thursday,20:20,PIT,23,TEN,26,Home,0,-5.5,4,4,0
2012_06_OAK_ATL,2012,REG,6,2012-10-14,Sunday,13:00,OAK,20,ATL,23,Home,0,10,14,7,0
2012_06_DAL_BAL,2012,REG,6,2012-10-14,Sunday,13:00,DAL,29,BAL,31,Home,0,3,13,7,0
2012_06_CIN_CLE,2012,REG,6,2012-10-14,Sunday,13:00,CIN,24,CLE,34,Home,0,-1,7,7,1
2012_06_STL_MIA,2012,REG,6,2012-10-14,Sunday,13:00,STL,14,MIA,17,Home,0,5.5,10,7,0
2012_06_IND_NYJ,2012,REG,6,2012-10-14,Sunday,13:00,IND,9,NYJ,35,Home,0,3.5,7,6,0
2012_06_DET_PHI,2012,REG,6,2012-10-14,Sunday,13:00,DET,26,PHI,23,Home,1,3.5,14,7,0
2012_06_KC_TB,2012,REG,6,2012-10-14,Sunday,13:00,KC,10,TB,38,Home,0,5,7,14,0
2012_06_BUF_ARI,2012,REG,6,2012-10-14,Sunday,16:05,BUF,19,ARI,16,Home,1,5,7,10,0
2012_06_NE_SEA,2012,REG,6,2012-10-14,Sunday,16:05,NE,23,SEA,24,Home,0,-3.5,7,7,0
2012_06_NYG_SF,2012,REG,6,2012-10-14,Sunday,16:25,NYG,26,SF,3,Home,0,7,7,7,0
2012_06_MIN_WAS,2012,REG,6,2012-10-14,Sunday,16:25,MIN,26,WAS,38,Home,0,-1.5,7,7,0
2012_06_GB_HOU,2012,REG,6,2012-10-14,Sunday,20:20,GB,42,HOU,24,Home,0,4,7,6,0
2012_06_DEN_SD,2012,REG,6,2012-10-15,Monday,20:30,DEN,35,SD,24,Home,0,1,8,8,1
2012_07_SEA_SF,2012,REG,7,2012-10-18,Thursday,20:20,SEA,6,SF,13,Home,0,7.5,4,4,1
2012_07_TEN_BUF,2012,REG,7,2012-10-21,Sunday,13:00,TEN,35,BUF,34,Home,0,4,10,7,0
2012_07_DAL_CAR,2012,REG,7,2012-10-21,Sunday,13:00,DAL,19,CAR,14,Home,0,-2.5,7,14,0
2012_07_BAL_HOU,2012,REG,7,2012-10-21,Sunday,13:00,BAL,13,HOU,43,Home,0,6.5,7,7,0
2012_07_CLE_IND,2012,REG,7,2012-10-21,Sunday,13:00,CLE,13,IND,17,Home,0,1,7,7,0
2012_07_ARI_MIN,2012,REG,7,2012-10-21,Sunday,13:00,ARI,14,MIN,21,Home,0,7,7,7,0
2012_07_WAS_NYG,2012,REG,7,2012-10-21,Sunday,13:00,WAS,23,NYG,27,Home,0,6.5,7,7,1
2012_07_GB_STL,2012,REG,7,2012-10-21,Sunday,13:00,GB,30,STL,20,Home,0,-4,7,7,0
2012_07_NO_TB,2012,REG,7,2012-10-21,Sunday,13:00,NO,35,TB,28,Home,0,-1,14,7,1
2012_07_NYJ_NE,2012,REG,7,2012-10-21,Sunday,16:25,NYJ,26,NE,29,Home,1,11,7,7,1
2012_07_JAX_OAK,2012,REG,7,2012-10-21,Sunday,16:25,JAX,23,OAK,26,Home,1,6,14,7,0
2012_07_PIT_CIN,2012,REG,7,2012-10-21,Sunday,20:20,PIT,24,CIN,17,Home,0,-1,10,7,1
2012_07_DET_CHI,2012,REG,7,2012-10-22,Monday,20:30,DET,7,CHI,13,Home,0,6.5,8,15,1
2012_08_TB_MIN,2012,REG,8,2012-10-25,Thursday,20:20,TB,36,MIN,17,Home,0,5,4,4,0
2012_08_CAR_CHI,2012,REG,8,2012-10-28,Sunday,13:00,CAR,22,CHI,23,Home,0,7,7,6,0
2012_08_SD_CLE,2012,REG,8,2012-10-28,Sunday,13:00,SD,6,CLE,7,Home,0,-2.5,13,7,0
2012_08_SEA_DET,2012,REG,8,2012-10-28,Sunday,13:00,SEA,24,DET,28,Home,0,3,10,6,0
2012_08_JAX_GB,2012,REG,8,2012-10-28,Sunday,13:00,JAX,15,GB,24,Home,0,15,7,7,0
2012_08_MIA_NYJ,2012,REG,8,2012-10-28,Sunday,13:00,MIA,30,NYJ,9,Home,0,1,14,7,1
2012_08_ATL_PHI,2012,REG,8,2012-10-28,Sunday,13:00,ATL,30,PHI,17,Home,0,1.5,14,14,0
2012_08_WAS_PIT,2012,REG,8,2012-10-28,Sunday,13:00,WAS,12,PIT,27,Home,0,4.5,7,7,0
2012_08_NE_STL,2012,REG,8,2012-10-28,Sunday,13:00,NE,45,STL,7,Neutral,0,-7.5,7,7,0
2012_08_IND_TEN,2012,REG,8,2012-10-28,Sunday,13:00,IND,19,TEN,13,Home,1,3.5,7,7,1
2012_08_OAK_KC,2012,REG,8,2012-10-28,Sunday,16:05,OAK,26,KC,16,Home,0,1,7,14,1
2012_08_NYG_DAL,2012,REG,8,2012-10-28,Sunday,16:25,NYG,29,DAL,24,Home,0,-1.5,7,7,1
2012_08_NO_DEN,2012,REG,8,2012-10-28,Sunday,20:20,NO,14,DEN,34,Home,0,6,7,13,0
2012_08_SF_ARI,2012,REG,8,2012-10-29,Monday,20:30,SF,24,ARI,3,Home,0,-7,11,8,1
2012_09_KC_SD,2012,REG,9,2012-11-01,Thursday,20:20,KC,13,SD,31,Home,0,7.5,4,4,1
2012_09_DEN_CIN,2012,REG,9,2012-11-04,Sunday,13:00,DEN,31,CIN,23,Home,0,-5,7,14,0
2012_09_BAL_CLE,2012,REG,9,2012-11-04,Sunday,13:00,BAL,25,CLE,15,Home,0,-3.5,14,7,1
2012_09_ARI_GB,2012,REG,9,2012-11-04,Sunday,13:00,ARI,17,GB,31,Home,0,10.5,6,7,0
2012_09_BUF_HOU,2012,REG,9,2012-11-04,Sunday,13:00,BUF,9,HOU,21,Home,0,11,14,14,0
2012_09_MIA_IND,2012,REG,9,2012-11-04,Sunday,13:00,MIA,20,IND,23,Home,0,-2.5,7,7,0
2012_09_DET_JAX,2012,REG,9,2012-11-04,Sunday,13:00,DET,31,JAX,14,Home,0,-6,7,7,0
2012_09_CHI_TEN,2012,REG,9,2012-11-04,Sunday,13:00,CHI,51,TEN,20,Home,0,-4.5,7,7,0
2012_09_CAR_WAS,2012,REG,9,2012-11-04,Sunday,13:00,CAR,21,WAS,13,Home,0,3,7,7,0
2012_09_TB_OAK,2012,REG,9,2012-11-04,Sunday,16:05,TB,42,OAK,32,Home,0,1,10,7,0
2012_09_MIN_SEA,2012,REG,9,2012-11-04,Sunday,16:05,MIN,20,SEA,30,Home,0,4.5,10,7,0
2012_09_PIT_NYG,2012,REG,9,2012-11-04,Sunday,16:25,PIT,24,NYG,20,Home,0,3.5,7,7,0
2012_09_DAL_ATL,2012,REG,9,2012-11-04,Sunday,20:20,DAL,13,ATL,19,Home,0,4,7,7,0
2012_09_PHI_NO,2012,REG,9,2012-11-05,Monday,20:30,PHI,13,NO,28,Home,0,2.5,8,8,0
2012_10_IND_JAX,2012,REG,10,2012-11-08,Thursday,20:20,IND,27,JAX,10,Home,0,-3,4,4,1
2012_10_OAK_BAL,2012,REG,10,2012-11-11,Sunday,13:00,OAK,20,BAL,55,Home,0,9.5,7,7,0
2012_10_DEN_CAR,2012,REG,10,2012-11-11,Sunday,13:00,DEN,36,CAR,14,Home,0,-3.5,7,7,0
2012_10_NYG_CIN,2012,REG,10,2012-11-11,Sunday,13:00,NYG,13,CIN,31,Home,0,-3.5,7,7,0
2012_10_TEN_MIA,2012,REG,10,2012-11-11,Sunday,13:00,TEN,37,MIA,3,Home,0,6.5,7,7,0
2012_10_DET_MIN,2012,REG,10,2012-11-11,Sunday,13:00,DET,24,MIN,34,Home,0,-3,7,7,1
2012_10_BUF_NE,2012,REG,10,2012-11-11,Sunday,13:00,BUF,31,NE,37,Home,0,13.5,7,14,1
2012_10_ATL_NO,2012,REG,10,2012-11-11,Sunday,13:00,ATL,27,NO,31,Home,0,-1,7,6,1
2012_10_SD_TB,2012,REG,10,2012-11-11,Sunday,13:00,SD,24,TB,34,Home,0,3,10,7,0
2012_10_NYJ_SEA,2012,REG,10,2012-11-11,Sunday,16:05,NYJ,7,SEA,28,Home,0,5,14,7,0
2012_10_DAL_PHI,2012,REG,10,2012-11-11,Sunday,16:25,DAL,38,PHI,23,Home,0,-1,7,6,1
2012_10_STL_SF,2012,REG,10,2012-11-11,Sunday,16:25,STL,24,SF,24,Home,1,13.5,14,13,1
2012_10_HOU_CHI,2012,REG,10,2012-11-11,Sunday,20:20,HOU,13,CHI,6,Home,0,1,7,7,0
2012_10_KC_PIT,2012,REG,10,2012-11-12,Monday,20:30,KC,13,PIT,16,Home,1,12.5,11,8,0
2012_11_MIA_BUF,2012,REG,11,2012-11-15,Thursday,20:20,MIA,14,BUF,19,Home,0,1,4,4,1
2012_11_ARI_ATL,2012,REG,11,2012-11-18,Sunday,13:00,ARI,19,ATL,23,Home,0,9.5,14,7,0
2012_11_TB_CAR,2012,REG,11,2012-11-18,Sunday,13:00,TB,27,CAR,21,Home,1,-1,7,7,1
2012_11_CLE_DAL,2012,REG,11,2012-11-18,Sunday,13:00,CLE,20,DAL,23,Home,1,7,14,7,0
2012_11_GB_DET,2012,REG,11,2012-11-18,Sunday,13:00,GB,24,DET,20,Home,0,-3,14,7,1
2012_11_JAX_HOU,2012,REG,11,2012-11-18,Sunday,13:00,JAX,37,HOU,43,Home,1,15,10,7,1
2012_11_CIN_KC,2012,REG,11,2012-11-18,Sunday,13:00,CIN,28,KC,6,Home,0,-3,7,6,0
2012_11_NYJ_STL,2012,REG,11,2012-11-18,Sunday,13:00,NYJ,27,STL,13,Home,0,3.5,7,7,0
2012_11_PHI_WAS,2012,REG,11,2012-11-18,Sunday,13:00,PHI,6,WAS,31,Home,0,3.5,7,14,1
2012_11_NO_OAK,2012,REG,11,2012-11-18,Sunday,16:05,NO,38,OAK,17,Home,0,-6,7,7,0
2012_11_SD_DEN,2012,REG,11,2012-11-18,Sunday,16:25,SD,23,DEN,30,Home,0,7.5,7,7,1
2012_11_IND_NE,2012,REG,11,2012-11-18,Sunday,16:25,IND,24,NE,59,Home,0,10,10,7,0
2012_11_BAL_PIT,2012,REG,11,2012-11-18,Sunday,20:20,BAL,13,PIT,10,Home,0,-3,7,6,1
2012_11_CHI_SF,2012,REG,11,2012-11-19,Monday,20:30,CHI,7,SF,32,Home,0,3.5,8,8,0
2012_12_HOU_DET,2012,REG,12,2012-11-22,Thursday,12:30,HOU,34,DET,31,Home,1,-3.5,4,4,0
2012_12_WAS_DAL,2012,REG,12,2012-11-22,Thursday,16:15,WAS,38,DAL,31,Home,0,3.5,4,4,1
2012_12_NE_NYJ,2012,REG,12,2012-11-22,Thursday,20:20,NE,49,NYJ,19,Home,0,-7,4,4,1
2012_12_MIN_CHI,2012,REG,12,2012-11-25,Sunday,13:00,MIN,10,CHI,28,Home,0,6.5,14,6,1
2012_12_OAK_CIN,2012,REG,12,2012-11-25,Sunday,13:00,OAK,10,CIN,34,Home,0,9.5,7,7,0
2012_12_PIT_CLE,2012,REG,12,2012-11-25,Sunday,13:00,PIT,14,CLE,20,Home,0,-1,7,7,1
2012_12_BUF_IND,2012,REG,12,2012-11-25,Sunday,13:00,BUF,13,IND,20,Home,0,2,10,7,0
2012_12_TEN_JAX,2012,REG,12,2012-11-25,Sunday,13:00,TEN,19,JAX,24,Home,0,-3.5,14,7,1
2012_12_DEN_KC,2012,REG,12,2012-11-25,Sunday,13:00,DEN,17,KC,9,Home,0,-10,7,7,1
2012_12_SEA_MIA,2012,REG,12,2012-11-25,Sunday,13:00,SEA,21,MIA,24,Home,0,-3,14,10,0
2012_12_ATL_TB,2012,REG,12,2012-11-25,Sunday,13:00,ATL,24,TB,23,Home,0,-1,7,7,1
2012_12_BAL_SD,2012,REG,12,2012-11-25,Sunday,16:05,BAL,16,SD,13,Home,1,-1,7,7,0
2012_12_STL_ARI,2012,REG,12,2012-11-25,Sunday,16:25,STL,31,ARI,17,Home,0,1,7,7,1
2012_12_SF_NO,2012,REG,12,2012-11-25,Sunday,16:25,SF,31,NO,21,Home,0,-1,6,7,0
2012_12_GB_NYG,2012,REG,12,2012-11-25,Sunday,20:20,GB,10,NYG,38,Home,0,1,7,14,0
2012_12_CAR_PHI,2012,REG,12,2012-11-26,Monday,20:30,CAR,30,PHI,22,Home,0,-3,8,8,0
2012_13_NO_ATL,2012,REG,13,2012-11-29,Thursday,20:20,NO,13,ATL,23,Home,0,3.5,4,4,1
2012_13_JAX_BUF,2012,REG,13,2012-12-02,Sunday,13:00,JAX,18,BUF,34,Home,0,6,7,7,0
2012_13_SEA_CHI,2012,REG,13,2012-12-02,Sunday,13:00,SEA,23,CHI,17,Home,1,3,7,7,0
2012_13_IND_DET,2012,REG,13,2012-12-02,Sunday,13:00,IND,35,DET,33,Home,0,7,7,10,0
2012_13_MIN_GB,2012,REG,13,2012-12-02,Sunday,13:00,MIN,14,GB,23,Home,0,7,7,7,1
2012_13_CAR_KC,2012,REG,13,2012-12-02,Sunday,13:00,CAR,21,KC,27,Home,0,-5,6,7,0
2012_13_NE_MIA,2012,REG,13,2012-12-02,Sunday,13:00,NE,23,MIA,16,Home,0,-7,10,7,1
2012_13_ARI_NYJ,2012,REG,13,2012-12-02,Sunday,13:00,ARI,6,NYJ,7,Home,0,6,7,10,0
2012_13_SF_STL,2012,REG,13,2012-12-02,Sunday,13:00,SF,13,STL,16,Home,1,-7,7,7,1
2012_13_HOU_TEN,2012,REG,13,2012-12-02,Sunday,13:00,HOU,24,TEN,10,Home,0,-7,10,7,1
2012_13_TB_DEN,2012,REG,13,2012-12-02,Sunday,16:05,TB,23,DEN,31,Home,0,9.5,7,7,0
2012_13_PIT_BAL,2012,REG,13,2012-12-02,Sunday,16:25,PIT,23,BAL,20,Home,0,7,7,7,1
2012_13_CLE_OAK,2012,REG,13,2012-12-02,Sunday,16:25,CLE,20,OAK,17,Home,0,-2.5,7,7,0
2012_13_CIN_SD,2012,REG,13,2012-12-02,Sunday,16:25,CIN,20,SD,13,Home,0,1,7,7,0
2012_13_PHI_DAL,2012,REG,13,2012-12-02,Sunday,20:20,PHI,33,DAL,38,Home,0,10.5,6,10,1
2012_13_NYG_WAS,2012,REG,13,2012-12-03,Monday,20:30,NYG,16,WAS,17,Home,0,-2.5,8,11,1
2012_14_DEN_OAK,2012,REG,14,2012-12-06,Thursday,20:20,DEN,26,OAK,13,Home,0,-10,4,4,1
2012_14_STL_BUF,2012,REG,14,2012-12-09,Sunday,13:00,STL,15,BUF,12,Home,0,3.5,7,7,0
2012_14_ATL_CAR,2012,REG,14,2012-12-09,Sunday,13:00,ATL,20,CAR,30,Home,0,-3,10,7,1
2012_14_DAL_CIN,2012,REG,14,2012-12-09,Sunday,13:00,DAL,20,CIN,19,Home,0,3.5,7,7,0
2012_14_KC_CLE,2012,REG,14,2012-12-09,Sunday,13:00,KC,7,CLE,30,Home,0,7,7,7,0
2012_14_TEN_IND,2012,REG,14,2012-12-09,Sunday,13:00,TEN,23,IND,27,Home,0,3.5,7,7,1
2012_14_NYJ_JAX,2012,REG,14,2012-12-09,Sunday,13:00,NYJ,17,JAX,10,Home,0,-3,7,7,0
2012_14_CHI_MIN,2012,REG,14,2012-12-09,Sunday,13:00,CHI,14,MIN,21,Home,0,-1,7,7,1
2012_14_SD_PIT,2012,REG,14,2012-12-09,Sunday,13:00,SD,34,PIT,24,Home,0,7,7,7,0
2012_14_PHI_TB,2012,REG,14,2012-12-09,Sunday,13:00,PHI,23,TB,21,Home,0,8,7,7,0
2012_14_BAL_WAS,2012,REG,14,2012-12-09,Sunday,13:00,BAL,28,WAS,31,Home,1,1,7,6,0
2012_14_MIA_SF,2012,REG,14,2012-12-09,Sunday,16:05,MIA,13,SF,27,Home,0,10.5,7,7,0
2012_14_NO_NYG,2012,REG,14,2012-12-09,Sunday,16:25,NO,27,NYG,52,Home,0,4,10,6,0
2012_14_ARI_SEA,2012,REG,14,2012-12-09,Sunday,16:25,ARI,0,SEA,58,Home,0,10.5,7,7,1
2012_14_DET_GB,2012,REG,14,2012-12-09,Sunday,20:20,DET,20,GB,27,Home,0,6,7,7,1
2012_14_HOU_NE,2012,REG,14,2012-12-10,Monday,20:30,HOU,14,NE,42,Home,0,5.5,8,8,0
2012_15_CIN_PHI,2012,REG,15,2012-12-13,Thursday,20:20,CIN,34,PHI,13,Home,0,-4.5,4,4,0
2012_15_NYG_ATL,2012,REG,15,2012-12-16,Sunday,13:00,NYG,0,ATL,34,Home,0,1,7,7,0
2012_15_DEN_BAL,2012,REG,15,2012-12-16,Sunday,13:00,DEN,34,BAL,17,Home,0,-3,10,7,0
2012_15_GB_CHI,2012,REG,15,2012-12-16,Sunday,13:00,GB,21,CHI,13,Home,0,-3,7,7,1
2012_15_WAS_CLE,2012,REG,15,2012-12-16,Sunday,13:00,WAS,38,CLE,21,Home,0,4,7,7,0
2012_15_IND_HOU,2012,REG,15,2012-12-16,Sunday,13:00,IND,17,HOU,29,Home,0,10.5,7,6,1
2012_15_JAX_MIA,2012,REG,15,2012-12-16,Sunday,13:00,JAX,3,MIA,24,Home,0,7.5,7,7,0
2012_15_TB_NO,2012,REG,15,2012-12-16,Sunday,13:00,TB,0,NO,41,Home,0,3.5,7,7,1
2012_15_MIN_STL,2012,REG,15,2012-12-16,Sunday,13:00,MIN,36,STL,22,Home,0,1,7,7,0
2012_15_DET_ARI,2012,REG,15,2012-12-16,Sunday,16:05,DET,10,ARI,38,Home,0,-5.5,7,7,0
2012_15_SEA_BUF,2012,REG,15,2012-12-16,Sunday,16:05,SEA,50,BUF,17,Home,0,-4.5,7,7,0
2012_15_CAR_SD,2012,REG,15,2012-12-16,Sunday,16:05,CAR,31,SD,7,Home,0,3,7,7,0
2012_15_PIT_DAL,2012,REG,15,2012-12-16,Sunday,16:25,PIT,24,DAL,27,Home,1,-1,7,7,0
2012_15_KC_OAK,2012,REG,15,2012-12-16,Sunday,16:25,KC,0,OAK,15,Home,0,4.5,7,10,1
2012_15_SF_NE,2012,REG,15,2012-12-16,Sunday,20:20,SF,41,NE,34,Home,0,4,7,6,0
2012_15_NYJ_TEN,2012,REG,15,2012-12-17,Monday,20:30,NYJ,10,TEN,14,Home,0,1,8,8,0
2012_16_ATL_DET,2012,REG,16,2012-12-22,Saturday,20:30,ATL,31,DET,18,Home,0,-3.5,6,6,0
2012_16_OAK_CAR,2012,REG,16,2012-12-23,Sunday,13:00,OAK,6,CAR,17,Home,0,9.5,7,7,0
2012_16_NO_DAL,2012,REG,16,2012-12-23,Sunday,13:00,NO,34,DAL,31,Home,1,1,7,7,0
2012_16_TEN_GB,2012,REG,16,2012-12-23,Sunday,13:00,TEN,7,GB,55,Home,0,10.5,6,7,0
2012_16_MIN_HOU,2012,REG,16,2012-12-23,Sunday,13:00,MIN,23,HOU,6,Home,0,7.5,7,7,0
2012_16_NE_JAX,2012,REG,16,2012-12-23,Sunday,13:00,NE,23,JAX,16,Home,0,-14,7,7,0
2012_16_IND_KC,2012,REG,16,2012-12-23,Sunday,13:00,IND,20,KC,13,Home,0,-4.5,7,7,0
2012_16_BUF_MIA,2012,REG,16,2012-12-23,Sunday,13:00,BUF,10,MIA,24,Home,0,5,7,7,1
2012_16_SD_NYJ,2012,REG,16,2012-12-23,Sunday,13:00,SD,27,NYJ,17,Home,0,3,7,6,0
2012_16_WAS_PHI,2012,REG,16,2012-12-23,Sunday,13:00,WAS,27,PHI,20,Home,0,-3.5,7,10,1
2012_16_CIN_PIT,2012,REG,16,2012-12-23,Sunday,13:00,CIN,13,PIT,10,Home,0,3.5,10,7,1
2012_16_STL_TB,2012,REG,16,2012-12-23,Sunday,13:00,STL,28,TB,13,Home,0,3,7,7,0
2012_16_CLE_DEN,2012,REG,16,2012-12-23,Sunday,16:05,CLE,12,DEN,34,Home,0,11,7,7,0
2012_16_CHI_ARI,2012,REG,16,2012-12-23,Sunday,16:25,CHI,28,ARI,13,Home,0,-7,7,7,0
2012_16_NYG_BAL,2012,REG,16,2012-12-23,Sunday,16:25,NYG,14,BAL,33,Home,0,-1,7,7,0
2012_16_SF_SEA,2012,REG,16,2012-12-23,Sunday,20:20,SF,13,SEA,42,Home,0,2.5,7,7,1
2012_17_TB_ATL,2012,REG,17,2012-12-30,Sunday,13:00,TB,22,ATL,17,Home,0,3,7,8,1
2012_17_NYJ_BUF,2012,REG,17,2012-12-30,Sunday,13:00,NYJ,9,BUF,28,Home,0,3.5,7,7,1
2012_17_BAL_CIN,2012,REG,17,2012-12-30,Sunday,13:00,BAL,17,CIN,23,Home,0,5.5,7,7,1
2012_17_CHI_DET,2012,REG,17,2012-12-30,Sunday,13:00,CHI,26,DET,24,Home,0,-3,7,8,1
2012_17_HOU_IND,2012,REG,17,2012-12-30,Sunday,13:00,HOU,16,IND,28,Home,0,-6.5,7,7,1
2012_17_CAR_NO,2012,REG,17,2012-12-30,Sunday,13:00,CAR,44,NO,38,Home,0,4,7,7,1
2012_17_PHI_NYG,2012,REG,17,2012-12-30,Sunday,13:00,PHI,7,NYG,42,Home,0,6.5,7,7,1
2012_17_CLE_PIT,2012,REG,17,2012-12-30,Sunday,13:00,CLE,10,PIT,24,Home,0,10,7,7,1
2012_17_JAX_TEN,2012,REG,17,2012-12-30,Sunday,13:00,JAX,20,TEN,38,Home,0,6,7,7,1
2012_17_KC_DEN,2012,REG,17,2012-12-30,Sunday,16:25,KC,3,DEN,38,Home,0,17,7,7,1
2012_17_GB_MIN,2012,REG,17,2012-12-30,Sunday,16:25,GB,34,MIN,37,Home,0,-3,7,7,1
2012_17_MIA_NE,2012,REG,17,2012-12-30,Sunday,16:25,MIA,0,NE,28,Home,0,11.5,7,7,1
2012_17_OAK_SD,2012,REG,17,2012-12-30,Sunday,16:25,OAK,21,SD,24,Home,0,9.5,7,7,1
2012_17_STL_SEA,2012,REG,17,2012-12-30,Sunday,16:25,STL,13,SEA,20,Home,0,11,7,7,1
2012_17_ARI_SF,2012,REG,17,2012-12-30,Sunday,16:25,ARI,13,SF,27,Home,0,16,7,7,1
2012_17_DAL_WAS,2012,REG,17,2012-12-30,Sunday,20:20,DAL,18,WAS,28,Home,0,3,7,7,1
2012_18_CIN_HOU,2012,WC,18,2013-01-05,Saturday,16:30,CIN,13,HOU,19,Home,0,4,6,6,0
2012_18_MIN_GB,2012,WC,18,2013-01-05,Saturday,20:00,MIN,10,GB,24,Home,0,10.5,6,6,1
2012_18_IND_BAL,2012,WC,18,2013-01-06,Sunday,13:00,IND,9,BAL,24,Home,0,7.5,7,7,0
2012_18_SEA_WAS,2012,WC,18,2013-01-06,Sunday,16:30,SEA,24,WAS,14,Home,0,-3,7,7,0
2012_19_BAL_DEN,2012,DIV,19,2013-01-12,Saturday,16:30,BAL,38,DEN,35,Home,1,9.5,6,13,0
2012_19_GB_SF,2012,DIV,19,2013-01-12,Saturday,20:00,GB,31,SF,45,Home,0,3,7,13,0
2012_19_SEA_ATL,2012,DIV,19,2013-01-13,Sunday,13:00,SEA,28,ATL,30,Home,0,2.5,7,14,0
2012_19_HOU_NE,2012,DIV,19,2013-01-13,Sunday,16:30,HOU,28,NE,41,Home,0,9.5,8,14,0
2012_20_SF_ATL,2012,CON,20,2013-01-20,Sunday,15:00,SF,28,ATL,24,Home,0,-3.5,8,7,0
2012_20_BAL_NE,2012,CON,20,2013-01-20,Sunday,18:30,BAL,28,NE,13,Home,0,8,8,7,0
2012_21_BAL_SF,2012,SB,21,2013-02-03,Sunday,18:30,BAL,34,SF,31,Neutral,0,4.5,14,14,0
2013_01_BAL_DEN,2013,REG,1,2013-09-05,Thursday,20:30,BAL,27,DEN,49,Home,0,7.5,7,7,0
2013_01_NE_BUF,2013,REG,1,2013-09-08,Sunday,13:00,NE,23,BUF,21,Home,0,-10,7,7,1
2013_01_SEA_CAR,2013,REG,1,2013-09-08,Sunday,13:00,SEA,12,CAR,7,Home,0,-3,7,7,0
2013_01_CIN_CHI,2013,REG,1,2013-09-08,Sunday,13:00,CIN,21,CHI,24,Home,0,3,7,7,0
2013_01_MIA_CLE,2013,REG,1,2013-09-08,Sunday,13:00,MIA,23,CLE,10,Home,0,2.5,7,7,0
2013_01_MIN_DET,2013,REG,1,2013-09-08,Sunday,13:00,MIN,24,DET,34,Home,0,4,7,7,1
2013_01_OAK_IND,2013,REG,1,2013-09-08,Sunday,13:00,OAK,17,IND,21,Home,0,11,7,7,0
2013_01_KC_JAX,2013,REG,1,2013-09-08,Sunday,13:00,KC,28,JAX,2,Home,0,-3.5,7,7,0
2013_01_ATL_NO,2013,REG,1,2013-09-08,Sunday,13:00,ATL,17,NO,23,Home,0,3.5,7,7,1
2013_01_TB_NYJ,2013,REG,1,2013-09-08,Sunday,13:00,TB,17,NYJ,18,Home,0,-4,7,7,0
2013_01_TEN_PIT,2013,REG,1,2013-09-08,Sunday,13:00,TEN,16,PIT,9,Home,0,6,7,7,0
2013_01_GB_SF,2013,REG,1,2013-09-08,Sunday,16:25,GB,28,SF,34,Home,0,5,7,7,0
2013_01_ARI_STL,2013,REG,1,2013-09-08,Sunday,16:25,ARI,24,STL,27,Home,0,3.5,7,7,1
2013_01_NYG_DAL,2013,REG,1,2013-09-08,Sunday,20:30,NYG,31,DAL,36,Home,0,3.5,7,7,1
2013_01_PHI_WAS,2013,REG,1,2013-09-09,Monday,19:00,PHI,33,WAS,27,Home,0,4,7,7,1
2013_01_HOU_SD,2013,REG,1,2013-09-09,Monday,22:15,HOU,31,SD,28,Home,0,-5,7,7,0
2013_02_NYJ_NE,2013,REG,2,2013-09-12,Thursday,20:25,NYJ,10,NE,13,Home,0,10.5,4,4,1
2013_02_STL_ATL,2013,REG,2,2013-09-15,Sunday,13:00,STL,24,ATL,31,Home,0,4,7,7,0
2013_02_CLE_BAL,2013,REG,2,2013-09-15,Sunday,13:00,CLE,6,BAL,14,Home,0,5.5,7,10,1
2013_02_CAR_BUF,2013,REG,2,2013-09-15,Sunday,13:00,CAR,23,BUF,24,Home,0,-3.5,7,7,0
2013_02_MIN_CHI,2013,REG,2,2013-09-15,Sunday,13:00,MIN,30,CHI,31,Home,0,6,7,7,1
2013_02_WAS_GB,2013,REG,2,2013-09-15,Sunday,13:00,WAS,20,GB,38,Home,0,9,6,7,0
2013_02_TEN_HOU,2013,REG,2,2013-09-15,Sunday,13:00,TEN,24,HOU,30,Home,1,7.5,7,6,1
2013_02_MIA_IND,2013,REG,2,2013-09-15,Sunday,13:00,MIA,24,IND,20,Home,0,1,7,7,0
2013_02_DAL_KC,2013,REG,2,2013-09-15,Sunday,13:00,DAL,16,KC,17,Home,0,3,7,7,0
2013_02_SD_PHI,2013,REG,2,2013-09-15,Sunday,13:00,SD,33,PHI,30,Home,0,7.5,6,6,0
2013_02_DET_ARI,2013,REG,2,2013-09-15,Sunday,16:05,DET,21,ARI,25,Home,0,-1,7,7,0
2013_02_NO_TB,2013,REG,2,2013-09-15,Sunday,16:05,NO,16,TB,14,Home,0,-3,7,7,1
2013_02_DEN_NYG,2013,REG,2,2013-09-15,Sunday,16:25,DEN,41,NYG,23,Home,0,-3.5,10,7,0
2013_02_JAX_OAK,2013,REG,2,2013-09-15,Sunday,16:25,JAX,9,OAK,19,Home,0,3.5,7,7,0
2013_02_SF_SEA,2013,REG,2,2013-09-15,Sunday,20:30,SF,3,SEA,29,Home,0,3,7,7,1
2013_02_PIT_CIN,2013,REG,2,2013-09-16,Monday,20:30,PIT,10,CIN,20,Home,0,7,8,8,1
2013_03_KC_PHI,2013,REG,3,2013-09-19,Thursday,20:25,KC,26,PHI,16,Home,0,3,4,4,0
2013_03_HOU_BAL,2013,REG,3,2013-09-22,Sunday,13:00,HOU,9,BAL,30,Home,0,1,7,7,0
2013_03_NYG_CAR,2013,REG,3,2013-09-22,Sunday,13:00,NYG,0,CAR,38,Home,0,-1,7,7,0
2013_03_GB_CIN,2013,REG,3,2013-09-22,Sunday,13:00,GB,30,CIN,34,Home,0,-3,7,6,0
2013_03_STL_DAL,2013,REG,3,2013-09-22,Sunday,13:00,STL,7,DAL,31,Home,0,3.5,7,7,0
2013_03_CLE_MIN,2013,REG,3,2013-09-22,Sunday,13:00,CLE,31,MIN,27,Home,0,7,7,7,0
2013_03_TB_NE,2013,REG,3,2013-09-22,Sunday,13:00,TB,3,NE,23,Home,0,7.5,7,10,0
2013_03_ARI_NO,2013,REG,3,2013-09-22,Sunday,13:00,ARI,7,NO,31,Home,0,8,7,7,0
2013_03_SD_TEN,2013,REG,3,2013-09-22,Sunday,13:00,SD,17,TEN,20,Home,0,3,7,7,0
2013_03_DET_WAS,2013,REG,3,2013-09-22,Sunday,13:00,DET,27,WAS,20,Home,0,-1,7,7,0
2013_03_ATL_MIA,2013,REG,3,2013-09-22,Sunday,16:05,ATL,23,MIA,27,Home,0,3,7,7,0
2013_03_BUF_NYJ,2013,REG,3,2013-09-22,Sunday,16:25,BUF,20,NYJ,27,Home,0,2.5,7,10,1
2013_03_JAX_SEA,2013,REG,3,2013-09-22,Sunday,16:25,JAX,17,SEA,45,Home,0,19.5,7,7,0
2013_03_IND_SF,2013,REG,3,2013-09-22,Sunday,16:25,IND,27,SF,7,Home,0,10.5,7,7,0
2013_03_CHI_PIT,2013,REG,3,2013-09-22,Sunday,20:30,CHI,40,PIT,23,Home,0,-2.5,7,6,0
2013_03_OAK_DEN,2013,REG,3,2013-09-23,Monday,20:30,OAK,21,DEN,37,Home,0,16,8,8,1
2013_04_SF_STL,2013,REG,4,2013-09-26,Thursday,20:25,SF,35,STL,11,Home,0,-3,4,4,1
2013_04_BAL_BUF,2013,REG,4,2013-09-29,Sunday,13:00,BAL,20,BUF,23,Home,0,-4,7,7,0
2013_04_CIN_CLE,2013,REG,4,2013-09-29,Sunday,13:00,CIN,6,CLE,17,Home,0,-3.5,7,7,1
2013_04_CHI_DET,2013,REG,4,2013-09-29,Sunday,13:00,CHI,32,DET,40,Home,0,3,7,7,1
2013_04_SEA_HOU,2013,REG,4,2013-09-29,Sunday,13:00,SEA,23,HOU,20,Home,1,-1,7,7,0
2013_04_IND_JAX,2013,REG,4,2013-09-29,Sunday,13:00,IND,37,JAX,3,Home,0,-9.5,7,7,1
2013_04_NYG_KC,2013,REG,4,2013-09-29,Sunday,13:00,NYG,7,KC,31,Home,0,3.5,7,10,0
2013_04_PIT_MIN,2013,REG,4,2013-09-29,Sunday,13:00,PIT,27,MIN,34,Neutral,0,-3,7,7,0
2013_04_ARI_TB,2013,REG,4,2013-09-29,Sunday,13:00,ARI,13,TB,10,Home,0,2.5,7,7,0
2013_04_NYJ_TEN,2013,REG,4,2013-09-29,Sunday,16:05,NYJ,13,TEN,38,Home,0,3.5,7,7,0
2013_04_PHI_DEN,2013,REG,4,2013-09-29,Sunday,16:25,PHI,20,DEN,52,Home,0,10.5,10,6,0
2013_04_WAS_OAK,2013,REG,4,2013-09-29,Sunday,16:25,WAS,24,OAK,14,Home,0,-3.5,7,6,0
2013_04_DAL_SD,2013,REG,4,2013-09-29,Sunday,16:25,DAL,21,SD,30,Home,0,-1,7,7,0
2013_04_NE_ATL,2013,REG,4,2013-09-29,Sunday,20:30,NE,30,ATL,23,Home,0,3,7,7,0
2013_04_MIA_NO,2013,REG,4,2013-09-30,Monday,20:30,MIA,17,NO,38,Home,0,7,8,8,0
2013_05_BUF_CLE,2013,REG,5,2013-10-03,Thursday,20:25,BUF,24,CLE,37,Home,0,3.5,4,4,0
2013_05_NO_CHI,2013,REG,5,2013-10-06,Sunday,13:00,NO,26,CHI,18,Home,0,1,6,7,0
2013_05_NE_CIN,2013,REG,5,2013-10-06,Sunday,13:00,NE,6,CIN,13,Home,0,-2,7,7,0
2013_05_DET_GB,2013,REG,5,2013-10-06,Sunday,13:00,DET,9,GB,22,Home,0,10,7,14,1
2013_05_SEA_IND,2013,REG,5,2013-10-06,Sunday,13:00,SEA,28,IND,34,Home,0,-3,7,7,0
2013_05_BAL_MIA,2013,REG,5,2013-10-06,Sunday,13:00,BAL,26,MIA,23,Home,0,2.5,7,6,0
2013_05_PHI_NYG,2013,REG,5,2013-10-06,Sunday,13:00,PHI,36,NYG,21,Home,0,-1,7,7,1
2013_05_JAX_STL,2013,REG,5,2013-10-06,Sunday,13:00,JAX,20,STL,34,Home,0,11,7,10,0
2013_05_KC_TEN,2013,REG,5,2013-10-06,Sunday,13:00,KC,26,TEN,17,Home,0,-2.5,7,7,0
2013_05_CAR_ARI,2013,REG,5,2013-10-06,Sunday,16:05,CAR,6,ARI,22,Home,0,-3,14,7,0
2013_05_DEN_DAL,2013,REG,5,2013-10-06,Sunday,16:25,DEN,51,DAL,48,Home,0,-7.5,7,7,0
2013_05_HOU_SF,2013,REG,5,2013-10-06,Sunday,20:30,HOU,3,SF,34,Home,0,4,7,10,0
2013_05_SD_OAK,2013,REG,5,2013-10-06,Sunday,23:30,SD,17,OAK,27,Home,0,-6,7,7,1
2013_05_NYJ_ATL,2013,REG,5,2013-10-07,Monday,20:30,NYJ,30,ATL,28,Home,0,10,8,8,0
2013_06_NYG_CHI,2013,REG,6,2013-10-10,Thursday,20:25,NYG,21,CHI,27,Home,0,9.5,4,4,0
2013_06_GB_BAL,2013,REG,6,2013-10-13,Sunday,13:00,GB,19,BAL,17,Home,0,-1,7,7,0
2013_06_CIN_BUF,2013,REG,6,2013-10-13,Sunday,13:00,CIN,27,BUF,24,Home,1,-6,7,10,0
2013_06_DET_CLE,2013,REG,6,2013-10-13,Sunday,13:00,DET,31,CLE,17,Home,0,-1,7,10,0
2013_06_STL_HOU,2013,REG,6,2013-10-13,Sunday,13:00,STL,38,HOU,13,Home,0,9.5,7,7,0
2013_06_OAK_KC,2013,REG,6,2013-10-13,Sunday,13:00,OAK,7,KC,24,Home,0,7.5,7,7,1
2013_06_CAR_MIN,2013,REG,6,2013-10-13,Sunday,13:00,CAR,35,MIN,10,Home,0,2.5,7,14,0
2013_06_PIT_NYJ,2013,REG,6,2013-10-13,Sunday,13:00,PIT,19,NYJ,6,Home,0,-1,14,6,0
2013_06_PHI_TB,2013,REG,6,2013-10-13,Sunday,13:00,PHI,31,TB,20,Home,0,-2.5,7,14,0
2013_06_JAX_DEN,2013,REG,6,2013-10-13,Sunday,16:05,JAX,19,DEN,35,Home,0,27,7,7,0
2013_06_TEN_SEA,2013,REG,6,2013-10-13,Sunday,16:05,TEN,13,SEA,20,Home,0,11,7,7,0
2013_06_NO_NE,2013,REG,6,2013-10-13,Sunday,16:25,NO,27,NE,30,Home,0,2.5,7,7,0
2013_06_ARI_SF,2013,REG,6,2013-10-13,Sunday,16:25,ARI,20,SF,32,Home,0,10,7,7,1
2013_06_WAS_DAL,2013,REG,6,2013-10-13,Sunday,20:30,WAS,16,DAL,31,Home,0,5.5,14,7,1
2013_06_IND_SD,2013,REG,6,2013-10-14,Monday,20:30,IND,9,SD,19,Home,0,-1,8,8,0
2013_07_SEA_ARI,2013,REG,7,2013-10-17,Thursday,20:25,SEA,34,ARI,22,Home,0,-5,4,4,1
2013_07_TB_ATL,2013,REG,7,2013-10-20,Sunday,13:00,TB,23,ATL,31,Home,0,6,7,13,1
2013_07_STL_CAR,2013,REG,7,2013-10-20,Sunday,13:00,STL,15,CAR,30,Home,0,8,7,7,0
2013_07_CIN_DET,2013,REG,7,2013-10-20,Sunday,13:00,CIN,27,DET,24,Home,0,2.5,7,7,0
2013_07_SD_JAX,2013,REG,7,2013-10-20,Sunday,13:00,SD,24,JAX,6,Home,0,-7.5,6,7,0
2013_07_BUF_MIA,2013,REG,7,2013-10-20,Sunday,13:00,BUF,23,MIA,21,Home,0,6,7,14,1
2013_07_NE_NYJ,2013,REG,7,2013-10-20,Sunday,13:00,NE,27,NYJ,30,Home,1,-3.5,7,7,1
2013_07_DAL_PHI,2013,REG,7,2013-10-20,Sunday,13:00,DAL,17,PHI,3,Home,0,3,7,7,1
2013_07_CHI_WAS,2013,REG,7,2013-10-20,Sunday,13:00,CHI,41,WAS,45,Home,0,-1,10,7,0
2013_07_SF_TEN,2013,REG,7,2013-10-20,Sunday,16:05,SF,31,TEN,17,Home,0,-3,7,7,0
2013_07_CLE_GB,2013,REG,7,2013-10-20,Sunday,16:25,CLE,13,GB,31,Home,0,7.5,7,7,0
2013_07_HOU_KC,2013,REG,7,2013-10-20,Sunday,16:25,HOU,16,KC,17,Home,0,7,7,7,0
2013_07_BAL_PIT,2013,REG,7,2013-10-20,Sunday,16:25,BAL,16,PIT,19,Home,0,2.5,7,7,1
2013_07_DEN_IND,2013,REG,7,2013-10-20,Sunday,20:30,DEN,33,IND,39,Home,0,-6,7,6,0
2013_07_MIN_NYG,2013,REG,7,2013-10-21,Monday,20:30,MIN,7,NYG,23,Home,0,4,8,11,0
2013_08_CAR_TB,2013,REG,8,2013-10-24,Thursday,20:25,CAR,31,TB,13,Home,0,-6.5,4,4,1
2013_08_DAL_DET,2013,REG,8,2013-10-27,Sunday,13:00,DAL,30,DET,31,Home,0,3,7,7,0
2013_08_SF_JAX,2013,REG,8,2013-10-27,Sunday,13:00,SF,42,JAX,10,Neutral,0,-16,7,7,0
2013_08_CLE_KC,2013,REG,8,2013-10-27,Sunday,13:00,CLE,17,KC,23,Home,0,7,7,7,0
2013_08_MIA_NE,2013,REG,8,2013-10-27,Sunday,13:00,MIA,17,NE,27,Home,0,6.5,7,7,1
2013_08_BUF_NO,2013,REG,8,2013-10-27,Sunday,13:00,BUF,17,NO,35,Home,0,10.5,7,14,0
2013_08_NYG_PHI,2013,REG,8,2013-10-27,Sunday,13:00,NYG,15,PHI,7,Home,0,5.5,6,7,1
2013_08_NYJ_CIN,2013,REG,8,2013-10-27,Sunday,16:05,NYJ,9,CIN,49,Home,0,6,7,7,0
2013_08_PIT_OAK,2013,REG,8,2013-10-27,Sunday,16:05,PIT,18,OAK,21,Home,0,-2.5,7,14,0
2013_08_ATL_ARI,2013,REG,8,2013-10-27,Sunday,16:25,ATL,13,ARI,27,Home,0,2.5,7,10,0
2013_08_WAS_DEN,2013,REG,8,2013-10-27,Sunday,16:25,WAS,21,DEN,45,Home,0,11,7,7,0
2013_08_GB_MIN,2013,REG,8,2013-10-27,Sunday,20:30,GB,44,MIN,31,Home,0,-7,7,6,1
2013_08_SEA_STL,2013,REG,8,2013-10-28,Monday,20:30,SEA,14,STL,9,Home,0,-13,11,8,1
2013_09_CIN_MIA,2013,REG,9,2013-10-31,Thursday,20:25,CIN,20,MIA,22,Home,1,-3,4,4,0
2013_09_KC_BUF,2013,REG,9,2013-11-03,Sunday,13:00,KC,23,BUF,13,Home,0,-4.5,7,7,0
2013_09_ATL_CAR,2013,REG,9,2013-11-03,Sunday,13:00,ATL,10,CAR,34,Home,0,10,7,10,1
2013_09_MIN_DAL,2013,REG,9,2013-11-03,Sunday,13:00,MIN,23,DAL,27,Home,0,10,7,7,0
2013_09_NO_NYJ,2013,REG,9,2013-11-03,Sunday,13:00,NO,20,NYJ,26,Home,0,-6,7,7,0
2013_09_TEN_STL,2013,REG,9,2013-11-03,Sunday,13:00,TEN,28,STL,21,Home,0,-3,14,6,0
2013_09_SD_WAS,2013,REG,9,2013-11-03,Sunday,13:00,SD,24,WAS,30,Home,1,1,14,7,0
2013_09_PHI_OAK,2013,REG,9,2013-11-03,Sunday,16:05,PHI,49,OAK,20,Home,0,-1,7,7,0
2013_09_TB_SEA,2013,REG,9,2013-11-03,Sunday,16:05,TB,24,SEA,27,Home,1,16,10,6,0
2013_09_BAL_CLE,2013,REG,9,2013-11-03,Sunday,16:25,BAL,18,CLE,24,Home,0,-1,14,7,1
2013_09_PIT_NE,2013,REG,9,2013-11-03,Sunday,16:25,PIT,31,NE,55,Home,0,5.5,7,7,0
2013_09_IND_HOU,2013,REG,9,2013-11-03,Sunday,20:30,IND,27,HOU,24,Home,0,-1,14,14,1
2013_09_CHI_GB,2013,REG,9,2013-11-04,Monday,20:30,CHI,27,GB,20,Home,0,10,15,8,1
2013_10_WAS_MIN,2013,REG,10,2013-11-07,Thursday,20:25,WAS,27,MIN,34,Home,0,-1,4,4,0
2013_10_SEA_ATL,2013,REG,10,2013-11-10,Sunday,13:00,SEA,33,ATL,10,Home,0,-3.5,7,7,0
2013_10_CIN_BAL,2013,REG,10,2013-11-10,Sunday,13:00,CIN,17,BAL,20,Home,1,1,10,7,1
2013_10_DET_CHI,2013,REG,10,2013-11-10,Sunday,13:00,DET,21,CHI,19,Home,0,-1,14,6,1
2013_10_PHI_GB,2013,REG,10,2013-11-10,Sunday,13:00,PHI,27,GB,13,Home,0,-1,7,6,0
2013_10_STL_IND,2013,REG,10,2013-11-10,Sunday,13:00,STL,38,IND,8,Home,0,7.5,7,7,0
2013_10_OAK_NYG,2013,REG,10,2013-11-10,Sunday,13:00,OAK,20,NYG,24,Home,0,7.5,7,14,0
2013_10_BUF_PIT,2013,REG,10,2013-11-10,Sunday,13:00,BUF,10,PIT,23,Home,0,3,7,7,0
2013_10_JAX_TEN,2013,REG,10,2013-11-10,Sunday,13:00,JAX,29,TEN,27,Home,0,11.5,14,7,1
2013_10_CAR_SF,2013,REG,10,2013-11-10,Sunday,16:05,CAR,10,SF,9,Home,0,6,7,14,0
2013_10_HOU_ARI,2013,REG,10,2013-11-10,Sunday,16:25,HOU,24,ARI,27,Home,0,4,7,14,0
2013_10_DEN_SD,2013,REG,10,2013-11-10,Sunday,16:25,DEN,28,SD,20,Home,0,-7,14,7,1
2013_10_DAL_NO,2013,REG,10,2013-11-10,Sunday,20:30,DAL,17,NO,49,Home,0,6,7,7,0
2013_10_MIA_TB,2013,REG,10,2013-11-11,Monday,20:30,MIA,19,TB,22,Home,0,-1,11,8,0
2013_11_IND_TEN,2013,REG,11,2013-11-14,Thursday,20:25,IND,30,TEN,27,Home,0,-2.5,4,4,1
2013_11_NYJ_BUF,2013,REG,11,2013-11-17,Sunday,13:00,NYJ,14,BUF,37,Home,0,-1,14,7,1
2013_11_BAL_CHI,2013,REG,11,2013-11-17,Sunday,13:00,BAL,20,CHI,23,Home,1,4,7,7,0
2013_11_CLE_CIN,2013,REG,11,2013-11-17,Sunday,13:00,CLE,20,CIN,41,Home,0,4,14,7,1
2013_11_OAK_HOU,2013,REG,11,2013-11-17,Sunday,13:00,OAK,28,HOU,23,Home,0,10.5,7,7,0
2013_11_ARI_JAX,2013,REG,11,2013-11-17,Sunday,13:00,ARI,27,JAX,14,Home,0,-9.5,7,7,0
2013_11_WAS_PHI,2013,REG,11,2013-11-17,Sunday,13:00,WAS,16,PHI,24,Home,0,4.5,10,7,1
2013_11_DET_PIT,2013,REG,11,2013-11-17,Sunday,13:00,DET,27,PIT,37,Home,0,-3,7,7,0
2013_11_ATL_TB,2013,REG,11,2013-11-17,Sunday,13:00,ATL,28,TB,41,Home,0,1,7,6,1
2013_11_SD_MIA,2013,REG,11,2013-11-17,Sunday,16:05,SD,16,MIA,20,Home,0,-2.5,7,6,0
2013_11_SF_NO,2013,REG,11,2013-11-17,Sunday,16:25,SF,20,NO,23,Home,0,3.5,7,7,0
2013_11_GB_NYG,2013,REG,11,2013-11-17,Sunday,16:25,GB,13,NYG,27,Home,0,3.5,7,7,0
2013_11_MIN_SEA,2013,REG,11,2013-11-17,Sunday,16:25,MIN,20,SEA,41,Home,0,13,10,7,0
2013_11_KC_DEN,2013,REG,11,2013-11-17,Sunday,20:30,KC,17,DEN,27,Home,0,7.5,14,7,1
2013_11_NE_CAR,2013,REG,11,2013-11-18,Monday,20:30,NE,20,CAR,24,Home,0,3,15,8,0
2013_12_NO_ATL,2013,REG,12,2013-11-21,Thursday,20:25,NO,17,ATL,13,Home,0,-7.5,4,4,1
2013_12_NYJ_BAL,2013,REG,12,2013-11-24,Sunday,13:00,NYJ,3,BAL,19,Home,0,4,7,7,0
2013_12_PIT_CLE,2013,REG,12,2013-11-24,Sunday,13:00,PIT,27,CLE,11,Home,0,2.5,7,7,1
2013_12_TB_DET,2013,REG,12,2013-11-24,Sunday,13:00,TB,24,DET,21,Home,0,7,7,7,0
2013_12_MIN_GB,2013,REG,12,2013-11-24,Sunday,13:00,MIN,26,GB,26,Home,1,6,7,7,1
2013_12_JAX_HOU,2013,REG,12,2013-11-24,Sunday,13:00,JAX,13,HOU,6,Home,0,10.5,7,7,1
2013_12_SD_KC,2013,REG,12,2013-11-24,Sunday,13:00,SD,41,KC,38,Home,0,3.5,7,7,1
2013_12_CAR_MIA,2013,REG,12,2013-11-24,Sunday,13:00,CAR,20,MIA,16,Home,0,-4.5,6,7,0
2013_12_CHI_STL,2013,REG,12,2013-11-24,Sunday,13:00,CHI,21,STL,42,Home,0,1,7,14,0
2013_12_IND_ARI,2013,REG,12,2013-11-24,Sunday,16:05,IND,11,ARI,40,Home,0,3.5,10,7,0
2013_12_TEN_OAK,2013,REG,12,2013-11-24,Sunday,16:05,TEN,23,OAK,19,Home,0,-2.5,10,7,0
2013_12_DAL_NYG,2013,REG,12,2013-11-24,Sunday,16:25,DAL,24,NYG,21,Home,0,1,14,7,1
2013_12_DEN_NE,2013,REG,12,2013-11-24,Sunday,20:30,DEN,31,NE,34,Home,1,1,7,6,0
2013_12_SF_WAS,2013,REG,12,2013-11-25,Monday,20:30,SF,27,WAS,6,Home,0,-5.5,8,8,0
2013_13_GB_DET,2013,REG,13,2013-11-28,Thursday,12:30,GB,10,DET,40,Home,0,7,4,4,1
2013_13_OAK_DAL,2013,REG,13,2013-11-28,Thursday,16:30,OAK,24,DAL,31,Home,0,10,4,4,0
2013_13_PIT_BAL,2013,REG,13,2013-11-28,Thursday,20:30,PIT,20,BAL,22,Home,0,3,4,4,1
2013_13_TB_CAR,2013,REG,13,2013-12-01,Sunday,13:00,TB,6,CAR,27,Home,0,7.5,7,7,1
2013_13_JAX_CLE,2013,REG,13,2013-12-01,Sunday,13:00,JAX,32,CLE,28,Home,0,7.5,7,7,0
2013_13_NE_HOU,2013,REG,13,2013-12-01,Sunday,13:00,NE,34,HOU,31,Home,0,-7,7,7,0
2013_13_TEN_IND,2013,REG,13,2013-12-01,Sunday,13:00,TEN,14,IND,22,Home,0,3.5,7,7,1
2013_13_CHI_MIN,2013,REG,13,2013-12-01,Sunday,13:00,CHI,20,MIN,23,Home,1,2.5,7,7,1
2013_13_MIA_NYJ,2013,REG,13,2013-12-01,Sunday,13:00,MIA,23,NYJ,3,Home,0,-1,7,7,1
2013_13_ARI_PHI,2013,REG,13,2013-12-01,Sunday,13:00,ARI,21,PHI,24,Home,0,3.5,7,14,0
2013_13_ATL_BUF,2013,REG,13,2013-12-01,Sunday,16:05,ATL,34,BUF,31,Neutral,1,5,10,14,0
2013_13_STL_SF,2013,REG,13,2013-12-01,Sunday,16:05,STL,13,SF,23,Home,0,7.5,7,6,1
2013_13_DEN_KC,2013,REG,13,2013-12-01,Sunday,16:25,DEN,35,KC,28,Home,0,-5,7,7,1
2013_13_CIN_SD,2013,REG,13,2013-12-01,Sunday,16:25,CIN,17,SD,10,Home,0,-2.5,14,7,0
2013_13_NYG_WAS,2013,REG,13,2013-12-01,Sunday,20:30,NYG,24,WAS,17,Home,0,1,7,6,1
2013_13_NO_SEA,2013,REG,13,2013-12-02,Monday,20:30,NO,7,SEA,34,Home,0,6.5,11,15,0
2013_14_HOU_JAX,2013,REG,14,2013-12-05,Thursday,20:25,HOU,20,JAX,27,Home,0,-3,4,4,1
2013_14_MIN_BAL,2013,REG,14,2013-12-08,Sunday,13:00,MIN,26,BAL,29,Home,0,6,7,10,0
2013_14_IND_CIN,2013,REG,14,2013-12-08,Sunday,13:00,IND,28,CIN,42,Home,0,7,7,7,0
2013_14_ATL_GB,2013,REG,14,2013-12-08,Sunday,13:00,ATL,21,GB,22,Home,0,3.5,7,10,0
2013_14_CLE_NE,2013,REG,14,2013-12-08,Sunday,13:00,CLE,26,NE,27,Home,0,9.5,7,7,0
2013_14_OAK_NYJ,2013,REG,14,2013-12-08,Sunday,13:00,OAK,27,NYJ,37,Home,0,3,10,7,0
2013_14_DET_PHI,2013,REG,14,2013-12-08,Sunday,13:00,DET,20,PHI,34,Home,0,2.5,10,7,0
2013_14_MIA_PIT,2013,REG,14,2013-12-08,Sunday,13:00,MIA,34,PIT,28,Home,0,3,7,10,0
2013_14_BUF_TB,2013,REG,14,2013-12-08,Sunday,13:00,BUF,6,TB,27,Home,0,3,7,7,0
2013_14_KC_WAS,2013,REG,14,2013-12-08,Sunday,13:00,KC,45,WAS,10,Home,0,-3.5,7,7,0
2013_14_TEN_DEN,2013,REG,14,2013-12-08,Sunday,16:05,TEN,28,DEN,51,Home,0,13,7,7,0
2013_14_STL_ARI,2013,REG,14,2013-12-08,Sunday,16:25,STL,10,ARI,30,Home,0,4,7,7,1
2013_14_NYG_SD,2013,REG,14,2013-12-08,Sunday,16:25,NYG,14,SD,37,Home,0,4.5,7,7,0
2013_14_SEA_SF,2013,REG,14,2013-12-08,Sunday,16:25,SEA,17,SF,19,Home,0,2.5,6,7,1
2013_14_CAR_NO,2013,REG,14,2013-12-08,Sunday,20:30,CAR,13,NO,31,Home,0,3,7,6,1
2013_14_DAL_CHI,2013,REG,14,2013-12-09,Monday,20:30,DAL,28,CHI,45,Home,0,2,11,8,0
2013_15_SD_DEN,2013,REG,15,2013-12-12,Thursday,20:25,SD,27,DEN,20,Home,0,10,4,4,1
2013_15_WAS_ATL,2013,REG,15,2013-12-15,Sunday,13:00,WAS,26,ATL,27,Home,0,5.5,7,7,0
2013_15_CHI_CLE,2013,REG,15,2013-12-15,Sunday,13:00,CHI,38,CLE,31,Home,0,1,6,7,0
2013_15_HOU_IND,2013,REG,15,2013-12-15,Sunday,13:00,HOU,3,IND,25,Home,0,6,10,7,1
2013_15_BUF_JAX,2013,REG,15,2013-12-15,Sunday,13:00,BUF,27,JAX,20,Home,0,-4,7,10,0
2013_15_NE_MIA,2013,REG,15,2013-12-15,Sunday,13:00,NE,20,MIA,24,Home,0,2.5,7,7,1
2013_15_PHI_MIN,2013,REG,15,2013-12-15,Sunday,13:00,PHI,30,MIN,48,Home,0,-6.5,7,7,0
2013_15_SEA_NYG,2013,REG,15,2013-12-15,Sunday,13:00,SEA,23,NYG,0,Home,0,-9.5,7,7,0
2013_15_SF_TB,2013,REG,15,2013-12-15,Sunday,13:00,SF,33,TB,14,Home,0,-4.5,7,7,0
2013_15_NYJ_CAR,2013,REG,15,2013-12-15,Sunday,16:05,NYJ,20,CAR,30,Home,0,10,7,7,0
2013_15_KC_OAK,2013,REG,15,2013-12-15,Sunday,16:05,KC,56,OAK,31,Home,0,-6.5,7,7,1
2013_15_GB_DAL,2013,REG,15,2013-12-15,Sunday,16:25,GB,37,DAL,36,Home,0,4,7,6,0
2013_15_NO_STL,2013,REG,15,2013-12-15,Sunday,16:25,NO,16,STL,27,Home,0,-6.5,7,7,0
2013_15_ARI_TEN,2013,REG,15,2013-12-15,Sunday,16:25,ARI,37,TEN,34,Home,1,-3,7,7,0
2013_15_CIN_PIT,2013,REG,15,2013-12-15,Sunday,20:30,CIN,20,PIT,30,Home,0,-2,7,7,1
2013_15_BAL_DET,2013,REG,15,2013-12-16,Monday,20:30,BAL,18,DET,16,Home,0,4.5,8,8,0
2013_16_MIA_BUF,2013,REG,16,2013-12-22,Sunday,13:00,MIA,0,BUF,19,Home,0,1,7,7,1
2013_16_NO_CAR,2013,REG,16,2013-12-22,Sunday,13:00,NO,13,CAR,17,Home,0,3.5,7,7,1
2013_16_MIN_CIN,2013,REG,16,2013-12-22,Sunday,13:00,MIN,14,CIN,42,Home,0,7.5,7,7,0
2013_16_DEN_HOU,2013,REG,16,2013-12-22,Sunday,13:00,DEN,37,HOU,13,Home,0,-9,10,7,0
2013_16_TEN_JAX,2013,REG,16,2013-12-22,Sunday,13:00,TEN,20,JAX,16,Home,0,-4,7,7,1
2013_16_IND_KC,2013,REG,16,2013-12-22,Sunday,13:00,IND,23,KC,7,Home,0,7.5,7,7,0
2013_16_CLE_NYJ,2013,REG,16,2013-12-22,Sunday,13:00,CLE,13,NYJ,24,Home,0,2.5,7,7,0
2013_16_TB_STL,2013,REG,16,2013-12-22,Sunday,13:00,TB,13,STL,23,Home,0,3.5,7,7,0
2013_16_DAL_WAS,2013,REG,16,2013-12-22,Sunday,13:00,DAL,24,WAS,23,Home,0,-3,7,7,1
2013_16_NYG_DET,2013,REG,16,2013-12-22,Sunday,16:05,NYG,23,DET,20,Home,1,9.5,7,6,0
2013_16_ARI_SEA,2013,REG,16,2013-12-22,Sunday,16:05,ARI,17,SEA,10,Home,0,8,7,7,1
2013_16_NE_BAL,2013,REG,16,2013-12-22,Sunday,16:25,NE,41,BAL,7,Home,0,-1,7,6,0
2013_16_PIT_GB,2013,REG,16,2013-12-22,Sunday,16:25,PIT,38,GB,31,Home,0,-1,7,7,0
2013_16_OAK_SD,2013,REG,16,2013-12-22,Sunday,16:25,OAK,13,SD,26,Home,0,10,7,10,1
2013_16_CHI_PHI,2013,REG,16,2013-12-22,Sunday,20:30,CHI,11,PHI,54,Home,0,2.5,7,7,0
2013_16_ATL_SF,2013,REG,16,2013-12-23,Monday,20:30,ATL,24,SF,34,Home,0,15.5,8,8,0
2013_17_CAR_ATL,2013,REG,17,2013-12-29,Sunday,13:00,CAR,21,ATL,20,Home,0,-5.5,7,6,1
2013_17_BAL_CIN,2013,REG,17,2013-12-29,Sunday,13:00,BAL,17,CIN,34,Home,0,6.5,7,7,1
2013_17_JAX_IND,2013,REG,17,2013-12-29,Sunday,13:00,JAX,10,IND,30,Home,0,11,7,7,1
2013_17_NYJ_MIA,2013,REG,17,2013-12-29,Sunday,13:00,NYJ,20,MIA,7,Home,0,7.5,7,7,1
2013_17_DET_MIN,2013,REG,17,2013-12-29,Sunday,13:00,DET,13,MIN,14,Home,0,-2.5,7,7,1
2013_17_WAS_NYG,2013,REG,17,2013-12-29,Sunday,13:00,WAS,6,NYG,20,Home,0,3.5,7,7,1
2013_17_CLE_PIT,2013,REG,17,2013-12-29,Sunday,13:00,CLE,7,PIT,20,Home,0,9.5,7,7,1
2013_17_HOU_TEN,2013,REG,17,2013-12-29,Sunday,13:00,HOU,10,TEN,16,Home,0,7,7,7,1
2013_17_SF_ARI,2013,REG,17,2013-12-29,Sunday,16:25,SF,23,ARI,20,Home,0,3,6,7,1
2013_17_GB_CHI,2013,REG,17,2013-12-29,Sunday,16:25,GB,33,CHI,28,Home,0,-3,7,7,1
2013_17_BUF_NE,2013,REG,17,2013-12-29,Sunday,16:25,BUF,20,NE,34,Home,0,7.5,7,7,1
2013_17_TB_NO,2013,REG,17,2013-12-29,Sunday,16:25,TB,17,NO,42,Home,0,11,7,7,1
2013_17_DEN_OAK,2013,REG,17,2013-12-29,Sunday,16:25,DEN,34,OAK,14,Home,0,-10,7,7,1
2013_17_KC_SD,2013,REG,17,2013-12-29,Sunday,16:25,KC,24,SD,27,Home,1,15.5,7,7,1
2013_17_STL_SEA,2013,REG,17,2013-12-29,Sunday,16:25,STL,9,SEA,27,Home,0,13,7,7,1
2013_17_PHI_DAL,2013,REG,17,2013-12-29,Sunday,20:30,PHI,24,DAL,22,Home,0,-7.5,7,7,1
2013_18_KC_IND,2013,WC,18,2014-01-04,Saturday,16:35,KC,44,IND,45,Home,0,-2,6,6,0
2013_18_NO_PHI,2013,WC,18,2014-01-04,Saturday,20:10,NO,26,PHI,24,Home,0,3,6,6,0
2013_18_SD_CIN,2013,WC,18,2014-01-05,Sunday,13:05,SD,27,CIN,10,Home,0,6.5,7,7,0
2013_18_SF_GB,2013,WC,18,2014-01-05,Sunday,16:40,SF,23,GB,20,Home,0,-3,7,7,0
2013_19_NO_SEA,2013,DIV,19,2014-01-11,Saturday,16:35,NO,15,SEA,23,Home,0,10,7,13,0
2013_19_IND_NE,2013,DIV,19,2014-01-11,Saturday,20:15,IND,22,NE,43,Home,0,7.5,7,13,0
2013_19_SF_CAR,2013,DIV,19,2014-01-12,Sunday,13:05,SF,23,CAR,10,Home,0,-0,7,14,0
2013_19_SD_DEN,2013,DIV,19,2014-01-12,Sunday,16:40,SD,17,DEN,24,Home,0,8,7,14,1
2013_20_NE_DEN,2013,CON,20,2014-01-19,Sunday,15:00,NE,16,DEN,26,Home,0,5,8,7,0
2013_20_SF_SEA,2013,CON,20,2014-01-19,Sunday,18:30,SF,17,SEA,23,Home,0,4,7,8,1
2013_21_SEA_DEN,2013,SB,21,2014-02-02,Sunday,18:25,SEA,43,DEN,8,Neutral,0,1.5,14,14,0
2014_01_GB_SEA,2014,REG,1,2014-09-04,Thursday,20:30,GB,16,SEA,36,Home,0,4.5,7,7,0
2014_01_NO_ATL,2014,REG,1,2014-09-07,Sunday,13:00,NO,34,ATL,37,Home,1,-3,7,7,1
2014_01_CIN_BAL,2014,REG,1,2014-09-07,Sunday,13:00,CIN,23,BAL,16,Home,0,1,7,7,1
2014_01_BUF_CHI,2014,REG,1,2014-09-07,Sunday,13:00,BUF,23,CHI,20,Home,1,7,7,7,0
2014_01_WAS_HOU,2014,REG,1,2014-09-07,Sunday,13:00,WAS,6,HOU,17,Home,0,3,7,7,0
2014_01_TEN_KC,2014,REG,1,2014-09-07,Sunday,13:00,TEN,26,KC,10,Home,0,3,7,7,0
2014_01_NE_MIA,2014,REG,1,2014-09-07,Sunday,13:00,NE,20,MIA,33,Home,0,-3.5,7,7,1
2014_01_OAK_NYJ,2014,REG,1,2014-09-07,Sunday,13:00,OAK,14,NYJ,19,Home,0,6.5,7,7,0
2014_01_JAX_PHI,2014,REG,1,2014-09-07,Sunday,13:00,JAX,17,PHI,34,Home,0,10,7,7,0
2014_01_CLE_PIT,2014,REG,1,2014-09-07,Sunday,13:00,CLE,27,PIT,30,Home,0,5.5,7,7,1
2014_01_MIN_STL,2014,REG,1,2014-09-07,Sunday,13:00,MIN,34,STL,6,Home,0,3,7,7,0
2014_01_SF_DAL,2014,REG,1,2014-09-07,Sunday,16:25,SF,28,DAL,17,Home,0,-3.5,7,7,0
2014_01_CAR_TB,2014,REG,1,2014-09-07,Sunday,16:25,CAR,20,TB,14,Home,0,5.5,7,7,1
2014_01_IND_DEN,2014,REG,1,2014-09-07,Sunday,20:30,IND,24,DEN,31,Home,0,8,7,7,0
2014_01_NYG_DET,2014,REG,1,2014-09-08,Monday,19:10,NYG,14,DET,35,Home,0,6.5,7,7,0
2014_01_SD_ARI,2014,REG,1,2014-09-08,Monday,21:20,SD,17,ARI,18,Home,0,3,7,7,0
2014_02_PIT_BAL,2014,REG,2,2014-09-11,Thursday,20:25,PIT,6,BAL,26,Home,0,2.5,4,4,1
2014_02_MIA_BUF,2014,REG,2,2014-09-14,Sunday,13:00,MIA,10,BUF,29,Home,0,1,7,7,1
2014_02_DET_CAR,2014,REG,2,2014-09-14,Sunday,13:00,DET,7,CAR,24,Home,0,1,6,7,0
2014_02_ATL_CIN,2014,REG,2,2014-09-14,Sunday,13:00,ATL,10,CIN,24,Home,0,5.5,7,7,0
2014_02_NO_CLE,2014,REG,2,2014-09-14,Sunday,13:00,NO,24,CLE,26,Home,0,-4.5,7,7,0
2014_02_NE_MIN,2014,REG,2,2014-09-14,Sunday,13:00,NE,30,MIN,7,Home,0,-3.5,7,7,0
2014_02_ARI_NYG,2014,REG,2,2014-09-14,Sunday,13:00,ARI,25,NYG,14,Home,0,1,6,6,0
2014_02_DAL_TEN,2014,REG,2,2014-09-14,Sunday,13:00,DAL,26,TEN,10,Home,0,3,7,7,0
2014_02_JAX_WAS,2014,REG,2,2014-09-14,Sunday,13:00,JAX,10,WAS,41,Home,0,5,7,7,0
2014_02_SEA_SD,2014,REG,2,2014-09-14,Sunday,16:05,SEA,21,SD,30,Home,0,-4.5,10,6,0
2014_02_STL_TB,2014,REG,2,2014-09-14,Sunday,16:05,STL,19,TB,17,Home,0,4,7,7,0
2014_02_KC_DEN,2014,REG,2,2014-09-14,Sunday,16:25,KC,17,DEN,24,Home,0,13,7,7,1
2014_02_NYJ_GB,2014,REG,2,2014-09-14,Sunday,16:25,NYJ,24,GB,31,Home,0,7,7,10,0
2014_02_HOU_OAK,2014,REG,2,2014-09-14,Sunday,16:25,HOU,30,OAK,14,Home,0,-3,7,7,0
2014_02_CHI_SF,2014,REG,2,2014-09-14,Sunday,20:30,CHI,28,SF,20,Home,0,7,7,7,0
2014_02_PHI_IND,2014,REG,2,2014-09-15,Monday,20:30,PHI,30,IND,27,Home,0,3,8,8,0
2014_03_TB_ATL,2014,REG,3,2014-09-18,Thursday,20:25,TB,14,ATL,56,Home,0,6.5,4,4,1
2014_03_SD_BUF,2014,REG,3,2014-09-21,Sunday,13:00,SD,22,BUF,10,Home,0,2.5,7,7,0
2014_03_TEN_CIN,2014,REG,3,2014-09-21,Sunday,13:00,TEN,7,CIN,33,Home,0,6.5,7,7,0
2014_03_BAL_CLE,2014,REG,3,2014-09-21,Sunday,13:00,BAL,23,CLE,21,Home,0,-2,10,7,1
2014_03_GB_DET,2014,REG,3,2014-09-21,Sunday,13:00,GB,7,DET,19,Home,0,1.5,7,7,1
2014_03_IND_JAX,2014,REG,3,2014-09-21,Sunday,13:00,IND,44,JAX,17,Home,0,-6,6,7,1
2014_03_OAK_NE,2014,REG,3,2014-09-21,Sunday,13:00,OAK,9,NE,16,Home,0,14,7,7,0
2014_03_MIN_NO,2014,REG,3,2014-09-21,Sunday,13:00,MIN,9,NO,20,Home,0,10,7,7,0
2014_03_HOU_NYG,2014,REG,3,2014-09-21,Sunday,13:00,HOU,17,NYG,30,Home,0,1,7,7,0
2014_03_WAS_PHI,2014,REG,3,2014-09-21,Sunday,13:00,WAS,34,PHI,37,Home,0,4,7,6,1
2014_03_DAL_STL,2014,REG,3,2014-09-21,Sunday,13:00,DAL,34,STL,31,Home,0,-1.5,7,7,0
2014_03_SF_ARI,2014,REG,3,2014-09-21,Sunday,16:05,SF,14,ARI,23,Home,0,-3,7,7,1
2014_03_KC_MIA,2014,REG,3,2014-09-21,Sunday,16:25,KC,34,MIA,15,Home,0,6,7,7,0
2014_03_DEN_SEA,2014,REG,3,2014-09-21,Sunday,16:25,DEN,20,SEA,26,Home,1,4,7,7,0
2014_03_PIT_CAR,2014,REG,3,2014-09-21,Sunday,20:30,PIT,37,CAR,19,Home,0,3,10,7,0
2014_03_CHI_NYJ,2014,REG,3,2014-09-22,Monday,20:30,CHI,27,NYJ,19,Home,0,1.5,8,8,0
2014_04_NYG_WAS,2014,REG,4,2014-09-25,Thursday,20:25,NYG,45,WAS,14,Home,0,3,4,4,1
2014_04_CAR_BAL,2014,REG,4,2014-09-28,Sunday,13:00,CAR,10,BAL,38,Home,0,3.5,7,7,0
2014_04_GB_CHI,2014,REG,4,2014-09-28,Sunday,13:00,GB,38,CHI,17,Home,0,-2,7,6,1
2014_04_BUF_HOU,2014,REG,4,2014-09-28,Sunday,13:00,BUF,17,HOU,23,Home,0,3,7,7,0
2014_04_TEN_IND,2014,REG,4,2014-09-28,Sunday,13:00,TEN,17,IND,41,Home,0,7.5,7,7,1
2014_04_DET_NYJ,2014,REG,4,2014-09-28,Sunday,13:00,DET,24,NYJ,17,Home,0,2,7,6,0
2014_04_MIA_OAK,2014,REG,4,2014-09-28,Sunday,13:00,MIA,38,OAK,14,Neutral,0,-4,7,7,0
2014_04_TB_PIT,2014,REG,4,2014-09-28,Sunday,13:00,TB,27,PIT,24,Home,0,7.5,10,7,0
2014_04_JAX_SD,2014,REG,4,2014-09-28,Sunday,16:05,JAX,14,SD,33,Home,0,13,7,7,0
2014_04_ATL_MIN,2014,REG,4,2014-09-28,Sunday,16:25,ATL,28,MIN,41,Home,0,-5.5,10,7,0
2014_04_PHI_SF,2014,REG,4,2014-09-28,Sunday,16:25,PHI,21,SF,26,Home,0,3.5,7,7,0
2014_04_NO_DAL,2014,REG,4,2014-09-28,Sunday,20:30,NO,17,DAL,38,Home,0,-3,7,7,0
2014_04_NE_KC,2014,REG,4,2014-09-29,Monday,20:30,NE,14,KC,41,Home,0,-3,8,8,0
2014_05_MIN_GB,2014,REG,5,2014-10-02,Thursday,20:25,MIN,10,GB,42,Home,0,8.5,4,4,1
2014_05_CHI_CAR,2014,REG,5,2014-10-05,Sunday,13:00,CHI,24,CAR,31,Home,0,1.5,7,7,0
2014_05_HOU_DAL,2014,REG,5,2014-10-05,Sunday,13:00,HOU,17,DAL,20,Home,1,5,7,7,0
2014_05_BUF_DET,2014,REG,5,2014-10-05,Sunday,13:00,BUF,17,DET,14,Home,0,4.5,7,7,0
2014_05_BAL_IND,2014,REG,5,2014-10-05,Sunday,13:00,BAL,13,IND,20,Home,0,2.5,7,7,0
2014_05_PIT_JAX,2014,REG,5,2014-10-05,Sunday,13:00,PIT,17,JAX,9,Home,0,-6,7,7,0
2014_05_TB_NO,2014,REG,5,2014-10-05,Sunday,13:00,TB,31,NO,37,Home,1,11,7,7,1
2014_05_ATL_NYG,2014,REG,5,2014-10-05,Sunday,13:00,ATL,20,NYG,30,Home,0,4,7,10,0
2014_05_STL_PHI,2014,REG,5,2014-10-05,Sunday,13:00,STL,28,PHI,34,Home,0,3.5,14,7,0
2014_05_CLE_TEN,2014,REG,5,2014-10-05,Sunday,13:00,CLE,29,TEN,28,Home,0,-1,14,7,0
2014_05_ARI_DEN,2014,REG,5,2014-10-05,Sunday,16:05,ARI,20,DEN,41,Home,0,8,14,14,0
2014_05_NYJ_SD,2014,REG,5,2014-10-05,Sunday,16:25,NYJ,0,SD,31,Home,0,7,7,7,0
2014_05_KC_SF,2014,REG,5,2014-10-05,Sunday,16:25,KC,17,SF,22,Home,0,4,6,7,0
2014_05_CIN_NE,2014,REG,5,2014-10-05,Sunday,20:30,CIN,17,NE,43,Home,0,-2.5,14,6,0
2014_05_SEA_WAS,2014,REG,5,2014-10-06,Monday,20:30,SEA,27,WAS,17,Home,0,-7,15,11,0
2014_06_IND_HOU,2014,REG,6,2014-10-09,Thursday,20:25,IND,33,HOU,28,Home,0,-2.5,4,4,1
2014_06_NE_BUF,2014,REG,6,2014-10-12,Sunday,13:00,NE,37,BUF,22,Home,0,1,7,7,1
2014_06_CAR_CIN,2014,REG,6,2014-10-12,Sunday,13:00,CAR,37,CIN,37,Home,1,7,7,7,0
2014_06_PIT_CLE,2014,REG,6,2014-10-12,Sunday,13:00,PIT,10,CLE,31,Home,0,2.5,7,7,1
2014_06_GB_MIA,2014,REG,6,2014-10-12,Sunday,13:00,GB,27,MIA,24,Home,0,-1.5,10,14,0
2014_06_DET_MIN,2014,REG,6,2014-10-12,Sunday,13:00,DET,17,MIN,3,Home,0,1,7,10,1
2014_06_DEN_NYJ,2014,REG,6,2014-10-12,Sunday,13:00,DEN,31,NYJ,17,Home,0,-10,7,7,0
2014_06_BAL_TB,2014,REG,6,2014-10-12,Sunday,13:00,BAL,48,TB,17,Home,0,-3.5,7,7,0
2014_06_JAX_TEN,2014,REG,6,2014-10-12,Sunday,13:00,JAX,14,TEN,16,Home,0,4,7,7,1
2014_06_SD_OAK,2014,REG,6,2014-10-12,Sunday,16:05,SD,31,OAK,28,Home,0,-7,7,14,1
2014_06_WAS_ARI,2014,REG,6,2014-10-12,Sunday,16:25,WAS,20,ARI,30,Home,0,5,6,7,0
2014_06_CHI_ATL,2014,REG,6,2014-10-12,Sunday,16:25,CHI,27,ATL,13,Home,0,3.5,7,7,0
2014_06_DAL_SEA,2014,REG,6,2014-10-12,Sunday,16:25,DAL,30,SEA,23,Home,0,10,7,6,0
2014_06_NYG_PHI,2014,REG,6,2014-10-12,Sunday,20:30,NYG,0,PHI,27,Home,0,1,7,7,1
2014_06_SF_STL,2014,REG,6,2014-10-13,Monday,20:30,SF,31,STL,17,Home,0,-3.5,8,8,1
2014_07_NYJ_NE,2014,REG,7,2014-10-16,Thursday,20:25,NYJ,25,NE,27,Home,0,9.5,4,4,1
2014_07_ATL_BAL,2014,REG,7,2014-10-19,Sunday,13:00,ATL,7,BAL,29,Home,0,7,7,7,0
2014_07_MIN_BUF,2014,REG,7,2014-10-19,Sunday,13:00,MIN,16,BUF,17,Home,0,7,7,7,0
2014_07_MIA_CHI,2014,REG,7,2014-10-19,Sunday,13:00,MIA,27,CHI,14,Home,0,3,7,7,0
2014_07_NO_DET,2014,REG,7,2014-10-19,Sunday,13:00,NO,23,DET,24,Home,0,1.5,14,7,0
2014_07_CAR_GB,2014,REG,7,2014-10-19,Sunday,13:00,CAR,17,GB,38,Home,0,6.5,7,7,0
2014_07_CIN_IND,2014,REG,7,2014-10-19,Sunday,13:00,CIN,0,IND,27,Home,0,3,7,10,0
2014_07_CLE_JAX,2014,REG,7,2014-10-19,Sunday,13:00,CLE,6,JAX,24,Home,0,-4,7,7,0
2014_07_SEA_STL,2014,REG,7,2014-10-19,Sunday,13:00,SEA,26,STL,28,Home,0,-7,7,6,1
2014_07_TEN_WAS,2014,REG,7,2014-10-19,Sunday,13:00,TEN,17,WAS,19,Home,0,6,7,7,0
2014_07_KC_SD,2014,REG,7,2014-10-19,Sunday,16:05,KC,23,SD,20,Home,0,3,14,7,1
2014_07_NYG_DAL,2014,REG,7,2014-10-19,Sunday,16:25,NYG,21,DAL,31,Home,0,5,7,7,1
2014_07_ARI_OAK,2014,REG,7,2014-10-19,Sunday,16:25,ARI,24,OAK,13,Home,0,-3.5,7,7,0
2014_07_SF_DEN,2014,REG,7,2014-10-19,Sunday,20:30,SF,17,DEN,42,Home,0,7,6,7,0
2014_07_HOU_PIT,2014,REG,7,2014-10-20,Monday,20:30,HOU,23,PIT,30,Home,0,3,11,8,0
2014_08_SD_DEN,2014,REG,8,2014-10-23,Thursday,20:25,SD,21,DEN,35,Home,0,9,4,4,1
2014_08_DET_ATL,2014,REG,8,2014-10-26,Sunday,09:30,DET,22,ATL,21,Neutral,0,-3.5,7,7,0
2014_08_SEA_CAR,2014,REG,8,2014-10-26,Sunday,13:00,SEA,13,CAR,9,Home,0,-6,7,7,0
2014_08_BAL_CIN,2014,REG,8,2014-10-26,Sunday,13:00,BAL,24,CIN,27,Home,0,-2.5,7,7,1
2014_08_MIA_JAX,2014,REG,8,2014-10-26,Sunday,13:00,MIA,27,JAX,13,Home,0,-7,7,7,0
2014_08_STL_KC,2014,REG,8,2014-10-26,Sunday,13:00,STL,7,KC,34,Home,0,7.5,7,7,0
2014_08_CHI_NE,2014,REG,8,2014-10-26,Sunday,13:00,CHI,23,NE,51,Home,0,5.5,7,10,0
2014_08_BUF_NYJ,2014,REG,8,2014-10-26,Sunday,13:00,BUF,43,NYJ,23,Home,0,3,7,10,1
2014_08_MIN_TB,2014,REG,8,2014-10-26,Sunday,13:00,MIN,19,TB,13,Home,1,1,7,14,0
2014_08_HOU_TEN,2014,REG,8,2014-10-26,Sunday,13:00,HOU,30,TEN,16,Home,0,-3.5,6,7,1
2014_08_PHI_ARI,2014,REG,8,2014-10-26,Sunday,16:05,PHI,20,ARI,24,Home,0,1,14,7,0
2014_08_OAK_CLE,2014,REG,8,2014-10-26,Sunday,16:25,OAK,13,CLE,23,Home,0,6.5,7,7,0
2014_08_IND_PIT,2014,REG,8,2014-10-26,Sunday,16:25,IND,34,PIT,51,Home,0,-5,7,6,0
2014_08_GB_NO,2014,REG,8,2014-10-26,Sunday,20:30,GB,23,NO,44,Home,0,2,7,7,0
2014_08_WAS_DAL,2014,REG,8,2014-10-27,Monday,20:30,WAS,20,DAL,17,Home,1,9.5,8,8,1
2014_09_NO_CAR,2014,REG,9,2014-10-30,Thursday,20:25,NO,28,CAR,10,Home,0,-3,4,4,1
2014_09_JAX_CIN,2014,REG,9,2014-11-02,Sunday,13:00,JAX,23,CIN,33,Home,0,10,7,7,0
2014_09_TB_CLE,2014,REG,9,2014-11-02,Sunday,13:00,TB,17,CLE,22,Home,0,7,7,7,0
2014_09_ARI_DAL,2014,REG,9,2014-11-02,Sunday,13:00,ARI,28,DAL,17,Home,0,1.5,7,6,0
2014_09_PHI_HOU,2014,REG,9,2014-11-02,Sunday,13:00,PHI,31,HOU,21,Home,0,-1.5,7,7,0
2014_09_NYJ_KC,2014,REG,9,2014-11-02,Sunday,13:00,NYJ,10,KC,24,Home,0,9.5,7,7,0
2014_09_SD_MIA,2014,REG,9,2014-11-02,Sunday,13:00,SD,0,MIA,37,Home,0,3,10,7,0
2014_09_WAS_MIN,2014,REG,9,2014-11-02,Sunday,13:00,WAS,26,MIN,29,Home,0,-1,6,7,0
2014_09_STL_SF,2014,REG,9,2014-11-02,Sunday,16:05,STL,13,SF,10,Home,0,10.5,7,14,1
2014_09_DEN_NE,2014,REG,9,2014-11-02,Sunday,16:25,DEN,21,NE,43,Home,0,-3,10,7,0
2014_09_OAK_SEA,2014,REG,9,2014-11-02,Sunday,16:25,OAK,24,SEA,30,Home,0,13.5,7,7,0
2014_09_BAL_PIT,2014,REG,9,2014-11-02,Sunday,20:30,BAL,23,PIT,43,Home,0,2.5,7,7,1
2014_09_IND_NYG,2014,REG,9,2014-11-03,Monday,20:30,IND,40,NYG,24,Home,0,-3,8,15,0
2014_10_CLE_CIN,2014,REG,10,2014-11-06,Thursday,20:25,CLE,24,CIN,3,Home,0,6.5,4,4,1
2014_10_TEN_BAL,2014,REG,10,2014-11-09,Sunday,13:00,TEN,7,BAL,21,Home,0,10.5,14,7,0
2014_10_KC_BUF,2014,REG,10,2014-11-09,Sunday,13:00,KC,17,BUF,13,Home,0,2,7,14,0
2014_10_MIA_DET,2014,REG,10,2014-11-09,Sunday,13:00,MIA,16,DET,20,Home,0,3,7,14,0
2014_10_DAL_JAX,2014,REG,10,2014-11-09,Sunday,13:00,DAL,31,JAX,17,Neutral,0,-7.5,7,7,0
2014_10_SF_NO,2014,REG,10,2014-11-09,Sunday,13:00,SF,27,NO,24,Home,1,6,7,10,0
2014_10_PIT_NYJ,2014,REG,10,2014-11-09,Sunday,13:00,PIT,13,NYJ,20,Home,0,-4.5,7,7,0
2014_10_ATL_TB,2014,REG,10,2014-11-09,Sunday,13:00,ATL,27,TB,17,Home,0,-3.5,14,7,1
2014_10_DEN_OAK,2014,REG,10,2014-11-09,Sunday,16:05,DEN,41,OAK,17,Home,0,-13,7,7,1
2014_10_STL_ARI,2014,REG,10,2014-11-09,Sunday,16:25,STL,14,ARI,31,Home,0,7,7,7,1
2014_10_NYG_SEA,2014,REG,10,2014-11-09,Sunday,16:25,NYG,17,SEA,38,Home,0,9,6,7,0
2014_10_CHI_GB,2014,REG,10,2014-11-09,Sunday,20:30,CHI,14,GB,55,Home,0,9.5,14,14,1
2014_10_CAR_PHI,2014,REG,10,2014-11-10,Monday,20:30,CAR,21,PHI,45,Home,0,7,11,8,0
2014_11_BUF_MIA,2014,REG,11,2014-11-13,Thursday,20:25,BUF,9,MIA,22,Home,0,4,4,4,1
2014_11_ATL_CAR,2014,REG,11,2014-11-16,Sunday,13:00,ATL,19,CAR,17,Home,0,-2.5,7,6,1
2014_11_MIN_CHI,2014,REG,11,2014-11-16,Sunday,13:00,MIN,13,CHI,21,Home,0,2.5,14,7,1
2014_11_HOU_CLE,2014,REG,11,2014-11-16,Sunday,13:00,HOU,23,CLE,7,Home,0,4.5,14,10,0
2014_11_SEA_KC,2014,REG,11,2014-11-16,Sunday,13:00,SEA,20,KC,24,Home,0,-1,7,7,0
2014_11_CIN_NO,2014,REG,11,2014-11-16,Sunday,13:00,CIN,27,NO,10,Home,0,8.5,10,7,0
2014_11_SF_NYG,2014,REG,11,2014-11-16,Sunday,13:00,SF,16,NYG,10,Home,0,-4,7,7,0
2014_11_DEN_STL,2014,REG,11,2014-11-16,Sunday,13:00,DEN,7,STL,22,Home,0,-8,7,7,0
2014_11_TB_WAS,2014,REG,11,2014-11-16,Sunday,13:00,TB,27,WAS,7,Home,0,6.5,7,14,0
2014_11_OAK_SD,2014,REG,11,2014-11-16,Sunday,16:05,OAK,6,SD,13,Home,0,10.5,7,14,1
2014_11_DET_ARI,2014,REG,11,2014-11-16,Sunday,16:25,DET,6,ARI,14,Home,0,-1,7,7,0
2014_11_PHI_GB,2014,REG,11,2014-11-16,Sunday,16:25,PHI,20,GB,53,Home,0,4.5,6,7,0
2014_11_NE_IND,2014,REG,11,2014-11-16,Sunday,20:30,NE,42,IND,20,Home,0,3,14,13,0
2014_11_PIT_TEN,2014,REG,11,2014-11-17,Monday,20:30,PIT,27,TEN,24,Home,0,-7,8,8,0
2014_12_KC_OAK,2014,REG,12,2014-11-20,Thursday,20:25,KC,20,OAK,24,Home,0,-7.5,4,4,1
2014_12_CLE_ATL,2014,REG,12,2014-11-23,Sunday,13:00,CLE,26,ATL,24,Home,0,3,7,7,0
2014_12_TB_CHI,2014,REG,12,2014-11-23,Sunday,13:00,TB,13,CHI,21,Home,0,4,7,7,0
2014_12_CIN_HOU,2014,REG,12,2014-11-23,Sunday,13:00,CIN,22,HOU,13,Home,0,3,7,7,0
2014_12_JAX_IND,2014,REG,12,2014-11-23,Sunday,13:00,JAX,3,IND,23,Home,0,13,14,7,1
2014_12_GB_MIN,2014,REG,12,2014-11-23,Sunday,13:00,GB,24,MIN,21,Home,0,-7.5,7,7,1
2014_12_DET_NE,2014,REG,12,2014-11-23,Sunday,13:00,DET,9,NE,34,Home,0,7.5,7,7,0
2014_12_TEN_PHI,2014,REG,12,2014-11-23,Sunday,13:00,TEN,24,PHI,43,Home,0,11,6,7,0
2014_12_STL_SD,2014,REG,12,2014-11-23,Sunday,16:05,STL,24,SD,27,Home,0,4,7,7,0
2014_12_ARI_SEA,2014,REG,12,2014-11-23,Sunday,16:05,ARI,3,SEA,19,Home,0,7.5,7,7,1
2014_12_MIA_DEN,2014,REG,12,2014-11-23,Sunday,16:25,MIA,36,DEN,39,Home,0,6.5,10,7,0
2014_12_WAS_SF,2014,REG,12,2014-11-23,Sunday,16:25,WAS,13,SF,17,Home,0,9,7,7,0
2014_12_DAL_NYG,2014,REG,12,2014-11-23,Sunday,20:30,DAL,31,NYG,28,Home,0,-4,14,7,1
2014_12_NYJ_BUF,2014,REG,12,2014-11-24,Monday,19:00,NYJ,3,BUF,38,Neutral,0,2.5,15,11,1
2014_12_BAL_NO,2014,REG,12,2014-11-24,Monday,20:30,BAL,34,NO,27,Home,0,2.5,15,8,0
2014_13_CHI_DET,2014,REG,13,2014-11-27,Thursday,12:30,CHI,17,DET,34,Home,0,7.5,4,4,1
2014_13_PHI_DAL,2014,REG,13,2014-11-27,Thursday,16:30,PHI,33,DAL,10,Home,0,3,4,4,1
2014_13_SEA_SF,2014,REG,13,2014-11-27,Thursday,20:30,SEA,19,SF,3,Home,0,1,4,4,1
2014_13_SD_BAL,2014,REG,13,2014-11-30,Sunday,13:00,SD,34,BAL,33,Home,0,6.5,7,6,0
2014_13_CLE_BUF,2014,REG,13,2014-11-30,Sunday,13:00,CLE,10,BUF,26,Home,0,3,7,6,0
2014_13_TEN_HOU,2014,REG,13,2014-11-30,Sunday,13:00,TEN,21,HOU,45,Home,0,7,7,7,1
2014_13_WAS_IND,2014,REG,13,2014-11-30,Sunday,13:00,WAS,27,IND,49,Home,0,7.5,7,7,0
2014_13_NYG_JAX,2014,REG,13,2014-11-30,Sunday,13:00,NYG,24,JAX,25,Home,0,-3,7,7,0
2014_13_CAR_MIN,2014,REG,13,2014-11-30,Sunday,13:00,CAR,13,MIN,31,Home,0,2.5,14,7,0
2014_13_NO_PIT,2014,REG,13,2014-11-30,Sunday,13:00,NO,35,PIT,32,Home,0,3.5,6,13,0
2014_13_OAK_STL,2014,REG,13,2014-11-30,Sunday,13:00,OAK,0,STL,52,Home,0,6.5,10,7,0
2014_13_CIN_TB,2014,REG,13,2014-11-30,Sunday,13:00,CIN,14,TB,13,Home,0,-6,7,7,0
2014_13_ARI_ATL,2014,REG,13,2014-11-30,Sunday,16:05,ARI,18,ATL,29,Home,0,-1.5,7,7,0
2014_13_NE_GB,2014,REG,13,2014-11-30,Sunday,16:25,NE,21,GB,26,Home,0,3,7,7,0
2014_13_DEN_KC,2014,REG,13,2014-11-30,Sunday,20:30,DEN,29,KC,16,Home,0,1,7,10,1
2014_13_MIA_NYJ,2014,REG,13,2014-12-01,Monday,20:30,MIA,16,NYJ,13,Home,0,-6.5,8,7,1
2014_14_DAL_CHI,2014,REG,14,2014-12-04,Thursday,20:25,DAL,41,CHI,28,Home,0,-3.5,7,7,0
2014_14_PIT_CIN,2014,REG,14,2014-12-07,Sunday,13:00,PIT,42,CIN,21,Home,0,3,7,7,1
2014_14_IND_CLE,2014,REG,14,2014-12-07,Sunday,13:00,IND,25,CLE,24,Home,0,-3,7,7,0
2014_14_TB_DET,2014,REG,14,2014-12-07,Sunday,13:00,TB,17,DET,34,Home,0,10.5,7,10,0
2014_14_HOU_JAX,2014,REG,14,2014-12-07,Sunday,13:00,HOU,27,JAX,13,Home,0,-6.5,7,7,1
2014_14_BAL_MIA,2014,REG,14,2014-12-07,Sunday,13:00,BAL,28,MIA,13,Home,0,3,7,6,0
2014_14_NYJ_MIN,2014,REG,14,2014-12-07,Sunday,13:00,NYJ,24,MIN,30,Home,1,4.5,6,7,0
2014_14_CAR_NO,2014,REG,14,2014-12-07,Sunday,13:00,CAR,41,NO,10,Home,0,8.5,7,7,1
2014_14_NYG_TEN,2014,REG,14,2014-12-07,Sunday,13:00,NYG,36,TEN,7,Home,0,-3,7,7,0
2014_14_STL_WAS,2014,REG,14,2014-12-07,Sunday,13:00,STL,24,WAS,0,Home,0,-2.5,7,7,0
2014_14_KC_ARI,2014,REG,14,2014-12-07,Sunday,16:05,KC,14,ARI,17,Home,0,-2.5,7,7,0
2014_14_BUF_DEN,2014,REG,14,2014-12-07,Sunday,16:05,BUF,17,DEN,24,Home,0,9,7,7,0
2014_14_SF_OAK,2014,REG,14,2014-12-07,Sunday,16:25,SF,13,OAK,24,Home,0,-8,10,7,0
2014_14_SEA_PHI,2014,REG,14,2014-12-07,Sunday,16:25,SEA,24,PHI,14,Home,0,-1.5,10,10,0
2014_14_NE_SD,2014,REG,14,2014-12-07,Sunday,20:30,NE,23,SD,14,Home,0,-4,7,7,0
2014_14_ATL_GB,2014,REG,14,2014-12-08,Monday,20:30,ATL,37,GB,43,Home,0,13.5,8,8,0
2014_15_ARI_STL,2014,REG,15,2014-12-11,Thursday,20:25,ARI,12,STL,6,Home,0,6,4,4,1
2014_15_PIT_ATL,2014,REG,15,2014-12-14,Sunday,13:00,PIT,27,ATL,20,Home,0,-3,7,6,0
2014_15_JAX_BAL,2014,REG,15,2014-12-14,Sunday,13:00,JAX,12,BAL,20,Home,0,14,7,7,0
2014_15_GB_BUF,2014,REG,15,2014-12-14,Sunday,13:00,GB,13,BUF,21,Home,0,-3.5,6,7,0
2014_15_TB_CAR,2014,REG,15,2014-12-14,Sunday,13:00,TB,17,CAR,19,Home,0,3.5,7,7,1
2014_15_CIN_CLE,2014,REG,15,2014-12-14,Sunday,13:00,CIN,30,CLE,0,Home,0,2.5,7,7,1
2014_15_HOU_IND,2014,REG,15,2014-12-14,Sunday,13:00,HOU,10,IND,17,Home,0,7,7,7,1
2014_15_OAK_KC,2014,REG,15,2014-12-14,Sunday,13:00,OAK,13,KC,31,Home,0,11,7,7,1
2014_15_MIA_NE,2014,REG,15,2014-12-14,Sunday,13:00,MIA,13,NE,41,Home,0,9.5,7,7,1
2014_15_WAS_NYG,2014,REG,15,2014-12-14,Sunday,13:00,WAS,13,NYG,24,Home,0,7,7,7,1
2014_15_DEN_SD,2014,REG,15,2014-12-14,Sunday,16:05,DEN,22,SD,10,Home,0,-4,7,7,1
2014_15_NYJ_TEN,2014,REG,15,2014-12-14,Sunday,16:05,NYJ,16,TEN,11,Home,0,-3.5,7,7,0
2014_15_MIN_DET,2014,REG,15,2014-12-14,Sunday,16:25,MIN,14,DET,16,Home,0,8,7,7,1
2014_15_SF_SEA,2014,REG,15,2014-12-14,Sunday,16:25,SF,7,SEA,17,Home,0,10,7,7,1
2014_15_DAL_PHI,2014,REG,15,2014-12-14,Sunday,20:30,DAL,38,PHI,27,Home,0,3.5,10,7,1
2014_15_NO_CHI,2014,REG,15,2014-12-15,Monday,20:30,NO,31,CHI,15,Home,0,-3,8,11,0
2014_16_TEN_JAX,2014,REG,16,2014-12-18,Thursday,20:25,TEN,13,JAX,21,Home,0,4,4,4,1
2014_16_PHI_WAS,2014,REG,16,2014-12-20,Saturday,16:25,PHI,24,WAS,27,Home,0,-7,6,6,1
2014_16_SD_SF,2014,REG,16,2014-12-20,Saturday,20:25,SD,38,SF,35,Home,1,2,6,6,0
2014_16_CLE_CAR,2014,REG,16,2014-12-21,Sunday,13:00,CLE,13,CAR,17,Home,0,6,7,7,0
2014_16_DET_CHI,2014,REG,16,2014-12-21,Sunday,13:00,DET,20,CHI,14,Home,0,-10,7,6,1
2014_16_BAL_HOU,2014,REG,16,2014-12-21,Sunday,13:00,BAL,13,HOU,25,Home,0,-6,7,7,0
2014_16_MIN_MIA,2014,REG,16,2014-12-21,Sunday,13:00,MIN,35,MIA,37,Home,0,4.5,7,7,0
2014_16_ATL_NO,2014,REG,16,2014-12-21,Sunday,13:00,ATL,30,NO,14,Home,0,6,7,6,1
2014_16_NE_NYJ,2014,REG,16,2014-12-21,Sunday,13:00,NE,17,NYJ,16,Home,0,-10,7,7,1
2014_16_KC_PIT,2014,REG,16,2014-12-21,Sunday,13:00,KC,12,PIT,20,Home,0,2.5,7,7,0
2014_16_GB_TB,2014,REG,16,2014-12-21,Sunday,13:00,GB,20,TB,3,Home,0,-11.5,7,7,0
2014_16_NYG_STL,2014,REG,16,2014-12-21,Sunday,16:05,NYG,37,STL,27,Home,0,7,7,10,0
2014_16_IND_DAL,2014,REG,16,2014-12-21,Sunday,16:25,IND,7,DAL,42,Home,0,3.5,7,7,0
2014_16_BUF_OAK,2014,REG,16,2014-12-21,Sunday,16:25,BUF,24,OAK,26,Home,0,-7,7,7,0
2014_16_SEA_ARI,2014,REG,16,2014-12-21,Sunday,20:30,SEA,35,ARI,6,Home,0,-9.5,7,10,1
2014_16_DEN_CIN,2014,REG,16,2014-12-22,Monday,20:30,DEN,28,CIN,37,Home,0,-3.5,8,8,0
2014_17_CLE_BAL,2014,REG,17,2014-12-28,Sunday,13:00,CLE,10,BAL,20,Home,0,14,7,7,1
2014_17_JAX_HOU,2014,REG,17,2014-12-28,Sunday,13:00,JAX,17,HOU,23,Home,0,8.5,10,7,1
2014_17_SD_KC,2014,REG,17,2014-12-28,Sunday,13:00,SD,7,KC,19,Home,0,3,8,7,1
2014_17_NYJ_MIA,2014,REG,17,2014-12-28,Sunday,13:00,NYJ,37,MIA,24,Home,0,7,7,7,1
2014_17_CHI_MIN,2014,REG,17,2014-12-28,Sunday,13:00,CHI,9,MIN,13,Home,0,7,7,7,1
2014_17_BUF_NE,2014,REG,17,2014-12-28,Sunday,13:00,BUF,17,NE,9,Home,0,4.5,7,7,1
2014_17_PHI_NYG,2014,REG,17,2014-12-28,Sunday,13:00,PHI,34,NYG,26,Home,0,-1,8,7,1
2014_17_NO_TB,2014,REG,17,2014-12-28,Sunday,13:00,NO,23,TB,20,Home,0,-6,7,7,1
2014_17_IND_TEN,2014,REG,17,2014-12-28,Sunday,13:00,IND,27,TEN,10,Home,0,-7.5,7,10,1
2014_17_DAL_WAS,2014,REG,17,2014-12-28,Sunday,13:00,DAL,44,WAS,17,Home,0,-6,7,8,1
2014_17_CAR_ATL,2014,REG,17,2014-12-28,Sunday,16:25,CAR,34,ATL,3,Home,0,2.5,7,7,1
2014_17_OAK_DEN,2014,REG,17,2014-12-28,Sunday,16:25,OAK,14,DEN,47,Home,0,16.5,7,6,1
2014_17_DET_GB,2014,REG,17,2014-12-28,Sunday,16:25,DET,20,GB,30,Home,0,9,7,7,1
2014_17_STL_SEA,2014,REG,17,2014-12-28,Sunday,16:25,STL,6,SEA,20,Home,0,11,7,7,1
2014_17_ARI_SF,2014,REG,17,2014-12-28,Sunday,16:25,ARI,17,SF,20,Home,0,6,7,8,1
2014_17_CIN_PIT,2014,REG,17,2014-12-28,Sunday,20:30,CIN,17,PIT,27,Home,0,3,6,7,1
2014_18_ARI_CAR,2014,WC,18,2015-01-03,Saturday,16:35,ARI,16,CAR,27,Home,0,5.5,6,6,0
2014_18_BAL_PIT,2014,WC,18,2015-01-03,Saturday,20:15,BAL,30,PIT,17,Home,0,3,6,6,1
2014_18_CIN_IND,2014,WC,18,2015-01-04,Sunday,13:05,CIN,10,IND,26,Home,0,3.5,7,7,0
2014_18_DET_DAL,2014,WC,18,2015-01-04,Sunday,16:40,DET,20,DAL,24,Home,0,6,7,7,0
2014_19_BAL_NE,2014,DIV,19,2015-01-10,Saturday,16:35,BAL,31,NE,35,Home,0,7,7,13,0
2014_19_CAR_SEA,2014,DIV,19,2015-01-10,Saturday,20:15,CAR,17,SEA,31,Home,0,13.5,7,13,0
2014_19_DAL_GB,2014,DIV,19,2015-01-11,Sunday,13:05,DAL,21,GB,26,Home,0,5.5,7,14,0
2014_19_IND_DEN,2014,DIV,19,2015-01-11,Sunday,16:40,IND,24,DEN,13,Home,0,9.5,7,14,0
2014_20_GB_SEA,2014,CON,20,2015-01-18,Sunday,15:05,GB,22,SEA,28,Home,1,8.5,7,8,0
2014_20_IND_NE,2014,CON,20,2015-01-18,Sunday,18:50,IND,7,NE,45,Home,0,7,7,8,0
2014_21_NE_SEA,2014,SB,21,2015-02-01,Sunday,18:30,NE,28,SEA,24,Neutral,0,-1,14,14,0
2015_01_PIT_NE,2015,REG,1,2015-09-10,Thursday,20:30,PIT,21,NE,28,Home,0,7.5,7,7,0
2015_01_IND_BUF,2015,REG,1,2015-09-13,Sunday,13:00,IND,14,BUF,27,Home,0,-1,7,7,0
2015_01_GB_CHI,2015,REG,1,2015-09-13,Sunday,13:00,GB,31,CHI,23,Home,0,-5.5,7,7,1
2015_01_KC_HOU,2015,REG,1,2015-09-13,Sunday,13:00,KC,27,HOU,20,Home,0,-1,7,7,0
2015_01_CAR_JAX,2015,REG,1,2015-09-13,Sunday,13:00,CAR,20,JAX,9,Home,0,-3,7,7,0
2015_01_CLE_NYJ,2015,REG,1,2015-09-13,Sunday,13:00,CLE,10,NYJ,31,Home,0,3.5,7,7,0
2015_01_SEA_STL,2015,REG,1,2015-09-13,Sunday,13:00,SEA,31,STL,34,Home,1,-3.5,7,7,1
2015_01_MIA_WAS,2015,REG,1,2015-09-13,Sunday,13:00,MIA,17,WAS,10,Home,0,-4,7,7,0
2015_01_NO_ARI,2015,REG,1,2015-09-13,Sunday,16:05,NO,19,ARI,31,Home,0,2,7,7,0
2015_01_DET_SD,2015,REG,1,2015-09-13,Sunday,16:05,DET,28,SD,33,Home,0,3.5,7,7,0
2015_01_BAL_DEN,2015,REG,1,2015-09-13,Sunday,16:25,BAL,13,DEN,19,Home,0,4.5,7,7,0
2015_01_CIN_OAK,2015,REG,1,2015-09-13,Sunday,16:25,CIN,33,OAK,13,Home,0,-3,7,7,0
2015_01_TEN_TB,2015,REG,1,2015-09-13,Sunday,16:25,TEN,42,TB,14,Home,0,3,7,7,0
2015_01_NYG_DAL,2015,REG,1,2015-09-13,Sunday,20:30,NYG,26,DAL,27,Home,0,7,7,7,1
2015_01_PHI_ATL,2015,REG,1,2015-09-14,Monday,19:10,PHI,24,ATL,26,Home,0,-3.5,7,7,0
2015_01_MIN_SF,2015,REG,1,2015-09-14,Monday,22:20,MIN,3,SF,20,Home,0,-2.5,7,7,0
2015_02_DEN_KC,2015,REG,2,2015-09-17,Thursday,20:25,DEN,31,KC,24,Home,0,3,4,4,1
2015_02_NE_BUF,2015,REG,2,2015-09-20,Sunday,13:00,NE,40,BUF,32,Home,0,2,10,7,1
2015_02_HOU_CAR,2015,REG,2,2015-09-20,Sunday,13:00,HOU,17,CAR,24,Home,0,3,7,7,0
2015_02_ARI_CHI,2015,REG,2,2015-09-20,Sunday,13:00,ARI,48,CHI,23,Home,0,-2,7,7,0
2015_02_SD_CIN,2015,REG,2,2015-09-20,Sunday,13:00,SD,19,CIN,24,Home,0,3.5,7,7,0
2015_02_TEN_CLE,2015,REG,2,2015-09-20,Sunday,13:00,TEN,14,CLE,28,Home,0,1,7,7,0
2015_02_DET_MIN,2015,REG,2,2015-09-20,Sunday,13:00,DET,16,MIN,26,Home,0,2.5,7,6,1
2015_02_TB_NO,2015,REG,2,2015-09-20,Sunday,13:00,TB,26,NO,19,Home,0,9.5,7,7,1
2015_02_ATL_NYG,2015,REG,2,2015-09-20,Sunday,13:00,ATL,24,NYG,20,Home,0,2,6,7,0
2015_02_SF_PIT,2015,REG,2,2015-09-20,Sunday,13:00,SF,18,PIT,43,Home,0,6,6,10,0
2015_02_STL_WAS,2015,REG,2,2015-09-20,Sunday,13:00,STL,10,WAS,24,Home,0,-3,7,7,0
2015_02_MIA_JAX,2015,REG,2,2015-09-20,Sunday,16:05,MIA,20,JAX,23,Home,0,-5,7,7,0
2015_02_BAL_OAK,2015,REG,2,2015-09-20,Sunday,16:05,BAL,33,OAK,37,Home,0,-6,7,7,0
2015_02_DAL_PHI,2015,REG,2,2015-09-20,Sunday,16:25,DAL,20,PHI,10,Home,0,7,7,6,1
2015_02_SEA_GB,2015,REG,2,2015-09-20,Sunday,20:30,SEA,17,GB,27,Home,0,3.5,7,7,0
2015_02_NYJ_IND,2015,REG,2,2015-09-21,Monday,20:30,NYJ,20,IND,7,Home,0,6,8,8,0
2015_03_WAS_NYG,2015,REG,3,2015-09-24,Thursday,20:25,WAS,21,NYG,32,Home,0,3,4,4,1
2015_03_CIN_BAL,2015,REG,3,2015-09-27,Sunday,13:00,CIN,28,BAL,24,Home,0,2.5,7,7,1
2015_03_NO_CAR,2015,REG,3,2015-09-27,Sunday,13:00,NO,22,CAR,27,Home,0,10,7,7,1
2015_03_OAK_CLE,2015,REG,3,2015-09-27,Sunday,13:00,OAK,27,CLE,20,Home,0,3.5,7,7,0
2015_03_ATL_DAL,2015,REG,3,2015-09-27,Sunday,13:00,ATL,39,DAL,28,Home,0,1,7,7,0
2015_03_TB_HOU,2015,REG,3,2015-09-27,Sunday,13:00,TB,9,HOU,19,Home,0,6,7,7,0
2015_03_SD_MIN,2015,REG,3,2015-09-27,Sunday,13:00,SD,14,MIN,31,Home,0,2.5,7,7,0
2015_03_JAX_NE,2015,REG,3,2015-09-27,Sunday,13:00,JAX,17,NE,51,Home,0,14.5,7,7,0
2015_03_PHI_NYJ,2015,REG,3,2015-09-27,Sunday,13:00,PHI,24,NYJ,17,Home,0,3,7,6,0
2015_03_PIT_STL,2015,REG,3,2015-09-27,Sunday,13:00,PIT,12,STL,6,Home,0,1.5,7,7,0
2015_03_IND_TEN,2015,REG,3,2015-09-27,Sunday,13:00,IND,35,TEN,33,Home,0,-3,6,7,1
2015_03_SF_ARI,2015,REG,3,2015-09-27,Sunday,16:05,SF,7,ARI,47,Home,0,7,7,7,1
2015_03_BUF_MIA,2015,REG,3,2015-09-27,Sunday,16:25,BUF,41,MIA,14,Home,0,1,7,7,1
2015_03_CHI_SEA,2015,REG,3,2015-09-27,Sunday,16:25,CHI,0,SEA,26,Home,0,16.5,7,7,0
2015_03_DEN_DET,2015,REG,3,2015-09-27,Sunday,20:30,DEN,24,DET,12,Home,0,-3,10,7,0
2015_03_KC_GB,2015,REG,3,2015-09-28,Monday,20:30,KC,28,GB,38,Home,0,4.5,11,8,0
2015_04_BAL_PIT,2015,REG,4,2015-10-01,Thursday,20:25,BAL,23,PIT,20,Home,1,-3,4,4,1
2015_04_NYJ_MIA,2015,REG,4,2015-10-04,Sunday,09:30,NYJ,27,MIA,14,Neutral,0,-2.5,7,7,1
2015_04_HOU_ATL,2015,REG,4,2015-10-04,Sunday,13:00,HOU,21,ATL,48,Home,0,4,7,7,0
2015_04_NYG_BUF,2015,REG,4,2015-10-04,Sunday,13:00,NYG,24,BUF,10,Home,0,6,10,7,0
2015_04_OAK_CHI,2015,REG,4,2015-10-04,Sunday,13:00,OAK,20,CHI,22,Home,0,-3,7,7,0
2015_04_KC_CIN,2015,REG,4,2015-10-04,Sunday,13:00,KC,21,CIN,36,Home,0,3.5,6,7,0
2015_04_JAX_IND,2015,REG,4,2015-10-04,Sunday,13:00,JAX,13,IND,16,Home,1,4,7,7,1
2015_04_CAR_TB,2015,REG,4,2015-10-04,Sunday,13:00,CAR,37,TB,23,Home,0,-3,7,7,1
2015_04_PHI_WAS,2015,REG,4,2015-10-04,Sunday,13:00,PHI,20,WAS,23,Home,0,-3,7,10,1
2015_04_CLE_SD,2015,REG,4,2015-10-04,Sunday,16:05,CLE,27,SD,30,Home,0,4.5,7,7,0
2015_04_STL_ARI,2015,REG,4,2015-10-04,Sunday,16:25,STL,24,ARI,22,Home,0,7,7,7,1
2015_04_MIN_DEN,2015,REG,4,2015-10-04,Sunday,16:25,MIN,20,DEN,23,Home,0,7,7,7,0
2015_04_GB_SF,2015,REG,4,2015-10-04,Sunday,16:25,GB,17,SF,3,Home,0,-7.5,6,7,0
2015_04_DAL_NO,2015,REG,4,2015-10-04,Sunday,20:30,DAL,20,NO,26,Home,1,3,7,7,0
2015_04_DET_SEA,2015,REG,4,2015-10-05,Monday,20:30,DET,10,SEA,13,Home,0,10,8,8,0
2015_05_IND_HOU,2015,REG,5,2015-10-08,Thursday,20:25,IND,27,HOU,20,Home,0,4.5,4,4,1
2015_05_WAS_ATL,2015,REG,5,2015-10-11,Sunday,13:00,WAS,19,ATL,25,Home,1,7.5,7,7,0
2015_05_CLE_BAL,2015,REG,5,2015-10-11,Sunday,13:00,CLE,33,BAL,30,Home,1,6,7,10,1
2015_05_SEA_CIN,2015,REG,5,2015-10-11,Sunday,13:00,SEA,24,CIN,27,Home,1,3,6,7,0
2015_05_STL_GB,2015,REG,5,2015-10-11,Sunday,13:00,STL,10,GB,24,Home,0,8.5,7,7,0
2015_05_CHI_KC,2015,REG,5,2015-10-11,Sunday,13:00,CHI,18,KC,17,Home,0,10,7,7,0
2015_05_NO_PHI,2015,REG,5,2015-10-11,Sunday,13:00,NO,17,PHI,39,Home,0,6.5,7,7,0
2015_05_JAX_TB,2015,REG,5,2015-10-11,Sunday,13:00,JAX,31,TB,38,Home,0,1,7,7,0
2015_05_BUF_TEN,2015,REG,5,2015-10-11,Sunday,13:00,BUF,14,TEN,13,Home,0,1,7,14,0
2015_05_ARI_DET,2015,REG,5,2015-10-11,Sunday,16:05,ARI,42,DET,17,Home,0,-4.5,7,6,0
2015_05_NE_DAL,2015,REG,5,2015-10-11,Sunday,16:25,NE,30,DAL,6,Home,0,-8,14,7,0
2015_05_DEN_OAK,2015,REG,5,2015-10-11,Sunday,16:25,DEN,16,OAK,10,Home,0,-5,7,7,1
2015_05_SF_NYG,2015,REG,5,2015-10-11,Sunday,20:30,SF,27,NYG,30,Home,0,7.5,7,7,0
2015_05_PIT_SD,2015,REG,5,2015-10-12,Monday,20:30,PIT,24,SD,20,Home,0,4,11,8,0
2015_06_ATL_NO,2015,REG,6,2015-10-15,Thursday,20:25,ATL,21,NO,31,Home,0,-3,4,4,1
2015_06_CIN_BUF,2015,REG,6,2015-10-18,Sunday,13:00,CIN,34,BUF,21,Home,0,-3,7,7,0
2015_06_DEN_CLE,2015,REG,6,2015-10-18,Sunday,13:00,DEN,26,CLE,23,Home,1,-3.5,7,7,0
2015_06_CHI_DET,2015,REG,6,2015-10-18,Sunday,13:00,CHI,34,DET,37,Home,1,3.5,7,7,1
2015_06_HOU_JAX,2015,REG,6,2015-10-18,Sunday,13:00,HOU,31,JAX,20,Home,0,2.5,10,7,1
2015_06_KC_MIN,2015,REG,6,2015-10-18,Sunday,13:00,KC,10,MIN,16,Home,0,3.5,7,14,0
2015_06_WAS_NYJ,2015,REG,6,2015-10-18,Sunday,13:00,WAS,20,NYJ,34,Home,0,7.5,7,14,0
2015_06_ARI_PIT,2015,REG,6,2015-10-18,Sunday,13:00,ARI,13,PIT,25,Home,0,-5.5,7,6,0
2015_06_MIA_TEN,2015,REG,6,2015-10-18,Sunday,13:00,MIA,38,TEN,10,Home,0,2.5,14,7,0
2015_06_CAR_SEA,2015,REG,6,2015-10-18,Sunday,16:05,CAR,27,SEA,23,Home,0,7,14,7,0
2015_06_SD_GB,2015,REG,6,2015-10-18,Sunday,16:25,SD,20,GB,27,Home,0,10.5,6,7,0
2015_06_BAL_SF,2015,REG,6,2015-10-18,Sunday,16:25,BAL,20,SF,25,Home,0,-2.5,7,7,0
2015_06_NE_IND,2015,REG,6,2015-10-18,Sunday,20:30,NE,34,IND,27,Home,0,-8,7,10,0
2015_06_NYG_PHI,2015,REG,6,2015-10-19,Monday,20:30,NYG,7,PHI,27,Home,0,3.5,8,8,1
2015_07_SEA_SF,2015,REG,7,2015-10-22,Thursday,20:25,SEA,20,SF,3,Home,0,-6.5,4,4,1
2015_07_BUF_JAX,2015,REG,7,2015-10-25,Sunday,09:30,BUF,31,JAX,34,Neutral,0,-3.5,7,7,0
2015_07_MIN_DET,2015,REG,7,2015-10-25,Sunday,13:00,MIN,28,DET,19,Home,0,1,7,7,1
2015_07_NO_IND,2015,REG,7,2015-10-25,Sunday,13:00,NO,27,IND,21,Home,0,5.5,10,7,0
2015_07_PIT_KC,2015,REG,7,2015-10-25,Sunday,13:00,PIT,13,KC,23,Home,0,4,7,7,0
2015_07_HOU_MIA,2015,REG,7,2015-10-25,Sunday,13:00,HOU,26,MIA,44,Home,0,4.5,7,7,0
2015_07_NYJ_NE,2015,REG,7,2015-10-25,Sunday,13:00,NYJ,23,NE,30,Home,0,7,7,7,1
2015_07_CLE_STL,2015,REG,7,2015-10-25,Sunday,13:00,CLE,6,STL,24,Home,0,6.5,7,14,0
2015_07_ATL_TEN,2015,REG,7,2015-10-25,Sunday,13:00,ATL,10,TEN,7,Home,0,-5.5,10,7,0
2015_07_TB_WAS,2015,REG,7,2015-10-25,Sunday,13:00,TB,30,WAS,31,Home,0,3,14,7,0
2015_07_OAK_SD,2015,REG,7,2015-10-25,Sunday,16:05,OAK,37,SD,29,Home,0,3.5,14,7,1
2015_07_DAL_NYG,2015,REG,7,2015-10-25,Sunday,16:25,DAL,20,NYG,27,Home,0,3,14,6,1
2015_07_PHI_CAR,2015,REG,7,2015-10-25,Sunday,20:30,PHI,16,CAR,27,Home,0,3,6,7,0
2015_07_BAL_ARI,2015,REG,7,2015-10-26,Monday,20:30,BAL,18,ARI,26,Home,0,10,8,8,0
2015_08_MIA_NE,2015,REG,8,2015-10-29,Thursday,20:25,MIA,7,NE,36,Home,0,8,4,4,1
2015_08_DET_KC,2015,REG,8,2015-11-01,Sunday,09:30,DET,10,KC,45,Neutral,0,3,7,7,0
2015_08_TB_ATL,2015,REG,8,2015-11-01,Sunday,13:00,TB,23,ATL,20,Home,1,8,7,7,1
2015_08_SD_BAL,2015,REG,8,2015-11-01,Sunday,13:00,SD,26,BAL,29,Home,0,4.5,7,6,0
2015_08_MIN_CHI,2015,REG,8,2015-11-01,Sunday,13:00,MIN,23,CHI,20,Home,0,-1,7,14,1
2015_08_ARI_CLE,2015,REG,8,2015-11-01,Sunday,13:00,ARI,34,CLE,20,Home,0,-7,6,7,0
2015_08_TEN_HOU,2015,REG,8,2015-11-01,Sunday,13:00,TEN,6,HOU,20,Home,0,3.5,7,7,1
2015_08_NYG_NO,2015,REG,8,2015-11-01,Sunday,13:00,NYG,49,NO,52,Home,0,3,7,7,0
2015_08_CIN_PIT,2015,REG,8,2015-11-01,Sunday,13:00,CIN,16,PIT,10,Home,0,1,14,7,1
2015_08_SF_STL,2015,REG,8,2015-11-01,Sunday,13:00,SF,6,STL,27,Home,0,8,10,7,1
2015_08_NYJ_OAK,2015,REG,8,2015-11-01,Sunday,16:05,NYJ,20,OAK,34,Home,0,-3,7,7,0
2015_08_SEA_DAL,2015,REG,8,2015-11-01,Sunday,16:25,SEA,13,DAL,12,Home,0,-4.5,10,7,0
2015_08_GB_DEN,2015,REG,8,2015-11-01,Sunday,20:30,GB,10,DEN,29,Home,0,-2.5,14,14,0
2015_08_IND_CAR,2015,REG,8,2015-11-02,Monday,20:30,IND,26,CAR,29,Home,1,5,8,8,0
2015_09_CLE_CIN,2015,REG,9,2015-11-05,Thursday,20:25,CLE,10,CIN,31,Home,0,13,4,4,1
2015_09_MIA_BUF,2015,REG,9,2015-11-08,Sunday,13:00,MIA,17,BUF,33,Home,0,4,10,14,1
2015_09_GB_CAR,2015,REG,9,2015-11-08,Sunday,13:00,GB,29,CAR,37,Home,0,-2,7,6,0
2015_09_STL_MIN,2015,REG,9,2015-11-08,Sunday,13:00,STL,18,MIN,21,Home,1,2,7,7,0
2015_09_WAS_NE,2015,REG,9,2015-11-08,Sunday,13:00,WAS,10,NE,27,Home,0,13.5,14,10,0
2015_09_TEN_NO,2015,REG,9,2015-11-08,Sunday,13:00,TEN,34,NO,28,Home,1,7,7,7,0
2015_09_JAX_NYJ,2015,REG,9,2015-11-08,Sunday,13:00,JAX,23,NYJ,28,Home,0,7.5,14,7,0
2015_09_OAK_PIT,2015,REG,9,2015-11-08,Sunday,13:00,OAK,35,PIT,38,Home,0,6,7,7,0
2015_09_ATL_SF,2015,REG,9,2015-11-08,Sunday,16:05,ATL,16,SF,17,Home,0,-9.5,7,7,0
2015_09_NYG_TB,2015,REG,9,2015-11-08,Sunday,16:05,NYG,32,TB,18,Home,0,-1.5,7,7,0
2015_09_DEN_IND,2015,REG,9,2015-11-08,Sunday,16:25,DEN,24,IND,27,Home,0,-3.5,7,6,0
2015_09_PHI_DAL,2015,REG,9,2015-11-08,Sunday,20:30,PHI,33,DAL,27,Home,1,-3,14,7,1
2015_09_CHI_SD,2015,REG,9,2015-11-09,Monday,20:30,CHI,22,SD,19,Home,0,3.5,8,8,0
2015_10_BUF_NYJ,2015,REG,10,2015-11-12,Thursday,20:25,BUF,22,NYJ,17,Home,0,2.5,4,4,1
2015_10_JAX_BAL,2015,REG,10,2015-11-15,Sunday,13:00,JAX,22,BAL,20,Home,0,4,7,14,0
2015_10_DET_GB,2015,REG,10,2015-11-15,Sunday,13:00,DET,18,GB,16,Home,0,10.5,14,7,1
2015_10_MIA_PHI,2015,REG,10,2015-11-15,Sunday,13:00,MIA,20,PHI,19,Home,0,5.5,7,7,0
2015_10_CLE_PIT,2015,REG,10,2015-11-15,Sunday,13:00,CLE,9,PIT,30,Home,0,7,10,7,1
2015_10_CHI_STL,2015,REG,10,2015-11-15,Sunday,13:00,CHI,37,STL,13,Home,0,7.5,6,7,0
2015_10_DAL_TB,2015,REG,10,2015-11-15,Sunday,13:00,DAL,6,TB,10,Home,0,-1,7,7,0
2015_10_CAR_TEN,2015,REG,10,2015-11-15,Sunday,13:00,CAR,27,TEN,10,Home,0,-3.5,7,7,0
2015_10_NO_WAS,2015,REG,10,2015-11-15,Sunday,13:00,NO,14,WAS,47,Home,0,-1,7,7,0
2015_10_MIN_OAK,2015,REG,10,2015-11-15,Sunday,16:05,MIN,30,OAK,14,Home,0,3,7,7,0
2015_10_KC_DEN,2015,REG,10,2015-11-15,Sunday,16:25,KC,29,DEN,13,Home,0,4,14,7,1
2015_10_NE_NYG,2015,REG,10,2015-11-15,Sunday,16:25,NE,27,NYG,26,Home,0,-7,7,7,0
2015_10_ARI_SEA,2015,REG,10,2015-11-15,Sunday,20:30,ARI,39,SEA,32,Home,0,3,14,14,1
2015_10_HOU_CIN,2015,REG,10,2015-11-16,Monday,20:30,HOU,10,CIN,6,Home,0,10,15,11,0
2015_11_TEN_JAX,2015,REG,11,2015-11-19,Thursday,20:25,TEN,13,JAX,19,Home,0,3,4,4,1
2015_11_IND_ATL,2015,REG,11,2015-11-22,Sunday,13:00,IND,24,ATL,21,Home,0,3.5,14,14,0
2015_11_STL_BAL,2015,REG,11,2015-11-22,Sunday,13:00,STL,13,BAL,16,Home,0,3,7,7,0
2015_11_WAS_CAR,2015,REG,11,2015-11-22,Sunday,13:00,WAS,16,CAR,44,Home,0,7,7,7,0
2015_11_DEN_CHI,2015,REG,11,2015-11-22,Sunday,13:00,DEN,17,CHI,15,Home,0,-2.5,7,7,0
2015_11_OAK_DET,2015,REG,11,2015-11-22,Sunday,13:00,OAK,13,DET,18,Home,0,-2,7,7,0
2015_11_NYJ_HOU,2015,REG,11,2015-11-22,Sunday,13:00,NYJ,17,HOU,24,Home,0,-4,10,6,0
2015_11_DAL_MIA,2015,REG,11,2015-11-22,Sunday,13:00,DAL,24,MIA,14,Home,0,-2.5,7,7,0
2015_11_TB_PHI,2015,REG,11,2015-11-22,Sunday,13:00,TB,45,PHI,17,Home,0,7,7,7,0
2015_11_KC_SD,2015,REG,11,2015-11-22,Sunday,16:05,KC,33,SD,3,Home,0,-3,7,13,1
2015_11_GB_MIN,2015,REG,11,2015-11-22,Sunday,16:25,GB,30,MIN,13,Home,0,-1,7,7,1
2015_11_SF_SEA,2015,REG,11,2015-11-22,Sunday,16:25,SF,13,SEA,29,Home,0,14,14,7,1
2015_11_CIN_ARI,2015,REG,11,2015-11-22,Sunday,20:30,CIN,31,ARI,34,Home,0,4,6,7,0
2015_11_BUF_NE,2015,REG,11,2015-11-23,Monday,20:30,BUF,13,NE,20,Home,0,7,11,8,1
2015_12_PHI_DET,2015,REG,12,2015-11-26,Thursday,12:30,PHI,14,DET,45,Home,0,3,4,4,0
2015_12_CAR_DAL,2015,REG,12,2015-11-26,Thursday,16:30,CAR,33,DAL,14,Home,0,-1,4,4,0
2015_12_CHI_GB,2015,REG,12,2015-11-26,Thursday,20:30,CHI,17,GB,13,Home,0,7.5,4,4,1
2015_12_MIN_ATL,2015,REG,12,2015-11-29,Sunday,13:00,MIN,20,ATL,10,Home,0,2,7,7,0
2015_12_STL_CIN,2015,REG,12,2015-11-29,Sunday,13:00,STL,7,CIN,31,Home,0,10.5,7,7,0
2015_12_NO_HOU,2015,REG,12,2015-11-29,Sunday,13:00,NO,6,HOU,24,Home,0,3.5,14,7,0
2015_12_TB_IND,2015,REG,12,2015-11-29,Sunday,13:00,TB,12,IND,25,Home,0,3,7,7,0
2015_12_SD_JAX,2015,REG,12,2015-11-29,Sunday,13:00,SD,31,JAX,25,Home,0,5,7,10,0
2015_12_BUF_KC,2015,REG,12,2015-11-29,Sunday,13:00,BUF,22,KC,30,Home,0,4.5,6,7,0
2015_12_MIA_NYJ,2015,REG,12,2015-11-29,Sunday,13:00,MIA,20,NYJ,38,Home,0,4.5,7,7,1
2015_12_OAK_TEN,2015,REG,12,2015-11-29,Sunday,13:00,OAK,24,TEN,21,Home,0,-1,7,10,0
2015_12_NYG_WAS,2015,REG,12,2015-11-29,Sunday,13:00,NYG,14,WAS,20,Home,0,-1,14,7,1
2015_12_ARI_SF,2015,REG,12,2015-11-29,Sunday,16:05,ARI,19,SF,13,Home,0,-7.5,7,7,1
2015_12_PIT_SEA,2015,REG,12,2015-11-29,Sunday,16:25,PIT,30,SEA,39,Home,0,3,14,7,0
2015_12_NE_DEN,2015,REG,12,2015-11-29,Sunday,20:30,NE,24,DEN,30,Home,1,-2.5,6,7,0
2015_12_BAL_CLE,2015,REG,12,2015-11-30,Monday,20:30,BAL,33,CLE,27,Home,0,6,8,15,1
2015_13_GB_DET,2015,REG,13,2015-12-03,Thursday,20:25,GB,27,DET,23,Home,0,-2.5,7,7,1
2015_13_HOU_BUF,2015,REG,13,2015-12-06,Sunday,13:00,HOU,21,BUF,30,Home,0,3,7,7,0
2015_13_SF_CHI,2015,REG,13,2015-12-06,Sunday,13:00,SF,26,CHI,20,Home,1,6,7,10,0
2015_13_CIN_CLE,2015,REG,13,2015-12-06,Sunday,13:00,CIN,37,CLE,3,Home,0,-7.5,7,6,1
2015_13_BAL_MIA,2015,REG,13,2015-12-06,Sunday,13:00,BAL,13,MIA,15,Home,0,3.5,6,7,0
2015_13_SEA_MIN,2015,REG,13,2015-12-06,Sunday,13:00,SEA,38,MIN,7,Home,0,-2.5,7,7,0
2015_13_NYJ_NYG,2015,REG,13,2015-12-06,Sunday,13:00,NYJ,23,NYG,20,Home,1,-2,7,7,0
2015_13_ARI_STL,2015,REG,13,2015-12-06,Sunday,13:00,ARI,27,STL,3,Home,0,-3.5,7,7,1
2015_13_ATL_TB,2015,REG,13,2015-12-06,Sunday,13:00,ATL,19,TB,23,Home,0,1,7,7,1
2015_13_JAX_TEN,2015,REG,13,2015-12-06,Sunday,13:00,JAX,39,TEN,42,Home,0,3,7,7,1
2015_13_KC_OAK,2015,REG,13,2015-12-06,Sunday,16:05,KC,34,OAK,20,Home,0,-3,7,7,1
2015_13_DEN_SD,2015,REG,13,2015-12-06,Sunday,16:05,DEN,17,SD,3,Home,0,-6,7,7,1
2015_13_PHI_NE,2015,REG,13,2015-12-06,Sunday,16:25,PHI,35,NE,28,Home,0,9.5,10,7,0
2015_13_CAR_NO,2015,REG,13,2015-12-06,Sunday,16:25,CAR,41,NO,38,Home,0,-5.5,10,7,1
2015_13_IND_PIT,2015,REG,13,2015-12-06,Sunday,20:30,IND,10,PIT,45,Home,0,10,7,7,0
2015_13_DAL_WAS,2015,REG,13,2015-12-07,Monday,20:30,DAL,19,WAS,16,Home,0,2,11,8,1
2015_14_MIN_ARI,2015,REG,14,2015-12-10,Thursday,20:25,MIN,20,ARI,23,Home,0,10,4,4,0
2015_14_SEA_BAL,2015,REG,14,2015-12-13,Sunday,13:00,SEA,35,BAL,6,Home,0,-10.5,7,7,0
2015_14_ATL_CAR,2015,REG,14,2015-12-13,Sunday,13:00,ATL,0,CAR,38,Home,0,8.5,7,7,1
2015_14_WAS_CHI,2015,REG,14,2015-12-13,Sunday,13:00,WAS,24,CHI,21,Home,0,4,6,7,0
2015_14_PIT_CIN,2015,REG,14,2015-12-13,Sunday,13:00,PIT,33,CIN,20,Home,0,1,7,7,1
2015_14_SF_CLE,2015,REG,14,2015-12-13,Sunday,13:00,SF,10,CLE,24,Home,0,2.5,7,7,0
2015_14_IND_JAX,2015,REG,14,2015-12-13,Sunday,13:00,IND,16,JAX,51,Home,0,1,7,7,1
2015_14_SD_KC,2015,REG,14,2015-12-13,Sunday,13:00,SD,3,KC,10,Home,0,11.5,7,7,1
2015_14_TEN_NYJ,2015,REG,14,2015-12-13,Sunday,13:00,TEN,8,NYJ,30,Home,0,8,7,7,0
2015_14_BUF_PHI,2015,REG,14,2015-12-13,Sunday,13:00,BUF,20,PHI,23,Home,0,1,7,7,0
2015_14_DET_STL,2015,REG,14,2015-12-13,Sunday,13:00,DET,14,STL,21,Home,0,-3,10,7,0
2015_14_NO_TB,2015,REG,14,2015-12-13,Sunday,13:00,NO,24,TB,17,Home,0,6,7,7,1
2015_14_OAK_DEN,2015,REG,14,2015-12-13,Sunday,16:05,OAK,15,DEN,12,Home,0,6,7,7,1
2015_14_DAL_GB,2015,REG,14,2015-12-13,Sunday,16:25,DAL,7,GB,28,Home,0,6,6,10,0
2015_14_NE_HOU,2015,REG,14,2015-12-13,Sunday,20:30,NE,27,HOU,6,Home,0,-4,7,7,0
2015_14_NYG_MIA,2015,REG,14,2015-12-14,Monday,20:30,NYG,31,MIA,24,Home,0,-2.5,8,8,0
2015_15_TB_STL,2015,REG,15,2015-12-17,Thursday,20:25,TB,23,STL,31,Home,0,1,4,4,0
2015_15_NYJ_DAL,2015,REG,15,2015-12-19,Saturday,20:25,NYJ,19,DAL,16,Home,0,-3,6,6,0
2015_15_KC_BAL,2015,REG,15,2015-12-20,Sunday,13:00,KC,34,BAL,14,Home,0,-6.5,7,7,0
2015_15_HOU_IND,2015,REG,15,2015-12-20,Sunday,13:00,HOU,16,IND,10,Home,0,2.5,7,7,1
2015_15_ATL_JAX,2015,REG,15,2015-12-20,Sunday,13:00,ATL,23,JAX,17,Home,0,2,7,7,0
2015_15_CHI_MIN,2015,REG,15,2015-12-20,Sunday,13:00,CHI,17,MIN,38,Home,0,4,7,10,1
2015_15_TEN_NE,2015,REG,15,2015-12-20,Sunday,13:00,TEN,16,NE,33,Home,0,14.5,7,7,0
2015_15_CAR_NYG,2015,REG,15,2015-12-20,Sunday,13:00,CAR,38,NYG,35,Home,0,-4.5,7,6,0
2015_15_BUF_WAS,2015,REG,15,2015-12-20,Sunday,13:00,BUF,25,WAS,35,Home,0,-2.5,7,7,0
2015_15_GB_OAK,2015,REG,15,2015-12-20,Sunday,16:05,GB,30,OAK,20,Home,0,-4,7,7,0
2015_15_CLE_SEA,2015,REG,15,2015-12-20,Sunday,16:05,CLE,13,SEA,30,Home,0,14.5,7,7,0
2015_15_DEN_PIT,2015,REG,15,2015-12-20,Sunday,16:25,DEN,27,PIT,34,Home,0,7.5,7,7,0
2015_15_MIA_SD,2015,REG,15,2015-12-20,Sunday,16:25,MIA,14,SD,30,Home,0,1,6,7,0
2015_15_CIN_SF,2015,REG,15,2015-12-20,Sunday,16:25,CIN,24,SF,14,Home,0,-7,7,7,0
2015_15_ARI_PHI,2015,REG,15,2015-12-20,Sunday,20:30,ARI,40,PHI,17,Home,0,-3.5,10,7,0
2015_15_DET_NO,2015,REG,15,2015-12-21,Monday,20:30,DET,35,NO,27,Home,0,2.5,8,8,0
2015_16_SD_OAK,2015,REG,16,2015-12-24,Thursday,20:25,SD,20,OAK,23,Home,1,4,4,4,1
2015_16_WAS_PHI,2015,REG,16,2015-12-26,Saturday,20:25,WAS,38,PHI,24,Home,0,3.5,6,6,1
2015_16_CAR_ATL,2015,REG,16,2015-12-27,Sunday,13:00,CAR,13,ATL,20,Home,0,-7,7,7,1
2015_16_PIT_BAL,2015,REG,16,2015-12-27,Sunday,13:00,PIT,17,BAL,20,Home,0,-11,7,7,1
2015_16_DAL_BUF,2015,REG,16,2015-12-27,Sunday,13:00,DAL,6,BUF,16,Home,0,6.5,8,7,0
2015_16_SF_DET,2015,REG,16,2015-12-27,Sunday,13:00,SF,17,DET,32,Home,0,8.5,7,6,0
2015_16_CLE_KC,2015,REG,16,2015-12-27,Sunday,13:00,CLE,13,KC,17,Home,0,11.5,7,7,0
2015_16_IND_MIA,2015,REG,16,2015-12-27,Sunday,13:00,IND,18,MIA,12,Home,0,2.5,7,7,0
2015_16_NE_NYJ,2015,REG,16,2015-12-27,Sunday,13:00,NE,20,NYJ,26,Home,1,-2.5,7,8,1
2015_16_CHI_TB,2015,REG,16,2015-12-27,Sunday,13:00,CHI,26,TB,21,Home,0,3,7,10,0
2015_16_HOU_TEN,2015,REG,16,2015-12-27,Sunday,13:00,HOU,34,TEN,6,Home,0,-3.5,7,7,1
2015_16_JAX_NO,2015,REG,16,2015-12-27,Sunday,16:05,JAX,27,NO,38,Home,0,2.5,7,6,0
2015_16_GB_ARI,2015,REG,16,2015-12-27,Sunday,16:25,GB,8,ARI,38,Home,0,6,7,7,0
2015_16_STL_SEA,2015,REG,16,2015-12-27,Sunday,16:25,STL,23,SEA,17,Home,0,11,10,7,1
2015_16_NYG_MIN,2015,REG,16,2015-12-27,Sunday,20:30,NYG,17,MIN,49,Home,0,7,7,7,0
2015_16_CIN_DEN,2015,REG,16,2015-12-28,Monday,20:30,CIN,17,DEN,20,Home,1,3.5,8,8,0
2015_17_NO_ATL,2015,REG,17,2016-01-03,Sunday,13:00,NO,20,ATL,17,Home,0,6,7,7,1
2015_17_NYJ_BUF,2015,REG,17,2016-01-03,Sunday,13:00,NYJ,17,BUF,22,Home,0,-2.5,7,7,1
2015_17_DET_CHI,2015,REG,17,2016-01-03,Sunday,13:00,DET,24,CHI,20,Home,0,-2.5,7,7,1
2015_17_BAL_CIN,2015,REG,17,2016-01-03,Sunday,13:00,BAL,16,CIN,24,Home,0,10,7,6,1
2015_17_PIT_CLE,2015,REG,17,2016-01-03,Sunday,13:00,PIT,28,CLE,12,Home,0,-13,7,7,1
2015_17_WAS_DAL,2015,REG,17,2016-01-03,Sunday,13:00,WAS,34,DAL,23,Home,0,3,8,7,1
2015_17_JAX_HOU,2015,REG,17,2016-01-03,Sunday,13:00,JAX,6,HOU,30,Home,0,5,7,7,1
2015_17_TEN_IND,2015,REG,17,2016-01-03,Sunday,13:00,TEN,24,IND,30,Home,0,3.5,7,7,1
2015_17_NE_MIA,2015,REG,17,2016-01-03,Sunday,13:00,NE,10,MIA,20,Home,0,-10,7,7,1
2015_17_PHI_NYG,2015,REG,17,2016-01-03,Sunday,13:00,PHI,35,NYG,30,Home,0,4,8,7,1
2015_17_SEA_ARI,2015,REG,17,2016-01-03,Sunday,16:25,SEA,36,ARI,6,Home,0,6,7,7,1
2015_17_TB_CAR,2015,REG,17,2016-01-03,Sunday,16:25,TB,10,CAR,38,Home,0,10,7,7,1
2015_17_SD_DEN,2015,REG,17,2016-01-03,Sunday,16:25,SD,20,DEN,27,Home,0,10,10,6,1
2015_17_OAK_KC,2015,REG,17,2016-01-03,Sunday,16:25,OAK,17,KC,23,Home,0,6.5,10,7,1
2015_17_STL_SF,2015,REG,17,2016-01-03,Sunday,16:25,STL,16,SF,19,Home,1,-3,7,7,1
2015_17_MIN_GB,2015,REG,17,2016-01-03,Sunday,20:30,MIN,20,GB,13,Home,0,3,7,7,1
2015_18_KC_HOU,2015,WC,18,2016-01-09,Saturday,16:35,KC,30,HOU,0,Home,0,-3,6,6,0
2015_18_PIT_CIN,2015,WC,18,2016-01-09,Saturday,20:15,PIT,18,CIN,16,Home,0,-2,6,6,1
2015_18_SEA_MIN,2015,WC,18,2016-01-10,Sunday,13:05,SEA,10,MIN,9,Home,0,-4,7,7,0
2015_18_GB_WAS,2015,WC,18,2016-01-10,Sunday,16:40,GB,35,WAS,18,Home,0,2,7,7,0
2015_19_KC_NE,2015,DIV,19,2016-01-16,Saturday,16:35,KC,20,NE,27,Home,0,6,7,13,0
2015_19_GB_ARI,2015,DIV,19,2016-01-16,Saturday,20:15,GB,20,ARI,26,Home,1,7,6,13,0
2015_19_SEA_CAR,2015,DIV,19,2016-01-17,Sunday,13:05,SEA,24,CAR,31,Home,0,2.5,7,14,0
2015_19_PIT_DEN,2015,DIV,19,2016-01-17,Sunday,16:40,PIT,16,DEN,23,Home,0,7,8,14,0
2015_20_NE_DEN,2015,CON,20,2016-01-24,Sunday,15:05,NE,18,DEN,20,Home,0,-2.5,8,7,0
2015_20_ARI_CAR,2015,CON,20,2016-01-24,Sunday,18:40,ARI,15,CAR,49,Home,0,3.5,8,7,0
2015_21_CAR_DEN,2015,SB,21,2016-02-07,Sunday,18:30,CAR,10,DEN,24,Neutral,0,-4.5,14,14,0
2016_01_CAR_DEN,2016,REG,1,2016-09-08,Thursday,20:30,CAR,20,DEN,21,Home,0,-3,7,7,0
2016_01_TB_ATL,2016,REG,1,2016-09-11,Sunday,13:00,TB,31,ATL,24,Home,0,2.5,7,7,1
2016_01_BUF_BAL,2016,REG,1,2016-09-11,Sunday,13:00,BUF,7,BAL,13,Home,0,3,7,7,0
2016_01_CHI_HOU,2016,REG,1,2016-09-11,Sunday,13:00,CHI,14,HOU,23,Home,0,5.5,7,7,0
2016_01_GB_JAX,2016,REG,1,2016-09-11,Sunday,13:00,GB,27,JAX,23,Home,0,-3.5,7,7,0
2016_01_SD_KC,2016,REG,1,2016-09-11,Sunday,13:00,SD,27,KC,33,Home,1,6.5,7,7,1
2016_01_OAK_NO,2016,REG,1,2016-09-11,Sunday,13:00,OAK,35,NO,34,Home,0,2.5,7,7,0
2016_01_CIN_NYJ,2016,REG,1,2016-09-11,Sunday,13:00,CIN,23,NYJ,22,Home,0,1,7,7,0
2016_01_CLE_PHI,2016,REG,1,2016-09-11,Sunday,13:00,CLE,10,PHI,29,Home,0,3.5,7,7,0
2016_01_MIN_TEN,2016,REG,1,2016-09-11,Sunday,13:00,MIN,25,TEN,16,Home,0,-2.5,7,7,0
2016_01_MIA_SEA,2016,REG,1,2016-09-11,Sunday,16:05,MIA,10,SEA,12,Home,0,10.5,7,7,0
2016_01_NYG_DAL,2016,REG,1,2016-09-11,Sunday,16:25,NYG,20,DAL,19,Home,0,1,7,7,1
2016_01_DET_IND,2016,REG,1,2016-09-11,Sunday,16:25,DET,39,IND,35,Home,0,2.5,7,7,0
2016_01_NE_ARI,2016,REG,1,2016-09-11,Sunday,20:30,NE,23,ARI,21,Home,0,9,7,7,0
2016_01_PIT_WAS,2016,REG,1,2016-09-12,Monday,19:10,PIT,38,WAS,16,Home,0,-2.5,7,7,0
2016_01_LA_SF,2016,REG,1,2016-09-12,Monday,22:20,LA,0,SF,28,Home,0,-2.5,7,7,1
2016_02_NYJ_BUF,2016,REG,2,2016-09-15,Thursday,20:25,NYJ,37,BUF,31,Home,0,1.5,4,4,1
2016_02_TB_ARI,2016,REG,2,2016-09-18,Sunday,13:00,TB,7,ARI,40,Home,0,7.5,7,7,0
2016_02_SF_CAR,2016,REG,2,2016-09-18,Sunday,13:00,SF,27,CAR,46,Home,0,12,6,10,0
2016_02_BAL_CLE,2016,REG,2,2016-09-18,Sunday,13:00,BAL,25,CLE,20,Home,0,-4,7,7,1
2016_02_TEN_DET,2016,REG,2,2016-09-18,Sunday,13:00,TEN,16,DET,15,Home,0,6,7,7,0
2016_02_KC_HOU,2016,REG,2,2016-09-18,Sunday,13:00,KC,12,HOU,19,Home,0,-1,7,7,0
2016_02_MIA_NE,2016,REG,2,2016-09-18,Sunday,13:00,MIA,24,NE,31,Home,0,5.5,7,7,1
2016_02_NO_NYG,2016,REG,2,2016-09-18,Sunday,13:00,NO,13,NYG,16,Home,0,3.5,7,7,0
2016_02_CIN_PIT,2016,REG,2,2016-09-18,Sunday,13:00,CIN,16,PIT,24,Home,0,3,7,6,1
2016_02_DAL_WAS,2016,REG,2,2016-09-18,Sunday,13:00,DAL,27,WAS,23,Home,0,3.5,7,6,1
2016_02_SEA_LA,2016,REG,2,2016-09-18,Sunday,16:05,SEA,3,LA,9,Home,0,-5.5,7,6,1
2016_02_IND_DEN,2016,REG,2,2016-09-18,Sunday,16:25,IND,20,DEN,34,Home,0,5,7,10,0
2016_02_ATL_OAK,2016,REG,2,2016-09-18,Sunday,16:25,ATL,35,OAK,28,Home,0,4,7,7,0
2016_02_JAX_SD,2016,REG,2,2016-09-18,Sunday,16:25,JAX,14,SD,38,Home,0,3,7,7,0
2016_02_GB_MIN,2016,REG,2,2016-09-18,Sunday,20:30,GB,14,MIN,17,Home,0,-1.5,7,7,1
2016_02_PHI_CHI,2016,REG,2,2016-09-19,Monday,20:30,PHI,29,CHI,14,Home,0,3,8,8,0
2016_03_HOU_NE,2016,REG,3,2016-09-22,Thursday,20:25,HOU,0,NE,27,Home,0,1,4,4,0
2016_03_ARI_BUF,2016,REG,3,2016-09-25,Sunday,13:00,ARI,18,BUF,33,Home,0,-5,7,10,0
2016_03_MIN_CAR,2016,REG,3,2016-09-25,Sunday,13:00,MIN,22,CAR,10,Home,0,6,7,7,0
2016_03_DEN_CIN,2016,REG,3,2016-09-25,Sunday,13:00,DEN,29,CIN,17,Home,0,3.5,7,7,0
2016_03_DET_GB,2016,REG,3,2016-09-25,Sunday,13:00,DET,27,GB,34,Home,0,6,7,7,1
2016_03_BAL_JAX,2016,REG,3,2016-09-25,Sunday,13:00,BAL,19,JAX,17,Home,0,-1,7,7,0
2016_03_CLE_MIA,2016,REG,3,2016-09-25,Sunday,13:00,CLE,24,MIA,30,Home,1,10,7,7,0
2016_03_WAS_NYG,2016,REG,3,2016-09-25,Sunday,13:00,WAS,29,NYG,27,Home,0,3.5,7,7,1
2016_03_OAK_TEN,2016,REG,3,2016-09-25,Sunday,13:00,OAK,17,TEN,10,Home,0,-1.5,7,7,0
2016_03_SF_SEA,2016,REG,3,2016-09-25,Sunday,16:05,SF,18,SEA,37,Home,0,10.5,7,7,1
2016_03_LA_TB,2016,REG,3,2016-09-25,Sunday,16:05,LA,37,TB,32,Home,0,3.5,7,7,0
2016_03_SD_IND,2016,REG,3,2016-09-25,Sunday,16:25,SD,22,IND,26,Home,0,1.5,7,7,0
2016_03_NYJ_KC,2016,REG,3,2016-09-25,Sunday,16:25,NYJ,3,KC,24,Home,0,3,10,7,0
2016_03_PIT_PHI,2016,REG,3,2016-09-25,Sunday,16:25,PIT,3,PHI,34,Home,0,-3.5,7,6,0
2016_03_CHI_DAL,2016,REG,3,2016-09-25,Sunday,20:30,CHI,17,DAL,31,Home,0,6.5,6,7,0
2016_03_ATL_NO,2016,REG,3,2016-09-26,Monday,20:30,ATL,45,NO,32,Home,0,2.5,8,8,1
2016_04_MIA_CIN,2016,REG,4,2016-09-29,Thursday,20:25,MIA,7,CIN,22,Home,0,7.5,4,4,0
2016_04_IND_JAX,2016,REG,4,2016-10-02,Sunday,09:30,IND,27,JAX,30,Neutral,0,1,7,7,1
2016_04_CAR_ATL,2016,REG,4,2016-10-02,Sunday,13:00,CAR,33,ATL,48,Home,0,-2.5,7,6,1
2016_04_OAK_BAL,2016,REG,4,2016-10-02,Sunday,13:00,OAK,28,BAL,27,Home,0,3.5,7,7,0
2016_04_DET_CHI,2016,REG,4,2016-10-02,Sunday,13:00,DET,14,CHI,17,Home,0,-3,7,7,1
2016_04_TEN_HOU,2016,REG,4,2016-10-02,Sunday,13:00,TEN,20,HOU,27,Home,0,4,7,10,1
2016_04_BUF_NE,2016,REG,4,2016-10-02,Sunday,13:00,BUF,16,NE,0,Home,0,3.5,7,10,1
2016_04_SEA_NYJ,2016,REG,4,2016-10-02,Sunday,13:00,SEA,27,NYJ,17,Home,0,-1,7,7,0
2016_04_CLE_WAS,2016,REG,4,2016-10-02,Sunday,13:00,CLE,20,WAS,31,Home,0,7.5,7,7,0
2016_04_DEN_TB,2016,REG,4,2016-10-02,Sunday,16:05,DEN,27,TB,7,Home,0,-3.5,7,7,0
2016_04_LA_ARI,2016,REG,4,2016-10-02,Sunday,16:25,LA,17,ARI,13,Home,0,10,7,7,1
2016_04_NO_SD,2016,REG,4,2016-10-02,Sunday,16:25,NO,35,SD,34,Home,0,4,6,7,0
2016_04_DAL_SF,2016,REG,4,2016-10-02,Sunday,16:25,DAL,24,SF,17,Home,0,-1,7,7,0
2016_04_KC_PIT,2016,REG,4,2016-10-02,Sunday,20:30,KC,14,PIT,43,Home,0,3,7,7,0
2016_04_NYG_MIN,2016,REG,4,2016-10-03,Monday,20:30,NYG,10,MIN,24,Home,0,3.5,8,8,0
2016_05_ARI_SF,2016,REG,5,2016-10-06,Thursday,20:25,ARI,33,SF,21,Home,0,-3.5,4,4,1
2016_05_WAS_BAL,2016,REG,5,2016-10-09,Sunday,13:00,WAS,16,BAL,10,Home,0,4,7,7,0
2016_05_NE_CLE,2016,REG,5,2016-10-09,Sunday,13:00,NE,33,CLE,13,Home,0,-10,7,7,0
2016_05_PHI_DET,2016,REG,5,2016-10-09,Sunday,13:00,PHI,23,DET,24,Home,0,-3.5,14,7,0
2016_05_CHI_IND,2016,REG,5,2016-10-09,Sunday,13:00,CHI,23,IND,29,Home,0,4,7,7,0
2016_05_TEN_MIA,2016,REG,5,2016-10-09,Sunday,13:00,TEN,30,MIA,17,Home,0,2.5,7,10,0
2016_05_HOU_MIN,2016,REG,5,2016-10-09,Sunday,13:00,HOU,13,MIN,31,Home,0,6,7,6,0
2016_05_NYJ_PIT,2016,REG,5,2016-10-09,Sunday,13:00,NYJ,13,PIT,31,Home,0,10,7,7,0
2016_05_ATL_DEN,2016,REG,5,2016-10-09,Sunday,16:05,ATL,23,DEN,16,Home,0,3.5,7,7,0
2016_05_CIN_DAL,2016,REG,5,2016-10-09,Sunday,16:25,CIN,14,DAL,28,Home,0,-2.5,10,7,0
2016_05_BUF_LA,2016,REG,5,2016-10-09,Sunday,16:25,BUF,30,LA,19,Home,0,-2.5,7,7,0
2016_05_SD_OAK,2016,REG,5,2016-10-09,Sunday,16:25,SD,31,OAK,34,Home,0,3.5,7,7,1
2016_05_NYG_GB,2016,REG,5,2016-10-09,Sunday,20:30,NYG,16,GB,23,Home,0,7,6,14,0
2016_05_TB_CAR,2016,REG,5,2016-10-10,Monday,20:30,TB,17,CAR,14,Home,0,6,8,8,1
2016_06_DEN_SD,2016,REG,6,2016-10-13,Thursday,20:25,DEN,13,SD,21,Home,0,-3,4,4,1
2016_06_SF_BUF,2016,REG,6,2016-10-16,Sunday,13:00,SF,16,BUF,45,Home,0,7.5,10,7,0
2016_06_JAX_CHI,2016,REG,6,2016-10-16,Sunday,13:00,JAX,17,CHI,16,Home,0,2.5,14,7,0
2016_06_LA_DET,2016,REG,6,2016-10-16,Sunday,13:00,LA,28,DET,31,Home,0,2.5,7,7,0
2016_06_PIT_MIA,2016,REG,6,2016-10-16,Sunday,13:00,PIT,15,MIA,30,Home,0,-7.5,7,7,0
2016_06_CIN_NE,2016,REG,6,2016-10-16,Sunday,13:00,CIN,17,NE,35,Home,0,7.5,7,7,0
2016_06_CAR_NO,2016,REG,6,2016-10-16,Sunday,13:00,CAR,38,NO,41,Home,0,-2.5,6,14,1
2016_06_BAL_NYG,2016,REG,6,2016-10-16,Sunday,13:00,BAL,23,NYG,27,Home,0,3.5,7,7,0
2016_06_CLE_TEN,2016,REG,6,2016-10-16,Sunday,13:00,CLE,26,TEN,28,Home,0,7.5,7,7,0
2016_06_PHI_WAS,2016,REG,6,2016-10-16,Sunday,13:00,PHI,20,WAS,27,Home,0,-3,7,7,1
2016_06_KC_OAK,2016,REG,6,2016-10-16,Sunday,16:05,KC,26,OAK,10,Home,0,-1,14,7,1
2016_06_DAL_GB,2016,REG,6,2016-10-16,Sunday,16:25,DAL,30,GB,16,Home,0,5,7,7,0
2016_06_ATL_SEA,2016,REG,6,2016-10-16,Sunday,16:25,ATL,24,SEA,26,Home,0,7,7,14,0
2016_06_IND_HOU,2016,REG,6,2016-10-16,Sunday,20:30,IND,23,HOU,26,Home,1,3,7,7,1
2016_06_NYJ_ARI,2016,REG,6,2016-10-17,Monday,20:30,NYJ,3,ARI,28,Home,0,7.5,8,11,0
2016_07_CHI_GB,2016,REG,7,2016-10-20,Thursday,20:25,CHI,10,GB,26,Home,0,7.5,4,4,1
2016_07_NYG_LA,2016,REG,7,2016-10-23,Sunday,09:30,NYG,17,LA,10,Neutral,0,-3,7,7,0
2016_07_CLE_CIN,2016,REG,7,2016-10-23,Sunday,13:00,CLE,17,CIN,31,Home,0,11.5,7,7,1
2016_07_WAS_DET,2016,REG,7,2016-10-23,Sunday,13:00,WAS,17,DET,20,Home,0,-1,7,7,0
2016_07_OAK_JAX,2016,REG,7,2016-10-23,Sunday,13:00,OAK,33,JAX,16,Home,0,1.5,7,7,0
2016_07_NO_KC,2016,REG,7,2016-10-23,Sunday,13:00,NO,21,KC,27,Home,0,6,7,7,0
2016_07_BUF_MIA,2016,REG,7,2016-10-23,Sunday,13:00,BUF,25,MIA,28,Home,0,-2.5,7,7,1
2016_07_BAL_NYJ,2016,REG,7,2016-10-23,Sunday,13:00,BAL,16,NYJ,24,Home,0,2,7,6,0
2016_07_MIN_PHI,2016,REG,7,2016-10-23,Sunday,13:00,MIN,10,PHI,21,Home,0,-2.5,14,7,0
2016_07_IND_TEN,2016,REG,7,2016-10-23,Sunday,13:00,IND,34,TEN,26,Home,0,4,7,7,1
2016_07_SD_ATL,2016,REG,7,2016-10-23,Sunday,16:05,SD,33,ATL,30,Home,1,4.5,10,7,0
2016_07_TB_SF,2016,REG,7,2016-10-23,Sunday,16:05,TB,34,SF,17,Home,0,1,13,7,0
2016_07_NE_PIT,2016,REG,7,2016-10-23,Sunday,16:25,NE,27,PIT,16,Home,0,-7.5,7,7,0
2016_07_SEA_ARI,2016,REG,7,2016-10-23,Sunday,20:30,SEA,6,ARI,6,Home,1,2.5,7,6,1
2016_07_HOU_DEN,2016,REG,7,2016-10-24,Monday,20:30,HOU,9,DEN,27,Home,0,8.5,8,11,0
2016_08_JAX_TEN,2016,REG,8,2016-10-27,Thursday,20:25,JAX,22,TEN,36,Home,0,3,4,4,1
2016_08_WAS_CIN,2016,REG,8,2016-10-30,Sunday,09:30,WAS,27,CIN,27,Neutral,1,3,7,7,0
2016_08_NE_BUF,2016,REG,8,2016-10-30,Sunday,13:00,NE,41,BUF,25,Home,0,-5.5,7,7,1
2016_08_ARI_CAR,2016,REG,8,2016-10-30,Sunday,13:00,ARI,20,CAR,30,Home,0,2.5,7,14,0
2016_08_NYJ_CLE,2016,REG,8,2016-10-30,Sunday,13:00,NYJ,31,CLE,28,Home,0,-2.5,7,7,0
2016_08_DET_HOU,2016,REG,8,2016-10-30,Sunday,13:00,DET,13,HOU,20,Home,0,1,7,6,0
2016_08_KC_IND,2016,REG,8,2016-10-30,Sunday,13:00,KC,30,IND,14,Home,0,-3,7,7,0
2016_08_SEA_NO,2016,REG,8,2016-10-30,Sunday,13:00,SEA,20,NO,25,Home,0,-1,7,7,0
2016_08_OAK_TB,2016,REG,8,2016-10-30,Sunday,13:00,OAK,30,TB,24,Home,1,1,7,7,0
2016_08_SD_DEN,2016,REG,8,2016-10-30,Sunday,16:05,SD,19,DEN,27,Home,0,3.5,7,6,1
2016_08_GB_ATL,2016,REG,8,2016-10-30,Sunday,16:25,GB,32,ATL,33,Home,0,3,10,7,0
2016_08_PHI_DAL,2016,REG,8,2016-10-30,Sunday,20:30,PHI,23,DAL,29,Home,1,5,7,14,1
2016_08_MIN_CHI,2016,REG,8,2016-10-31,Monday,20:30,MIN,10,CHI,20,Home,0,-5.5,8,11,1
2016_09_ATL_TB,2016,REG,9,2016-11-03,Thursday,20:25,ATL,43,TB,28,Home,0,-4.5,4,4,1
2016_09_PIT_BAL,2016,REG,9,2016-11-06,Sunday,13:00,PIT,14,BAL,21,Home,0,-3.5,14,14,1
2016_09_DAL_CLE,2016,REG,9,2016-11-06,Sunday,13:00,DAL,35,CLE,10,Home,0,-7,7,7,0
2016_09_JAX_KC,2016,REG,9,2016-11-06,Sunday,13:00,JAX,14,KC,19,Home,0,7,10,7,0
2016_09_NYJ_MIA,2016,REG,9,2016-11-06,Sunday,13:00,NYJ,23,MIA,27,Home,0,3.5,7,14,1
2016_09_DET_MIN,2016,REG,9,2016-11-06,Sunday,13:00,DET,22,MIN,16,Home,1,4,7,6,1
2016_09_PHI_NYG,2016,REG,9,2016-11-06,Sunday,13:00,PHI,23,NYG,28,Home,0,3,7,14,1
2016_09_CAR_LA,2016,REG,9,2016-11-06,Sunday,16:05,CAR,13,LA,10,Home,0,-3,7,14,0
2016_09_NO_SF,2016,REG,9,2016-11-06,Sunday,16:05,NO,41,SF,23,Home,0,-5,7,14,0
2016_09_IND_GB,2016,REG,9,2016-11-06,Sunday,16:25,IND,31,GB,26,Home,0,7.5,7,7,0
2016_09_TEN_SD,2016,REG,9,2016-11-06,Sunday,16:25,TEN,35,SD,43,Home,0,3.5,10,7,0
2016_09_DEN_OAK,2016,REG,9,2016-11-06,Sunday,20:30,DEN,20,OAK,30,Home,0,1,7,7,1
2016_09_BUF_SEA,2016,REG,9,2016-11-07,Monday,20:30,BUF,25,SEA,31,Home,0,5.5,8,8,0
2016_10_CLE_BAL,2016,REG,10,2016-11-10,Thursday,20:25,CLE,7,BAL,28,Home,0,7.5,4,4,1
2016_10_KC_CAR,2016,REG,10,2016-11-13,Sunday,13:00,KC,20,CAR,17,Home,0,3,7,7,0
2016_10_HOU_JAX,2016,REG,10,2016-11-13,Sunday,13:00,HOU,24,JAX,21,Home,0,3,14,7,1
2016_10_DEN_NO,2016,REG,10,2016-11-13,Sunday,13:00,DEN,25,NO,23,Home,0,3,7,7,0
2016_10_LA_NYJ,2016,REG,10,2016-11-13,Sunday,13:00,LA,9,NYJ,6,Home,0,-1,7,7,0
2016_10_ATL_PHI,2016,REG,10,2016-11-13,Sunday,13:00,ATL,15,PHI,24,Home,0,2,10,7,0
2016_10_CHI_TB,2016,REG,10,2016-11-13,Sunday,13:00,CHI,10,TB,36,Home,0,-2.5,13,10,0
2016_10_GB_TEN,2016,REG,10,2016-11-13,Sunday,13:00,GB,25,TEN,47,Home,0,-3,7,7,0
2016_10_MIN_WAS,2016,REG,10,2016-11-13,Sunday,13:00,MIN,20,WAS,26,Home,0,2.5,7,14,0
2016_10_MIA_SD,2016,REG,10,2016-11-13,Sunday,16:05,MIA,31,SD,24,Home,0,4,7,7,0
2016_10_SF_ARI,2016,REG,10,2016-11-13,Sunday,16:25,SF,20,ARI,23,Home,0,14,7,14,1
2016_10_DAL_PIT,2016,REG,10,2016-11-13,Sunday,16:25,DAL,35,PIT,30,Home,0,3,7,7,0
2016_10_SEA_NE,2016,REG,10,2016-11-13,Sunday,20:30,SEA,31,NE,24,Home,0,7.5,6,14,0
2016_10_CIN_NYG,2016,REG,10,2016-11-14,Monday,20:30,CIN,20,NYG,21,Home,0,-1,15,8,0
2016_11_NO_CAR,2016,REG,11,2016-11-17,Thursday,20:25,NO,20,CAR,23,Home,0,3.5,4,4,1
2016_11_BUF_CIN,2016,REG,11,2016-11-20,Sunday,13:00,BUF,16,CIN,12,Home,0,2.5,13,6,0
2016_11_PIT_CLE,2016,REG,11,2016-11-20,Sunday,13:00,PIT,24,CLE,9,Home,0,-8,7,10,1
2016_11_BAL_DAL,2016,REG,11,2016-11-20,Sunday,13:00,BAL,17,DAL,27,Home,0,7,10,7,0
2016_11_JAX_DET,2016,REG,11,2016-11-20,Sunday,13:00,JAX,19,DET,26,Home,0,5.5,7,14,0
2016_11_TEN_IND,2016,REG,11,2016-11-20,Sunday,13:00,TEN,17,IND,24,Home,0,3,7,14,1
2016_11_TB_KC,2016,REG,11,2016-11-20,Sunday,13:00,TB,19,KC,17,Home,0,7,7,7,0
2016_11_ARI_MIN,2016,REG,11,2016-11-20,Sunday,13:00,ARI,24,MIN,30,Home,0,2,7,7,0
2016_11_CHI_NYG,2016,REG,11,2016-11-20,Sunday,13:00,CHI,16,NYG,22,Home,0,7,7,6,0
2016_11_MIA_LA,2016,REG,11,2016-11-20,Sunday,16:05,MIA,14,LA,10,Home,0,1,7,7,0
2016_11_PHI_SEA,2016,REG,11,2016-11-20,Sunday,16:25,PHI,15,SEA,26,Home,0,6.5,7,7,0
2016_11_NE_SF,2016,REG,11,2016-11-20,Sunday,16:25,NE,30,SF,17,Home,0,-10.5,7,7,0
2016_11_GB_WAS,2016,REG,11,2016-11-20,Sunday,20:30,GB,24,WAS,42,Home,0,2.5,7,7,0
2016_11_HOU_OAK,2016,REG,11,2016-11-21,Monday,20:30,HOU,20,OAK,27,Neutral,0,6.5,8,15,0
2016_12_MIN_DET,2016,REG,12,2016-11-24,Thursday,12:30,MIN,13,DET,16,Home,0,2,4,4,1
2016_12_WAS_DAL,2016,REG,12,2016-11-24,Thursday,16:30,WAS,26,DAL,31,Home,0,5.5,4,4,1
2016_12_PIT_IND,2016,REG,12,2016-11-24,Thursday,20:30,PIT,28,IND,7,Home,0,-8,4,4,0
2016_12_ARI_ATL,2016,REG,12,2016-11-27,Sunday,13:00,ARI,19,ATL,38,Home,0,3.5,7,14,0
2016_12_CIN_BAL,2016,REG,12,2016-11-27,Sunday,13:00,CIN,14,BAL,19,Home,0,3.5,7,7,1
2016_12_JAX_BUF,2016,REG,12,2016-11-27,Sunday,13:00,JAX,21,BUF,28,Home,0,8.5,7,7,0
2016_12_TEN_CHI,2016,REG,12,2016-11-27,Sunday,13:00,TEN,27,CHI,21,Home,0,-6.5,7,7,0
2016_12_NYG_CLE,2016,REG,12,2016-11-27,Sunday,13:00,NYG,27,CLE,13,Home,0,-6.5,7,7,0
2016_12_SD_HOU,2016,REG,12,2016-11-27,Sunday,13:00,SD,21,HOU,13,Home,0,-2.5,14,6,0
2016_12_SF_MIA,2016,REG,12,2016-11-27,Sunday,13:00,SF,24,MIA,31,Home,0,7,7,7,0
2016_12_LA_NO,2016,REG,12,2016-11-27,Sunday,13:00,LA,21,NO,49,Home,0,7.5,7,10,0
2016_12_SEA_TB,2016,REG,12,2016-11-27,Sunday,16:05,SEA,5,TB,14,Home,0,-5,7,7,0
2016_12_NE_NYJ,2016,REG,12,2016-11-27,Sunday,16:25,NE,22,NYJ,17,Home,0,-9,7,14,1
2016_12_CAR_OAK,2016,REG,12,2016-11-27,Sunday,16:25,CAR,32,OAK,35,Home,0,3.5,10,6,0
2016_12_KC_DEN,2016,REG,12,2016-11-27,Sunday,20:30,KC,30,DEN,27,Home,1,3.5,7,14,1
2016_12_GB_PHI,2016,REG,12,2016-11-28,Monday,20:30,GB,27,PHI,13,Home,0,4,8,8,0
2016_13_DAL_MIN,2016,REG,13,2016-12-01,Thursday,20:25,DAL,17,MIN,15,Home,0,-3,7,7,0
2016_13_KC_ATL,2016,REG,13,2016-12-04,Sunday,13:00,KC,29,ATL,28,Home,0,5,7,7,0
2016_13_MIA_BAL,2016,REG,13,2016-12-04,Sunday,13:00,MIA,6,BAL,38,Home,0,3.5,7,7,0
2016_13_SF_CHI,2016,REG,13,2016-12-04,Sunday,13:00,SF,6,CHI,26,Home,0,-0,7,7,0
2016_13_PHI_CIN,2016,REG,13,2016-12-04,Sunday,13:00,PHI,14,CIN,32,Home,0,1,6,7,0
2016_13_HOU_GB,2016,REG,13,2016-12-04,Sunday,13:00,HOU,13,GB,21,Home,0,7,7,6,0
2016_13_DEN_JAX,2016,REG,13,2016-12-04,Sunday,13:00,DEN,20,JAX,10,Home,0,-3.5,7,7,0
2016_13_LA_NE,2016,REG,13,2016-12-04,Sunday,13:00,LA,10,NE,26,Home,0,13,7,7,0
2016_13_DET_NO,2016,REG,13,2016-12-04,Sunday,13:00,DET,28,NO,13,Home,0,6.5,10,7,0
2016_13_BUF_OAK,2016,REG,13,2016-12-04,Sunday,16:05,BUF,24,OAK,38,Home,0,3,7,7,0
2016_13_WAS_ARI,2016,REG,13,2016-12-04,Sunday,16:25,WAS,23,ARI,31,Home,0,2.5,10,7,0
2016_13_NYG_PIT,2016,REG,13,2016-12-04,Sunday,16:25,NYG,14,PIT,24,Home,0,7,7,10,0
2016_13_TB_SD,2016,REG,13,2016-12-04,Sunday,16:25,TB,28,SD,21,Home,0,3.5,7,7,0
2016_13_CAR_SEA,2016,REG,13,2016-12-04,Sunday,20:30,CAR,7,SEA,40,Home,0,8.5,7,7,0
2016_13_IND_NYJ,2016,REG,13,2016-12-05,Monday,20:30,IND,41,NYJ,10,Home,0,1,11,8,0
2016_14_OAK_KC,2016,REG,14,2016-12-08,Thursday,20:25,OAK,13,KC,21,Home,0,3.5,4,4,1
2016_14_PIT_BUF,2016,REG,14,2016-12-11,Sunday,13:00,PIT,27,BUF,20,Home,0,-1,7,7,0
2016_14_SD_CAR,2016,REG,14,2016-12-11,Sunday,13:00,SD,16,CAR,28,Home,0,1,7,7,0
2016_14_CIN_CLE,2016,REG,14,2016-12-11,Sunday,13:00,CIN,23,CLE,10,Home,0,-4,7,14,1
2016_14_CHI_DET,2016,REG,14,2016-12-11,Sunday,13:00,CHI,17,DET,20,Home,0,7.5,7,7,1
2016_14_HOU_IND,2016,REG,14,2016-12-11,Sunday,13:00,HOU,22,IND,17,Home,0,6.5,7,6,1
2016_14_MIN_JAX,2016,REG,14,2016-12-11,Sunday,13:00,MIN,25,JAX,16,Home,0,-3,10,7,0
2016_14_ARI_MIA,2016,REG,14,2016-12-11,Sunday,13:00,ARI,23,MIA,26,Home,0,-2,7,7,0
2016_14_WAS_PHI,2016,REG,14,2016-12-11,Sunday,13:00,WAS,27,PHI,22,Home,0,-1.5,7,7,1
2016_14_DEN_TEN,2016,REG,14,2016-12-11,Sunday,13:00,DEN,10,TEN,13,Home,0,2,7,14,0
2016_14_NYJ_SF,2016,REG,14,2016-12-11,Sunday,16:05,NYJ,23,SF,17,Home,1,3,6,7,0
2016_14_SEA_GB,2016,REG,14,2016-12-11,Sunday,16:25,SEA,10,GB,38,Home,0,-3,7,7,0
2016_14_ATL_LA,2016,REG,14,2016-12-11,Sunday,16:25,ATL,42,LA,14,Home,0,-4.5,7,7,0
2016_14_NO_TB,2016,REG,14,2016-12-11,Sunday,16:25,NO,11,TB,16,Home,0,2,7,7,1
2016_14_DAL_NYG,2016,REG,14,2016-12-11,Sunday,20:30,DAL,7,NYG,10,Home,0,-3.5,10,7,1
2016_14_BAL_NE,2016,REG,14,2016-12-12,Monday,20:30,BAL,23,NE,30,Home,0,6,8,8,0
2016_15_LA_SEA,2016,REG,15,2016-12-15,Thursday,20:25,LA,3,SEA,24,Home,0,15,4,4,1
2016_15_MIA_NYJ,2016,REG,15,2016-12-17,Saturday,20:25,MIA,34,NYJ,13,Home,0,-2.5,6,6,1
2016_15_PHI_BAL,2016,REG,15,2016-12-18,Sunday,13:00,PHI,26,BAL,27,Home,0,5,7,6,0
2016_15_CLE_BUF,2016,REG,15,2016-12-18,Sunday,13:00,CLE,13,BUF,33,Home,0,10.5,7,7,0
2016_15_GB_CHI,2016,REG,15,2016-12-18,Sunday,13:00,GB,30,CHI,27,Home,0,-4.5,7,7,1
2016_15_PIT_CIN,2016,REG,15,2016-12-18,Sunday,13:00,PIT,24,CIN,20,Home,0,-3,7,7,1
2016_15_JAX_HOU,2016,REG,15,2016-12-18,Sunday,13:00,JAX,20,HOU,21,Home,0,3.5,7,7,1
2016_15_TEN_KC,2016,REG,15,2016-12-18,Sunday,13:00,TEN,19,KC,17,Home,0,6,7,10,0
2016_15_IND_MIN,2016,REG,15,2016-12-18,Sunday,13:00,IND,34,MIN,6,Home,0,5,7,7,0
2016_15_DET_NYG,2016,REG,15,2016-12-18,Sunday,13:00,DET,6,NYG,17,Home,0,4,7,7,0
2016_15_NO_ARI,2016,REG,15,2016-12-18,Sunday,16:05,NO,48,ARI,41,Home,0,3,7,7,0
2016_15_SF_ATL,2016,REG,15,2016-12-18,Sunday,16:05,SF,13,ATL,41,Home,0,13.5,7,7,0
2016_15_NE_DEN,2016,REG,15,2016-12-18,Sunday,16:25,NE,16,DEN,3,Home,0,-3,6,7,0
2016_15_OAK_SD,2016,REG,15,2016-12-18,Sunday,16:25,OAK,19,SD,16,Home,0,-2.5,10,7,1
2016_15_TB_DAL,2016,REG,15,2016-12-18,Sunday,20:30,TB,20,DAL,26,Home,0,7,7,7,0
2016_15_CAR_WAS,2016,REG,15,2016-12-19,Monday,20:30,CAR,26,WAS,15,Home,0,7,8,8,0
2016_16_NYG_PHI,2016,REG,16,2016-12-22,Thursday,20:25,NYG,19,PHI,24,Home,0,2,4,4,1
2016_16_MIA_BUF,2016,REG,16,2016-12-24,Saturday,13:00,MIA,34,BUF,31,Home,1,4.5,7,6,1
2016_16_ATL_CAR,2016,REG,16,2016-12-24,Saturday,13:00,ATL,33,CAR,16,Home,0,-3,6,5,1
2016_16_WAS_CHI,2016,REG,16,2016-12-24,Saturday,13:00,WAS,41,CHI,21,Home,0,-3,5,6,0
2016_16_SD_CLE,2016,REG,16,2016-12-24,Saturday,13:00,SD,17,CLE,20,Home,0,-4.5,6,6,0
2016_16_MIN_GB,2016,REG,16,2016-12-24,Saturday,13:00,MIN,25,GB,38,Home,0,6,6,6,1
2016_16_TEN_JAX,2016,REG,16,2016-12-24,Saturday,13:00,TEN,17,JAX,38,Home,0,-4,6,6,1
2016_16_NYJ_NE,2016,REG,16,2016-12-24,Saturday,13:00,NYJ,3,NE,41,Home,0,17,7,6,1
2016_16_IND_OAK,2016,REG,16,2016-12-24,Saturday,16:05,IND,25,OAK,33,Home,0,3.5,6,6,0
2016_16_SF_LA,2016,REG,16,2016-12-24,Saturday,16:25,SF,22,LA,21,Home,0,6,6,9,1
2016_16_TB_NO,2016,REG,16,2016-12-24,Saturday,16:25,TB,24,NO,31,Home,0,3,6,6,1
2016_16_ARI_SEA,2016,REG,16,2016-12-24,Saturday,16:25,ARI,34,SEA,31,Home,0,9,6,9,1
2016_16_CIN_HOU,2016,REG,16,2016-12-24,Saturday,20:25,CIN,10,HOU,12,Home,0,3,6,6,0
2016_16_BAL_PIT,2016,REG,16,2016-12-25,Sunday,16:30,BAL,27,PIT,31,Home,0,5.5,7,7,1
2016_16_DEN_KC,2016,REG,16,2016-12-25,Sunday,20:30,DEN,10,KC,33,Home,0,3.5,7,7,1
2016_16_DET_DAL,2016,REG,16,2016-12-26,Monday,20:30,DET,21,DAL,42,Home,0,6.5,8,8,0
2016_17_BAL_CIN,2016,REG,17,2017-01-01,Sunday,13:00,BAL,10,CIN,27,Home,0,-2.5,7,8,1
2016_17_JAX_IND,2016,REG,17,2017-01-01,Sunday,13:00,JAX,20,IND,24,Home,0,5.5,8,8,1
2016_17_NE_MIA,2016,REG,17,2017-01-01,Sunday,13:00,NE,35,MIA,14,Home,0,-7.5,8,8,1
2016_17_CHI_MIN,2016,REG,17,2017-01-01,Sunday,13:00,CHI,10,MIN,38,Home,0,6,8,8,1
2016_17_BUF_NYJ,2016,REG,17,2017-01-01,Sunday,13:00,BUF,10,NYJ,30,Home,0,-3.5,8,8,1
2016_17_DAL_PHI,2016,REG,17,2017-01-01,Sunday,13:00,DAL,13,PHI,27,Home,0,6.5,6,10,1
2016_17_CLE_PIT,2016,REG,17,2017-01-01,Sunday,13:00,CLE,24,PIT,27,Home,1,3.5,8,7,1
2016_17_CAR_TB,2016,REG,17,2017-01-01,Sunday,13:00,CAR,16,TB,17,Home,0,3.5,8,8,1
2016_17_HOU_TEN,2016,REG,17,2017-01-01,Sunday,13:00,HOU,17,TEN,24,Home,0,3,8,8,1
2016_17_NO_ATL,2016,REG,17,2017-01-01,Sunday,16:25,NO,32,ATL,38,Home,0,7.5,8,8,1
2016_17_OAK_DEN,2016,REG,17,2017-01-01,Sunday,16:25,OAK,6,DEN,24,Home,0,1,8,7,1
2016_17_ARI_LA,2016,REG,17,2017-01-01,Sunday,16:25,ARI,44,LA,6,Home,0,-7,8,8,1
2016_17_KC_SD,2016,REG,17,2017-01-01,Sunday,16:25,KC,37,SD,27,Home,0,-5.5,7,8,1
2016_17_SEA_SF,2016,REG,17,2017-01-01,Sunday,16:25,SEA,25,SF,23,Home,0,-11.5,8,8,1
2016_17_NYG_WAS,2016,REG,17,2017-01-01,Sunday,16:25,NYG,19,WAS,10,Home,0,10,10,8,1
2016_17_GB_DET,2016,REG,17,2017-01-01,Sunday,20:30,GB,31,DET,24,Home,0,-3.5,8,6,1
2016_18_OAK_HOU,2016,WC,18,2017-01-07,Saturday,16:35,OAK,14,HOU,27,Home,0,4,6,6,0
2016_18_DET_SEA,2016,WC,18,2017-01-07,Saturday,20:15,DET,6,SEA,26,Home,0,8,6,6,0
2016_18_MIA_PIT,2016,WC,18,2017-01-08,Sunday,13:05,MIA,12,PIT,30,Home,0,11,7,7,0
2016_18_NYG_GB,2016,WC,18,2017-01-08,Sunday,16:40,NYG,13,GB,38,Home,0,5,7,7,0
2016_19_SEA_ATL,2016,DIV,19,2017-01-14,Saturday,16:35,SEA,20,ATL,36,Home,0,6.5,7,13,0
2016_19_HOU_NE,2016,DIV,19,2017-01-14,Saturday,20:15,HOU,16,NE,34,Home,0,16,7,13,0
2016_19_GB_DAL,2016,DIV,19,2017-01-15,Sunday,16:40,GB,34,DAL,31,Home,0,5.5,7,14,0
2016_19_PIT_KC,2016,DIV,19,2017-01-15,Sunday,20:20,PIT,18,KC,16,Home,0,2.5,7,14,0
2016_20_GB_ATL,2016,CON,20,2017-01-22,Sunday,15:05,GB,21,ATL,44,Home,0,6.5,7,8,0
2016_20_PIT_NE,2016,CON,20,2017-01-22,Sunday,18:40,PIT,17,NE,36,Home,0,5.5,7,8,0
2016_21_NE_ATL,2016,SB,21,2017-02-05,Sunday,18:30,NE,34,ATL,28,Neutral,1,-3,14,14,0
2017_01_KC_NE,2017,REG,1,2017-09-07,Thursday,20:30,KC,42,NE,27,Home,0,8,7,7,0
2017_01_NYJ_BUF,2017,REG,1,2017-09-10,Sunday,13:00,NYJ,12,BUF,21,Home,0,7,7,7,1
2017_01_ATL_CHI,2017,REG,1,2017-09-10,Sunday,13:00,ATL,23,CHI,17,Home,0,-6.5,7,7,0
2017_01_BAL_CIN,2017,REG,1,2017-09-10,Sunday,13:00,BAL,20,CIN,0,Home,0,2.5,7,7,1
2017_01_PIT_CLE,2017,REG,1,2017-09-10,Sunday,13:00,PIT,21,CLE,18,Home,0,-10,7,7,1
2017_01_ARI_DET,2017,REG,1,2017-09-10,Sunday,13:00,ARI,23,DET,35,Home,0,-2.5,7,7,0
2017_01_JAX_HOU,2017,REG,1,2017-09-10,Sunday,13:00,JAX,29,HOU,7,Home,0,5.5,7,7,1
2017_01_OAK_TEN,2017,REG,1,2017-09-10,Sunday,13:00,OAK,26,TEN,16,Home,0,2.5,7,7,0
2017_01_PHI_WAS,2017,REG,1,2017-09-10,Sunday,13:00,PHI,30,WAS,17,Home,0,-2,7,7,1
2017_01_IND_LA,2017,REG,1,2017-09-10,Sunday,16:05,IND,9,LA,46,Home,0,3.5,7,7,0
2017_01_SEA_GB,2017,REG,1,2017-09-10,Sunday,16:25,SEA,9,GB,17,Home,0,2.5,7,7,0
2017_01_CAR_SF,2017,REG,1,2017-09-10,Sunday,16:25,CAR,23,SF,3,Home,0,-4.5,7,7,0
2017_01_NYG_DAL,2017,REG,1,2017-09-10,Sunday,20:30,NYG,3,DAL,19,Home,0,6,7,7,1
2017_01_NO_MIN,2017,REG,1,2017-09-11,Monday,19:10,NO,19,MIN,29,Home,0,3,7,7,0
2017_01_LAC_DEN,2017,REG,1,2017-09-11,Monday,22:20,LAC,21,DEN,24,Home,0,3,7,7,1
2017_02_HOU_CIN,2017,REG,2,2017-09-14,Thursday,20:25,HOU,13,CIN,9,Home,0,5.5,4,4,0
2017_02_CLE_BAL,2017,REG,2,2017-09-17,Sunday,13:00,CLE,10,BAL,24,Home,0,7.5,7,7,1
2017_02_BUF_CAR,2017,REG,2,2017-09-17,Sunday,13:00,BUF,3,CAR,9,Home,0,6.5,7,7,0
2017_02_ARI_IND,2017,REG,2,2017-09-17,Sunday,13:00,ARI,16,IND,13,Home,1,-7,7,7,0
2017_02_TEN_JAX,2017,REG,2,2017-09-17,Sunday,13:00,TEN,37,JAX,16,Home,0,-1,7,7,1
2017_02_PHI_KC,2017,REG,2,2017-09-17,Sunday,13:00,PHI,20,KC,27,Home,0,4,7,10,0
2017_02_NE_NO,2017,REG,2,2017-09-17,Sunday,13:00,NE,36,NO,20,Home,0,-5.5,10,6,0
2017_02_MIN_PIT,2017,REG,2,2017-09-17,Sunday,13:00,MIN,9,PIT,26,Home,0,8.5,6,7,0
2017_02_CHI_TB,2017,REG,2,2017-09-17,Sunday,13:00,CHI,7,TB,29,Home,0,7,7,14,0
2017_02_MIA_LAC,2017,REG,2,2017-09-17,Sunday,16:05,MIA,19,LAC,17,Home,0,3.5,14,6,0
2017_02_NYJ_OAK,2017,REG,2,2017-09-17,Sunday,16:05,NYJ,20,OAK,45,Home,0,14,7,7,0
2017_02_DAL_DEN,2017,REG,2,2017-09-17,Sunday,16:25,DAL,17,DEN,42,Home,0,-2.5,7,6,0
2017_02_WAS_LA,2017,REG,2,2017-09-17,Sunday,16:25,WAS,27,LA,20,Home,0,3,7,7,0
2017_02_SF_SEA,2017,REG,2,2017-09-17,Sunday,16:25,SF,9,SEA,12,Home,0,13.5,7,7,1
2017_02_GB_ATL,2017,REG,2,2017-09-17,Sunday,20:30,GB,23,ATL,34,Home,0,3.5,7,7,0
2017_02_DET_NYG,2017,REG,2,2017-09-18,Monday,20:30,DET,24,NYG,10,Home,0,3,8,8,0
2017_03_LA_SF,2017,REG,3,2017-09-21,Thursday,20:25,LA,41,SF,39,Home,0,-3,4,4,1
2017_03_DEN_BUF,2017,REG,3,2017-09-24,Sunday,13:00,DEN,16,BUF,26,Home,0,-3.5,7,7,0
2017_03_NO_CAR,2017,REG,3,2017-09-24,Sunday,13:00,NO,34,CAR,13,Home,0,5.5,7,7,1
2017_03_PIT_CHI,2017,REG,3,2017-09-24,Sunday,13:00,PIT,17,CHI,23,Home,1,-7,7,7,0
2017_03_ATL_DET,2017,REG,3,2017-09-24,Sunday,13:00,ATL,30,DET,26,Home,0,-3,7,6,0
2017_03_CLE_IND,2017,REG,3,2017-09-24,Sunday,13:00,CLE,28,IND,31,Home,0,1,7,7,0
2017_03_TB_MIN,2017,REG,3,2017-09-24,Sunday,13:00,TB,17,MIN,34,Home,0,-0,7,7,0
2017_03_HOU_NE,2017,REG,3,2017-09-24,Sunday,13:00,HOU,33,NE,36,Home,0,13.5,10,7,0
2017_03_MIA_NYJ,2017,REG,3,2017-09-24,Sunday,13:00,MIA,6,NYJ,20,Home,0,-5.5,7,7,1
2017_03_NYG_PHI,2017,REG,3,2017-09-24,Sunday,13:00,NYG,24,PHI,27,Home,0,5,6,7,1
2017_03_SEA_TEN,2017,REG,3,2017-09-24,Sunday,16:05,SEA,27,TEN,33,Home,0,2,7,7,0
2017_03_CIN_GB,2017,REG,3,2017-09-24,Sunday,16:25,CIN,24,GB,27,Home,1,7,10,7,0
2017_03_KC_LAC,2017,REG,3,2017-09-24,Sunday,16:25,KC,24,LAC,10,Home,0,-3,7,7,1
2017_03_OAK_WAS,2017,REG,3,2017-09-24,Sunday,20:30,OAK,10,WAS,27,Home,0,-3.5,7,7,0
2017_03_BAL_JAX,2017,REG,3,2017-09-24,Sunday,21:30,BAL,7,JAX,44,Neutral,0,-3,7,7,0
2017_03_DAL_ARI,2017,REG,3,2017-09-25,Monday,20:30,DAL,28,ARI,17,Home,0,-3,8,8,0
2017_04_CHI_GB,2017,REG,4,2017-09-28,Thursday,20:25,CHI,14,GB,35,Home,0,7.5,4,4,1
2017_04_BUF_ATL,2017,REG,4,2017-10-01,Sunday,13:00,BUF,23,ATL,17,Home,0,8,7,7,0
2017_04_PIT_BAL,2017,REG,4,2017-10-01,Sunday,13:00,PIT,26,BAL,9,Home,0,-3.5,7,7,1
2017_04_CIN_CLE,2017,REG,4,2017-10-01,Sunday,13:00,CIN,31,CLE,7,Home,0,-3,7,7,1
2017_04_LA_DAL,2017,REG,4,2017-10-01,Sunday,13:00,LA,35,DAL,30,Home,0,5,10,6,0
2017_04_TEN_HOU,2017,REG,4,2017-10-01,Sunday,13:00,TEN,14,HOU,57,Home,0,-2.5,7,7,1
2017_04_DET_MIN,2017,REG,4,2017-10-01,Sunday,13:00,DET,14,MIN,7,Home,0,2.5,7,7,1
2017_04_CAR_NE,2017,REG,4,2017-10-01,Sunday,13:00,CAR,33,NE,30,Home,0,9,7,7,0
2017_04_JAX_NYJ,2017,REG,4,2017-10-01,Sunday,13:00,JAX,20,NYJ,23,Home,1,-4,7,7,0
2017_04_SF_ARI,2017,REG,4,2017-10-01,Sunday,16:05,SF,15,ARI,18,Home,1,6.5,10,6,1
2017_04_PHI_LAC,2017,REG,4,2017-10-01,Sunday,16:05,PHI,26,LAC,24,Home,0,1.5,7,7,0
2017_04_NYG_TB,2017,REG,4,2017-10-01,Sunday,16:05,NYG,23,TB,25,Home,0,2.5,7,7,0
2017_04_OAK_DEN,2017,REG,4,2017-10-01,Sunday,16:25,OAK,10,DEN,16,Home,0,3.5,7,7,1
2017_04_IND_SEA,2017,REG,4,2017-10-01,Sunday,20:30,IND,18,SEA,46,Home,0,12.5,7,7,0
2017_04_NO_MIA,2017,REG,4,2017-10-01,Sunday,21:30,NO,20,MIA,0,Neutral,0,-4,7,7,0
2017_04_WAS_KC,2017,REG,4,2017-10-02,Monday,20:30,WAS,20,KC,29,Home,0,6.5,8,8,0
2017_05_NE_TB,2017,REG,5,2017-10-05,Thursday,20:25,NE,19,TB,14,Home,0,-3.5,4,4,0
2017_05_BUF_CIN,2017,REG,5,2017-10-08,Sunday,13:00,BUF,16,CIN,20,Home,0,3,7,7,0
2017_05_NYJ_CLE,2017,REG,5,2017-10-08,Sunday,13:00,NYJ,17,CLE,14,Home,0,-1.5,7,7,0
2017_05_CAR_DET,2017,REG,5,2017-10-08,Sunday,13:00,CAR,27,DET,24,Home,0,2,7,7,0
2017_05_SF_IND,2017,REG,5,2017-10-08,Sunday,13:00,SF,23,IND,26,Home,1,-1,7,7,0
2017_05_TEN_MIA,2017,REG,5,2017-10-08,Sunday,13:00,TEN,10,MIA,16,Home,0,-0,7,7,0
2017_05_LAC_NYG,2017,REG,5,2017-10-08,Sunday,13:00,LAC,27,NYG,22,Home,0,3,7,7,0
2017_05_ARI_PHI,2017,REG,5,2017-10-08,Sunday,13:00,ARI,7,PHI,34,Home,0,6,7,7,0
2017_05_JAX_PIT,2017,REG,5,2017-10-08,Sunday,13:00,JAX,30,PIT,9,Home,0,7.5,7,7,0
2017_05_SEA_LA,2017,REG,5,2017-10-08,Sunday,16:05,SEA,16,LA,10,Home,0,2,7,7,1
2017_05_BAL_OAK,2017,REG,5,2017-10-08,Sunday,16:05,BAL,30,OAK,17,Home,0,3,7,7,0
2017_05_GB_DAL,2017,REG,5,2017-10-08,Sunday,16:25,GB,35,DAL,31,Home,0,2.5,10,7,0
2017_05_KC_HOU,2017,REG,5,2017-10-08,Sunday,20:30,KC,42,HOU,34,Home,0,-2,6,7,0
2017_05_MIN_CHI,2017,REG,5,2017-10-09,Monday,20:30,MIN,20,CHI,17,Home,0,-3.5,8,11,1
2017_06_PHI_CAR,2017,REG,6,2017-10-12,Thursday,20:25,PHI,28,CAR,23,Home,0,3,4,4,0
2017_06_MIA_ATL,2017,REG,6,2017-10-15,Sunday,13:00,MIA,20,ATL,17,Home,0,14,7,14,0
2017_06_CHI_BAL,2017,REG,6,2017-10-15,Sunday,13:00,CHI,27,BAL,24,Home,1,5.5,6,7,0
2017_06_CLE_HOU,2017,REG,6,2017-10-15,Sunday,13:00,CLE,17,HOU,33,Home,0,7.5,7,7,0
2017_06_GB_MIN,2017,REG,6,2017-10-15,Sunday,13:00,GB,10,MIN,23,Home,0,-3,7,6,1
2017_06_DET_NO,2017,REG,6,2017-10-15,Sunday,13:00,DET,38,NO,52,Home,0,6,7,14,0
2017_06_NE_NYJ,2017,REG,6,2017-10-15,Sunday,13:00,NE,24,NYJ,17,Home,0,-9,10,7,1
2017_06_SF_WAS,2017,REG,6,2017-10-15,Sunday,13:00,SF,24,WAS,26,Home,0,12,7,13,0
2017_06_TB_ARI,2017,REG,6,2017-10-15,Sunday,16:05,TB,33,ARI,38,Home,0,-2.5,10,7,0
2017_06_LA_JAX,2017,REG,6,2017-10-15,Sunday,16:05,LA,27,JAX,17,Home,0,1,7,7,0
2017_06_PIT_KC,2017,REG,6,2017-10-15,Sunday,16:25,PIT,19,KC,13,Home,0,3.5,7,7,0
2017_06_LAC_OAK,2017,REG,6,2017-10-15,Sunday,16:25,LAC,17,OAK,16,Home,0,3,7,7,1
2017_06_NYG_DEN,2017,REG,6,2017-10-15,Sunday,20:30,NYG,23,DEN,10,Home,0,14,7,14,0
2017_06_IND_TEN,2017,REG,6,2017-10-16,Monday,20:30,IND,22,TEN,36,Home,0,7,8,8,1
2017_07_KC_OAK,2017,REG,7,2017-10-19,Thursday,20:25,KC,30,OAK,31,Home,0,-3,4,4,1
2017_07_TB_BUF,2017,REG,7,2017-10-22,Sunday,13:00,TB,27,BUF,30,Home,0,3,7,14,0
2017_07_CAR_CHI,2017,REG,7,2017-10-22,Sunday,13:00,CAR,3,CHI,17,Home,0,-2.5,10,7,0
2017_07_TEN_CLE,2017,REG,7,2017-10-22,Sunday,13:00,TEN,12,CLE,9,Home,1,-5.5,6,7,0
2017_07_NO_GB,2017,REG,7,2017-10-22,Sunday,13:00,NO,26,GB,17,Home,0,-3.5,7,7,0
2017_07_JAX_IND,2017,REG,7,2017-10-22,Sunday,13:00,JAX,27,IND,0,Home,0,-3,7,6,1
2017_07_ARI_LA,2017,REG,7,2017-10-22,Sunday,13:00,ARI,0,LA,33,Neutral,0,3,7,7,1
2017_07_NYJ_MIA,2017,REG,7,2017-10-22,Sunday,13:00,NYJ,28,MIA,31,Home,0,3,7,7,1
2017_07_BAL_MIN,2017,REG,7,2017-10-22,Sunday,13:00,BAL,16,MIN,24,Home,0,5,7,7,0
2017_07_DAL_SF,2017,REG,7,2017-10-22,Sunday,16:05,DAL,40,SF,10,Home,0,-6.5,14,7,0
2017_07_DEN_LAC,2017,REG,7,2017-10-22,Sunday,16:25,DEN,0,LAC,21,Home,0,-1,7,7,1
2017_07_SEA_NYG,2017,REG,7,2017-10-22,Sunday,16:25,SEA,24,NYG,7,Home,0,-4,14,7,0
2017_07_CIN_PIT,2017,REG,7,2017-10-22,Sunday,16:25,CIN,14,PIT,29,Home,0,4,14,7,1
2017_07_ATL_NE,2017,REG,7,2017-10-22,Sunday,20:30,ATL,7,NE,23,Home,0,3,7,7,0
2017_07_WAS_PHI,2017,REG,7,2017-10-23,Monday,20:30,WAS,24,PHI,34,Home,0,5,8,11,1
2017_08_MIA_BAL,2017,REG,8,2017-10-26,Thursday,20:25,MIA,0,BAL,40,Home,0,3,4,4,0
2017_08_OAK_BUF,2017,REG,8,2017-10-29,Sunday,13:00,OAK,14,BUF,34,Home,0,2.5,10,7,0
2017_08_IND_CIN,2017,REG,8,2017-10-29,Sunday,13:00,IND,23,CIN,24,Home,0,11,7,7,0
2017_08_LAC_NE,2017,REG,8,2017-10-29,Sunday,13:00,LAC,13,NE,21,Home,0,6.5,7,7,0
2017_08_CHI_NO,2017,REG,8,2017-10-29,Sunday,13:00,CHI,12,NO,20,Home,0,7.5,7,7,0
2017_08_ATL_NYJ,2017,REG,8,2017-10-29,Sunday,13:00,ATL,25,NYJ,20,Home,0,-6.5,7,7,0
2017_08_SF_PHI,2017,REG,8,2017-10-29,Sunday,13:00,SF,10,PHI,33,Home,0,13,7,6,0
2017_08_CAR_TB,2017,REG,8,2017-10-29,Sunday,13:00,CAR,17,TB,3,Home,0,1.5,7,7,1
2017_08_HOU_SEA,2017,REG,8,2017-10-29,Sunday,16:05,HOU,38,SEA,41,Home,0,6,14,7,0
2017_08_DAL_WAS,2017,REG,8,2017-10-29,Sunday,16:25,DAL,33,WAS,19,Home,0,-3,7,6,1
2017_08_PIT_DET,2017,REG,8,2017-10-29,Sunday,20:30,PIT,20,DET,15,Home,0,-3,7,14,0
2017_08_MIN_CLE,2017,REG,8,2017-10-29,Sunday,21:30,MIN,33,CLE,16,Neutral,0,-11,7,7,0
2017_08_DEN_KC,2017,REG,8,2017-10-30,Monday,20:30,DEN,19,KC,29,Home,0,7,8,11,1
2017_09_BUF_NYJ,2017,REG,9,2017-11-02,Thursday,20:25,BUF,21,NYJ,34,Home,0,-3,4,4,1
2017_09_ATL_CAR,2017,REG,9,2017-11-05,Sunday,13:00,ATL,17,CAR,20,Home,0,-3,7,7,1
2017_09_IND_HOU,2017,REG,9,2017-11-05,Sunday,13:00,IND,20,HOU,14,Home,0,6,7,7,1
2017_09_CIN_JAX,2017,REG,9,2017-11-05,Sunday,13:00,CIN,7,JAX,23,Home,0,6,7,14,0
2017_09_TB_NO,2017,REG,9,2017-11-05,Sunday,13:00,TB,10,NO,30,Home,0,7,7,7,1
2017_09_LA_NYG,2017,REG,9,2017-11-05,Sunday,13:00,LA,51,NYG,17,Home,0,-5.5,14,14,0
2017_09_DEN_PHI,2017,REG,9,2017-11-05,Sunday,13:00,DEN,23,PHI,51,Home,0,7,6,7,0
2017_09_BAL_TEN,2017,REG,9,2017-11-05,Sunday,13:00,BAL,20,TEN,23,Home,0,3,10,14,0
2017_09_WAS_SEA,2017,REG,9,2017-11-05,Sunday,16:05,WAS,17,SEA,14,Home,0,8,7,7,0
2017_09_ARI_SF,2017,REG,9,2017-11-05,Sunday,16:05,ARI,20,SF,10,Home,0,-2.5,14,7,1
2017_09_KC_DAL,2017,REG,9,2017-11-05,Sunday,16:25,KC,17,DAL,28,Home,0,2,6,7,0
2017_09_OAK_MIA,2017,REG,9,2017-11-05,Sunday,20:30,OAK,27,MIA,24,Home,0,-3,7,10,0
2017_09_DET_GB,2017,REG,9,2017-11-06,Monday,20:30,DET,30,GB,17,Home,0,-2.5,8,15,1
2017_10_SEA_ARI,2017,REG,10,2017-11-09,Thursday,20:25,SEA,22,ARI,16,Home,0,-6,4,4,1
2017_10_NO_BUF,2017,REG,10,2017-11-12,Sunday,13:00,NO,47,BUF,10,Home,0,-2,7,10,0
2017_10_GB_CHI,2017,REG,10,2017-11-12,Sunday,13:00,GB,23,CHI,16,Home,0,4.5,6,14,1
2017_10_CLE_DET,2017,REG,10,2017-11-12,Sunday,13:00,CLE,24,DET,38,Home,0,10.5,14,6,0
2017_10_PIT_IND,2017,REG,10,2017-11-12,Sunday,13:00,PIT,20,IND,17,Home,0,-10.5,14,7,0
2017_10_LAC_JAX,2017,REG,10,2017-11-12,Sunday,13:00,LAC,17,JAX,20,Home,1,5,14,7,0
2017_10_NYJ_TB,2017,REG,10,2017-11-12,Sunday,13:00,NYJ,10,TB,15,Home,0,1,10,7,0
2017_10_CIN_TEN,2017,REG,10,2017-11-12,Sunday,13:00,CIN,20,TEN,24,Home,0,4.5,7,7,0
2017_10_MIN_WAS,2017,REG,10,2017-11-12,Sunday,13:00,MIN,38,WAS,30,Home,0,-1,14,7,0
2017_10_HOU_LA,2017,REG,10,2017-11-12,Sunday,16:05,HOU,7,LA,33,Home,0,12,7,7,0
2017_10_DAL_ATL,2017,REG,10,2017-11-12,Sunday,16:25,DAL,7,ATL,27,Home,0,3.5,7,7,0
2017_10_NYG_SF,2017,REG,10,2017-11-12,Sunday,16:25,NYG,21,SF,31,Home,0,-3,7,7,0
2017_10_NE_DEN,2017,REG,10,2017-11-12,Sunday,20:30,NE,41,DEN,16,Home,0,-7,14,7,0
2017_10_MIA_CAR,2017,REG,10,2017-11-13,Monday,20:30,MIA,21,CAR,45,Home,0,8,8,8,0
2017_11_TEN_PIT,2017,REG,11,2017-11-16,Thursday,20:25,TEN,17,PIT,40,Home,0,7,4,4,0
2017_11_DET_CHI,2017,REG,11,2017-11-19,Sunday,13:00,DET,27,CHI,24,Home,0,-3,7,7,1
2017_11_JAX_CLE,2017,REG,11,2017-11-19,Sunday,13:00,JAX,19,CLE,7,Home,0,-7.5,7,7,0
2017_11_BAL_GB,2017,REG,11,2017-11-19,Sunday,13:00,BAL,23,GB,0,Home,0,-2.5,14,7,0
2017_11_ARI_HOU,2017,REG,11,2017-11-19,Sunday,13:00,ARI,21,HOU,31,Home,0,2.5,10,7,0
2017_11_TB_MIA,2017,REG,11,2017-11-19,Sunday,13:00,TB,30,MIA,20,Home,0,-1,7,6,0
2017_11_LA_MIN,2017,REG,11,2017-11-19,Sunday,13:00,LA,7,MIN,24,Home,0,1,7,7,0
2017_11_WAS_NO,2017,REG,11,2017-11-19,Sunday,13:00,WAS,31,NO,34,Home,1,9.5,7,7,0
2017_11_KC_NYG,2017,REG,11,2017-11-19,Sunday,13:00,KC,9,NYG,12,Home,1,-10,14,7,0
2017_11_BUF_LAC,2017,REG,11,2017-11-19,Sunday,16:05,BUF,24,LAC,54,Home,0,7,7,7,0
2017_11_CIN_DEN,2017,REG,11,2017-11-19,Sunday,16:25,CIN,20,DEN,17,Home,0,2.5,7,7,0
2017_11_NE_OAK,2017,REG,11,2017-11-19,Sunday,16:25,NE,33,OAK,8,Neutral,0,-7,7,14,0
2017_11_PHI_DAL,2017,REG,11,2017-11-19,Sunday,20:30,PHI,37,DAL,9,Home,0,-6,14,7,1
2017_11_ATL_SEA,2017,REG,11,2017-11-20,Monday,20:30,ATL,34,SEA,31,Home,0,1,8,11,0
2017_12_MIN_DET,2017,REG,12,2017-11-23,Thursday,12:30,MIN,30,DET,23,Home,0,-2.5,4,4,1
2017_12_LAC_DAL,2017,REG,12,2017-11-23,Thursday,16:30,LAC,28,DAL,6,Home,0,-1,4,4,0
2017_12_NYG_WAS,2017,REG,12,2017-11-23,Thursday,20:30,NYG,10,WAS,20,Home,0,7,4,4,1
2017_12_TB_ATL,2017,REG,12,2017-11-26,Sunday,13:00,TB,20,ATL,34,Home,0,10.5,7,6,1
2017_12_CLE_CIN,2017,REG,12,2017-11-26,Sunday,13:00,CLE,16,CIN,30,Home,0,7.5,7,7,1
2017_12_TEN_IND,2017,REG,12,2017-11-26,Sunday,13:00,TEN,20,IND,16,Home,0,-3,10,14,1
2017_12_BUF_KC,2017,REG,12,2017-11-26,Sunday,13:00,BUF,16,KC,10,Home,0,8.5,7,7,0
2017_12_MIA_NE,2017,REG,12,2017-11-26,Sunday,13:00,MIA,17,NE,35,Home,0,17,7,7,1
2017_12_CAR_NYJ,2017,REG,12,2017-11-26,Sunday,13:00,CAR,35,NYJ,27,Home,0,-5.5,13,14,0
2017_12_CHI_PHI,2017,REG,12,2017-11-26,Sunday,13:00,CHI,3,PHI,31,Home,0,14,7,7,0
2017_12_SEA_SF,2017,REG,12,2017-11-26,Sunday,16:05,SEA,24,SF,13,Home,0,-7,6,14,1
2017_12_JAX_ARI,2017,REG,12,2017-11-26,Sunday,16:25,JAX,24,ARI,27,Home,0,-6.5,7,7,0
2017_12_NO_LA,2017,REG,12,2017-11-26,Sunday,16:25,NO,20,LA,26,Home,0,2.5,7,7,0
2017_12_DEN_OAK,2017,REG,12,2017-11-26,Sunday,16:25,DEN,14,OAK,21,Home,0,3.5,7,7,1
2017_12_GB_PIT,2017,REG,12,2017-11-26,Sunday,20:30,GB,28,PIT,31,Home,0,14,7,10,0
2017_12_HOU_BAL,2017,REG,12,2017-11-27,Monday,20:30,HOU,16,BAL,23,Home,0,7.5,8,8,0
2017_13_WAS_DAL,2017,REG,13,2017-11-30,Thursday,20:25,WAS,14,DAL,38,Home,0,-1.5,7,7,1
2017_13_MIN_ATL,2017,REG,13,2017-12-03,Sunday,13:00,MIN,14,ATL,9,Home,0,2,10,7,0
2017_13_DET_BAL,2017,REG,13,2017-12-03,Sunday,13:00,DET,20,BAL,44,Home,0,2.5,10,6,0
2017_13_NE_BUF,2017,REG,13,2017-12-03,Sunday,13:00,NE,23,BUF,3,Home,0,-7.5,7,7,1
2017_13_SF_CHI,2017,REG,13,2017-12-03,Sunday,13:00,SF,15,CHI,14,Home,0,2.5,7,7,0
2017_13_TB_GB,2017,REG,13,2017-12-03,Sunday,13:00,TB,20,GB,26,Home,1,3,7,7,0
2017_13_IND_JAX,2017,REG,13,2017-12-03,Sunday,13:00,IND,10,JAX,30,Home,0,10,7,7,1
2017_13_DEN_MIA,2017,REG,13,2017-12-03,Sunday,13:00,DEN,9,MIA,35,Home,0,-1,7,7,0
2017_13_KC_NYJ,2017,REG,13,2017-12-03,Sunday,13:00,KC,31,NYJ,38,Home,0,-3.5,7,7,0
2017_13_HOU_TEN,2017,REG,13,2017-12-03,Sunday,13:00,HOU,13,TEN,24,Home,0,7,6,7,1
2017_13_CLE_LAC,2017,REG,13,2017-12-03,Sunday,16:05,CLE,10,LAC,19,Home,0,13.5,7,10,0
2017_13_LA_ARI,2017,REG,13,2017-12-03,Sunday,16:25,LA,32,ARI,16,Home,0,-7.5,7,7,1
2017_13_CAR_NO,2017,REG,13,2017-12-03,Sunday,16:25,CAR,21,NO,31,Home,0,5.5,7,7,1
2017_13_NYG_OAK,2017,REG,13,2017-12-03,Sunday,16:25,NYG,17,OAK,24,Home,0,10,10,7,0
2017_13_PHI_SEA,2017,REG,13,2017-12-03,Sunday,20:30,PHI,10,SEA,24,Home,0,-3.5,7,7,0
2017_13_PIT_CIN,2017,REG,13,2017-12-04,Monday,20:30,PIT,23,CIN,20,Home,0,-4.5,8,8,1
2017_14_NO_ATL,2017,REG,14,2017-12-07,Thursday,20:25,NO,17,ATL,20,Home,0,2.5,4,4,1
2017_14_IND_BUF,2017,REG,14,2017-12-10,Sunday,13:00,IND,7,BUF,13,Home,1,3.5,7,7,0
2017_14_MIN_CAR,2017,REG,14,2017-12-10,Sunday,13:00,MIN,24,CAR,31,Home,0,-2.5,7,7,0
2017_14_CHI_CIN,2017,REG,14,2017-12-10,Sunday,13:00,CHI,33,CIN,7,Home,0,6,7,6,0
2017_14_GB_CLE,2017,REG,14,2017-12-10,Sunday,13:00,GB,27,CLE,21,Home,1,-2.5,7,7,0
2017_14_SF_HOU,2017,REG,14,2017-12-10,Sunday,13:00,SF,26,HOU,16,Home,0,1,7,7,0
2017_14_OAK_KC,2017,REG,14,2017-12-10,Sunday,13:00,OAK,15,KC,26,Home,0,4.5,7,7,1
2017_14_DAL_NYG,2017,REG,14,2017-12-10,Sunday,13:00,DAL,30,NYG,10,Home,0,-4,10,7,1
2017_14_DET_TB,2017,REG,14,2017-12-10,Sunday,13:00,DET,24,TB,21,Home,0,-0,7,7,0
2017_14_TEN_ARI,2017,REG,14,2017-12-10,Sunday,16:05,TEN,7,ARI,12,Home,0,-2.5,7,7,0
2017_14_NYJ_DEN,2017,REG,14,2017-12-10,Sunday,16:05,NYJ,0,DEN,23,Home,0,-1,7,7,0
2017_14_WAS_LAC,2017,REG,14,2017-12-10,Sunday,16:05,WAS,13,LAC,30,Home,0,6,10,7,0
2017_14_SEA_JAX,2017,REG,14,2017-12-10,Sunday,16:25,SEA,24,JAX,30,Home,0,3,7,7,0
2017_14_PHI_LA,2017,REG,14,2017-12-10,Sunday,16:25,PHI,43,LA,35,Home,0,-1,7,7,0
2017_14_BAL_PIT,2017,REG,14,2017-12-10,Sunday,20:30,BAL,38,PIT,39,Home,0,6,7,6,1
2017_14_NE_MIA,2017,REG,14,2017-12-11,Monday,20:30,NE,20,MIA,27,Home,0,-10,8,8,1
2017_15_DEN_IND,2017,REG,15,2017-12-14,Thursday,20:25,DEN,25,IND,13,Home,0,-3,4,4,0
2017_15_CHI_DET,2017,REG,15,2017-12-16,Saturday,16:30,CHI,10,DET,20,Home,0,5,6,6,1
2017_15_LAC_KC,2017,REG,15,2017-12-16,Saturday,20:25,LAC,13,KC,30,Home,0,1,6,6,1
2017_15_MIA_BUF,2017,REG,15,2017-12-17,Sunday,13:00,MIA,16,BUF,24,Home,0,3.5,6,7,1
2017_15_GB_CAR,2017,REG,15,2017-12-17,Sunday,13:00,GB,24,CAR,31,Home,0,3,7,7,0
2017_15_BAL_CLE,2017,REG,15,2017-12-17,Sunday,13:00,BAL,27,CLE,10,Home,0,-6.5,7,7,1
2017_15_HOU_JAX,2017,REG,15,2017-12-17,Sunday,13:00,HOU,7,JAX,45,Home,0,10.5,7,7,1
2017_15_CIN_MIN,2017,REG,15,2017-12-17,Sunday,13:00,CIN,7,MIN,34,Home,0,12.5,7,7,0
2017_15_NYJ_NO,2017,REG,15,2017-12-17,Sunday,13:00,NYJ,19,NO,31,Home,0,16.5,7,10,0
2017_15_PHI_NYG,2017,REG,15,2017-12-17,Sunday,13:00,PHI,34,NYG,29,Home,0,-7.5,7,7,1
2017_15_ARI_WAS,2017,REG,15,2017-12-17,Sunday,13:00,ARI,15,WAS,20,Home,0,4,7,7,0
2017_15_LA_SEA,2017,REG,15,2017-12-17,Sunday,16:05,LA,42,SEA,7,Home,0,-1,7,7,1
2017_15_NE_PIT,2017,REG,15,2017-12-17,Sunday,16:25,NE,27,PIT,24,Home,0,-2.5,6,7,0
2017_15_TEN_SF,2017,REG,15,2017-12-17,Sunday,16:25,TEN,23,SF,25,Home,0,2.5,7,7,0
2017_15_DAL_OAK,2017,REG,15,2017-12-17,Sunday,20:30,DAL,20,OAK,17,Home,0,-3,7,7,0
2017_15_ATL_TB,2017,REG,15,2017-12-18,Monday,20:30,ATL,24,TB,21,Home,0,-7,11,8,1
2017_16_IND_BAL,2017,REG,16,2017-12-23,Saturday,16:30,IND,16,BAL,23,Home,0,13.5,9,6,0
2017_16_MIN_GB,2017,REG,16,2017-12-23,Saturday,20:30,MIN,16,GB,0,Home,0,-8.5,6,6,1
2017_16_TB_CAR,2017,REG,16,2017-12-24,Sunday,13:00,TB,19,CAR,22,Home,0,10,6,7,1
2017_16_CLE_CHI,2017,REG,16,2017-12-24,Sunday,13:00,CLE,3,CHI,20,Home,0,5.5,7,8,0
2017_16_DET_CIN,2017,REG,16,2017-12-24,Sunday,13:00,DET,17,CIN,26,Home,0,-3,8,7,0
2017_16_MIA_KC,2017,REG,16,2017-12-24,Sunday,13:00,MIA,13,KC,29,Home,0,11,7,8,0
2017_16_BUF_NE,2017,REG,16,2017-12-24,Sunday,13:00,BUF,16,NE,37,Home,0,11,7,7,1
2017_16_ATL_NO,2017,REG,16,2017-12-24,Sunday,13:00,ATL,13,NO,23,Home,0,5.5,6,7,1
2017_16_LAC_NYJ,2017,REG,16,2017-12-24,Sunday,13:00,LAC,14,NYJ,7,Home,0,-7.5,8,7,0
2017_16_LA_TEN,2017,REG,16,2017-12-24,Sunday,13:00,LA,27,TEN,23,Home,0,-5.5,7,7,0
2017_16_DEN_WAS,2017,REG,16,2017-12-24,Sunday,13:00,DEN,11,WAS,27,Home,0,3,10,7,0
2017_16_JAX_SF,2017,REG,16,2017-12-24,Sunday,16:05,JAX,33,SF,44,Home,0,-4,7,7,0
2017_16_NYG_ARI,2017,REG,16,2017-12-24,Sunday,16:25,NYG,0,ARI,23,Home,0,3,7,7,0
2017_16_SEA_DAL,2017,REG,16,2017-12-24,Sunday,16:25,SEA,21,DAL,12,Home,0,4.5,7,7,0
2017_16_PIT_HOU,2017,REG,16,2017-12-25,Monday,16:30,PIT,34,HOU,6,Home,0,-8,8,8,0
2017_16_OAK_PHI,2017,REG,16,2017-12-25,Monday,20:30,OAK,10,PHI,19,Home,0,10,8,8,0
2017_17_GB_DET,2017,REG,17,2017-12-31,Sunday,13:00,GB,11,DET,35,Home,0,7.5,8,7,1
2017_17_HOU_IND,2017,REG,17,2017-12-31,Sunday,13:00,HOU,13,IND,22,Home,0,5.5,6,8,1
2017_17_CHI_MIN,2017,REG,17,2017-12-31,Sunday,13:00,CHI,10,MIN,23,Home,0,13.5,7,8,1
2017_17_NYJ_NE,2017,REG,17,2017-12-31,Sunday,13:00,NYJ,6,NE,26,Home,0,17,7,7,1
2017_17_WAS_NYG,2017,REG,17,2017-12-31,Sunday,13:00,WAS,10,NYG,18,Home,0,-5,7,7,1
2017_17_DAL_PHI,2017,REG,17,2017-12-31,Sunday,13:00,DAL,6,PHI,0,Home,0,-3.5,7,6,1
2017_17_CLE_PIT,2017,REG,17,2017-12-31,Sunday,13:00,CLE,24,PIT,28,Home,0,5,7,6,1
2017_17_CAR_ATL,2017,REG,17,2017-12-31,Sunday,16:25,CAR,10,ATL,22,Home,0,5,7,7,1
2017_17_CIN_BAL,2017,REG,17,2017-12-31,Sunday,16:25,CIN,31,BAL,27,Home,0,8,7,8,1
2017_17_KC_DEN,2017,REG,17,2017-12-31,Sunday,16:25,KC,27,DEN,24,Home,0,3,7,7,1
2017_17_SF_LA,2017,REG,17,2017-12-31,Sunday,16:25,SF,34,LA,13,Home,0,-6.5,7,7,1
2017_17_OAK_LAC,2017,REG,17,2017-12-31,Sunday,16:25,OAK,10,LAC,30,Home,0,7,6,7,1
2017_17_BUF_MIA,2017,REG,17,2017-12-31,Sunday,16:25,BUF,22,MIA,16,Home,0,-2.5,7,7,1
2017_17_ARI_SEA,2017,REG,17,2017-12-31,Sunday,16:25,ARI,26,SEA,24,Home,0,8,7,7,1
2017_17_NO_TB,2017,REG,17,2017-12-31,Sunday,16:25,NO,24,TB,31,Home,0,-6,7,7,1
2017_17_JAX_TEN,2017,REG,17,2017-12-31,Sunday,16:25,JAX,10,TEN,15,Home,0,2.5,7,7,1
2017_18_TEN_KC,2017,WC,18,2018-01-06,Saturday,16:36,TEN,22,KC,21,Home,0,8.5,6,6,0
2017_18_ATL_LA,2017,WC,18,2018-01-06,Saturday,20:15,ATL,26,LA,13,Home,0,6.5,6,6,0
2017_18_BUF_JAX,2017,WC,18,2018-01-07,Sunday,13:05,BUF,3,JAX,10,Home,0,8.5,7,7,0
2017_18_CAR_NO,2017,WC,18,2018-01-07,Sunday,16:40,CAR,26,NO,31,Home,0,6.5,7,7,1
2017_19_ATL_PHI,2017,DIV,19,2018-01-13,Saturday,16:35,ATL,10,PHI,15,Home,0,-2.5,7,13,0
2017_19_TEN_NE,2017,DIV,19,2018-01-13,Saturday,20:15,TEN,14,NE,35,Home,0,13.5,7,13,0
2017_19_JAX_PIT,2017,DIV,19,2018-01-14,Sunday,13:05,JAX,45,PIT,42,Home,0,7,7,14,0
2017_19_NO_MIN,2017,DIV,19,2018-01-14,Sunday,16:40,NO,24,MIN,29,Home,0,5.5,7,14,0
2017_20_JAX_NE,2017,CON,20,2018-01-21,Sunday,15:05,JAX,20,NE,24,Home,0,7.5,7,8,0
2017_20_MIN_PHI,2017,CON,20,2018-01-21,Sunday,18:41,MIN,7,PHI,38,Home,0,-3,7,8,0
2017_21_PHI_NE,2017,SB,21,2018-02-04,Sunday,18:31,PHI,41,NE,33,Neutral,0,4.5,14,14,0
2018_01_ATL_PHI,2018,REG,1,2018-09-06,Thursday,20:20,ATL,12,PHI,18,Home,0,1,7,7,0
2018_01_BUF_BAL,2018,REG,1,2018-09-09,Sunday,13:00,BUF,3,BAL,47,Home,0,7.5,7,7,0
2018_01_PIT_CLE,2018,REG,1,2018-09-09,Sunday,13:00,PIT,21,CLE,21,Home,1,-3.5,7,7,1
2018_01_CIN_IND,2018,REG,1,2018-09-09,Sunday,13:00,CIN,34,IND,23,Home,0,-1,7,7,0
2018_01_TEN_MIA,2018,REG,1,2018-09-09,Sunday,13:00,TEN,20,MIA,27,Home,0,-1,7,7,0
2018_01_SF_MIN,2018,REG,1,2018-09-09,Sunday,13:00,SF,16,MIN,24,Home,0,6,7,7,0
2018_01_HOU_NE,2018,REG,1,2018-09-09,Sunday,13:00,HOU,20,NE,27,Home,0,6,7,7,0
2018_01_TB_NO,2018,REG,1,2018-09-09,Sunday,13:00,TB,48,NO,40,Home,0,10,7,7,1
2018_01_JAX_NYG,2018,REG,1,2018-09-09,Sunday,13:00,JAX,20,NYG,15,Home,0,-2.5,7,7,0
2018_01_KC_LAC,2018,REG,1,2018-09-09,Sunday,16:05,KC,38,LAC,28,Home,0,3.5,7,7,1
2018_01_WAS_ARI,2018,REG,1,2018-09-09,Sunday,16:25,WAS,24,ARI,6,Home,0,2,7,7,0
2018_01_DAL_CAR,2018,REG,1,2018-09-09,Sunday,16:25,DAL,8,CAR,16,Home,0,2.5,7,7,0
2018_01_SEA_DEN,2018,REG,1,2018-09-09,Sunday,16:25,SEA,24,DEN,27,Home,0,3,7,7,0
2018_01_CHI_GB,2018,REG,1,2018-09-09,Sunday,20:20,CHI,23,GB,24,Home,0,6.5,7,7,1
2018_01_NYJ_DET,2018,REG,1,2018-09-10,Monday,19:10,NYJ,48,DET,17,Home,0,7,7,7,0
2018_01_LA_OAK,2018,REG,1,2018-09-10,Monday,22:20,LA,33,OAK,13,Home,0,-6,7,7,0
2018_02_BAL_CIN,2018,REG,2,2018-09-13,Thursday,20:20,BAL,23,CIN,34,Home,0,1,4,4,1
2018_02_CAR_ATL,2018,REG,2,2018-09-16,Sunday,13:00,CAR,24,ATL,31,Home,0,5.5,7,10,1
2018_02_LAC_BUF,2018,REG,2,2018-09-16,Sunday,13:00,LAC,31,BUF,20,Home,0,-7.5,7,7,0
2018_02_MIN_GB,2018,REG,2,2018-09-16,Sunday,13:00,MIN,29,GB,29,Home,1,-2,7,7,1
2018_02_CLE_NO,2018,REG,2,2018-09-16,Sunday,13:00,CLE,18,NO,21,Home,0,10,7,7,0
2018_02_MIA_NYJ,2018,REG,2,2018-09-16,Sunday,13:00,MIA,20,NYJ,12,Home,0,3,7,6,1
2018_02_KC_PIT,2018,REG,2,2018-09-16,Sunday,13:00,KC,42,PIT,37,Home,0,4.5,7,7,0
2018_02_PHI_TB,2018,REG,2,2018-09-16,Sunday,13:00,PHI,21,TB,27,Home,0,-3,10,7,0
2018_02_HOU_TEN,2018,REG,2,2018-09-16,Sunday,13:00,HOU,17,TEN,20,Home,0,-3.5,7,7,1
2018_02_IND_WAS,2018,REG,2,2018-09-16,Sunday,13:00,IND,21,WAS,9,Home,0,6,7,7,0
2018_02_ARI_LA,2018,REG,2,2018-09-16,Sunday,16:05,ARI,0,LA,34,Home,0,13.5,7,6,1
2018_02_DET_SF,2018,REG,2,2018-09-16,Sunday,16:05,DET,27,SF,30,Home,0,6,6,7,0
2018_02_OAK_DEN,2018,REG,2,2018-09-16,Sunday,16:25,OAK,19,DEN,20,Home,0,5.5,6,7,1
2018_02_NE_JAX,2018,REG,2,2018-09-16,Sunday,16:25,NE,20,JAX,31,Home,0,-2,7,7,0
2018_02_NYG_DAL,2018,REG,2,2018-09-16,Sunday,20:20,NYG,13,DAL,20,Home,0,3,7,7,1
2018_02_SEA_CHI,2018,REG,2,2018-09-17,Monday,20:15,SEA,17,CHI,24,Home,0,5,8,8,0
2018_03_NYJ_CLE,2018,REG,3,2018-09-20,Thursday,20:20,NYJ,17,CLE,21,Home,0,3,4,4,0
2018_03_NO_ATL,2018,REG,3,2018-09-23,Sunday,13:00,NO,43,ATL,37,Home,1,1.5,7,7,1
2018_03_DEN_BAL,2018,REG,3,2018-09-23,Sunday,13:00,DEN,14,BAL,27,Home,0,5.5,7,10,0
2018_03_CIN_CAR,2018,REG,3,2018-09-23,Sunday,13:00,CIN,21,CAR,31,Home,0,2.5,10,7,0
2018_03_NYG_HOU,2018,REG,3,2018-09-23,Sunday,13:00,NYG,27,HOU,22,Home,0,6.5,7,7,0
2018_03_TEN_JAX,2018,REG,3,2018-09-23,Sunday,13:00,TEN,9,JAX,6,Home,0,10,7,7,1
2018_03_SF_KC,2018,REG,3,2018-09-23,Sunday,13:00,SF,27,KC,38,Home,0,6,7,7,0
2018_03_OAK_MIA,2018,REG,3,2018-09-23,Sunday,13:00,OAK,20,MIA,28,Home,0,3,7,7,0
2018_03_BUF_MIN,2018,REG,3,2018-09-23,Sunday,13:00,BUF,27,MIN,6,Home,0,16.5,7,7,0
2018_03_IND_PHI,2018,REG,3,2018-09-23,Sunday,13:00,IND,16,PHI,20,Home,0,6.5,7,7,0
2018_03_GB_WAS,2018,REG,3,2018-09-23,Sunday,13:00,GB,17,WAS,31,Home,0,-2.5,7,7,0
2018_03_LAC_LA,2018,REG,3,2018-09-23,Sunday,16:05,LAC,23,LA,35,Home,0,7.5,7,7,0
2018_03_CHI_ARI,2018,REG,3,2018-09-23,Sunday,16:25,CHI,16,ARI,14,Home,0,-6,6,7,0
2018_03_DAL_SEA,2018,REG,3,2018-09-23,Sunday,16:25,DAL,13,SEA,24,Home,0,1,7,6,0
2018_03_NE_DET,2018,REG,3,2018-09-23,Sunday,20:20,NE,10,DET,26,Home,0,-7,7,7,0
2018_03_PIT_TB,2018,REG,3,2018-09-24,Monday,20:15,PIT,30,TB,27,Home,0,1,8,8,0
2018_04_MIN_LA,2018,REG,4,2018-09-27,Thursday,20:20,MIN,31,LA,38,Home,0,7.5,4,4,0
2018_04_CIN_ATL,2018,REG,4,2018-09-30,Sunday,13:00,CIN,37,ATL,36,Home,0,3.5,7,7,0
2018_04_TB_CHI,2018,REG,4,2018-09-30,Sunday,13:00,TB,10,CHI,48,Home,0,3,6,7,0
2018_04_DET_DAL,2018,REG,4,2018-09-30,Sunday,13:00,DET,24,DAL,26,Home,0,2.5,7,7,0
2018_04_BUF_GB,2018,REG,4,2018-09-30,Sunday,13:00,BUF,0,GB,22,Home,0,8.5,7,7,0
2018_04_HOU_IND,2018,REG,4,2018-09-30,Sunday,13:00,HOU,37,IND,34,Home,1,-1,7,7,1
2018_04_NYJ_JAX,2018,REG,4,2018-09-30,Sunday,13:00,NYJ,12,JAX,31,Home,0,7.5,10,7,0
2018_04_MIA_NE,2018,REG,4,2018-09-30,Sunday,13:00,MIA,7,NE,38,Home,0,6.5,7,7,1
2018_04_PHI_TEN,2018,REG,4,2018-09-30,Sunday,13:00,PHI,23,TEN,26,Home,1,-3,7,7,0
2018_04_SEA_ARI,2018,REG,4,2018-09-30,Sunday,16:05,SEA,20,ARI,17,Home,0,-3.5,7,7,1
2018_04_CLE_OAK,2018,REG,4,2018-09-30,Sunday,16:05,CLE,42,OAK,45,Home,1,2.5,10,7,0
2018_04_SF_LAC,2018,REG,4,2018-09-30,Sunday,16:25,SF,27,LAC,29,Home,0,10,7,7,0
2018_04_NO_NYG,2018,REG,4,2018-09-30,Sunday,16:25,NO,33,NYG,18,Home,0,-3.5,7,7,0
2018_04_BAL_PIT,2018,REG,4,2018-09-30,Sunday,20:20,BAL,26,PIT,14,Home,0,3,7,6,1
2018_04_KC_DEN,2018,REG,4,2018-10-01,Monday,20:15,KC,27,DEN,23,Home,0,-3.5,8,8,1
2018_05_IND_NE,2018,REG,5,2018-10-04,Thursday,20:20,IND,24,NE,38,Home,0,10.5,4,4,0
2018_05_TEN_BUF,2018,REG,5,2018-10-07,Sunday,13:00,TEN,12,BUF,13,Home,0,-6,7,7,0
2018_05_NYG_CAR,2018,REG,5,2018-10-07,Sunday,13:00,NYG,31,CAR,33,Home,0,7,7,14,0
2018_05_MIA_CIN,2018,REG,5,2018-10-07,Sunday,13:00,MIA,17,CIN,27,Home,0,6,7,7,0
2018_05_BAL_CLE,2018,REG,5,2018-10-07,Sunday,13:00,BAL,9,CLE,12,Home,1,-3,7,7,1
2018_05_GB_DET,2018,REG,5,2018-10-07,Sunday,13:00,GB,23,DET,31,Home,0,1,7,7,1
2018_05_JAX_KC,2018,REG,5,2018-10-07,Sunday,13:00,JAX,14,KC,30,Home,0,3,7,6,0
2018_05_DEN_NYJ,2018,REG,5,2018-10-07,Sunday,13:00,DEN,16,NYJ,34,Home,0,-1,6,7,0
2018_05_ATL_PIT,2018,REG,5,2018-10-07,Sunday,13:00,ATL,17,PIT,41,Home,0,3.5,7,7,0
2018_05_OAK_LAC,2018,REG,5,2018-10-07,Sunday,16:05,OAK,10,LAC,26,Home,0,5.5,7,7,1
2018_05_MIN_PHI,2018,REG,5,2018-10-07,Sunday,16:25,MIN,23,PHI,21,Home,0,3.5,10,7,0
2018_05_LA_SEA,2018,REG,5,2018-10-07,Sunday,16:25,LA,33,SEA,31,Home,0,-7.5,10,7,1
2018_05_ARI_SF,2018,REG,5,2018-10-07,Sunday,16:25,ARI,28,SF,18,Home,0,3,7,7,1
2018_05_DAL_HOU,2018,REG,5,2018-10-07,Sunday,20:20,DAL,16,HOU,19,Home,1,3.5,7,7,0
2018_05_WAS_NO,2018,REG,5,2018-10-08,Monday,20:15,WAS,19,NO,43,Home,0,5.5,15,8,0
2018_06_PHI_NYG,2018,REG,6,2018-10-11,Thursday,20:20,PHI,34,NYG,13,Home,0,-1.5,4,4,1
2018_06_TB_ATL,2018,REG,6,2018-10-14,Sunday,13:00,TB,29,ATL,34,Home,0,3,14,7,1
2018_06_PIT_CIN,2018,REG,6,2018-10-14,Sunday,13:00,PIT,28,CIN,21,Home,0,1,7,7,1
2018_06_LAC_CLE,2018,REG,6,2018-10-14,Sunday,13:00,LAC,38,CLE,14,Home,0,1,7,7,0
2018_06_BUF_HOU,2018,REG,6,2018-10-14,Sunday,13:00,BUF,13,HOU,20,Home,0,10.5,7,7,0
2018_06_CHI_MIA,2018,REG,6,2018-10-14,Sunday,13:00,CHI,28,MIA,31,Home,1,-7.5,14,7,0
2018_06_ARI_MIN,2018,REG,6,2018-10-14,Sunday,13:00,ARI,17,MIN,27,Home,0,10,7,7,0
2018_06_IND_NYJ,2018,REG,6,2018-10-14,Sunday,13:00,IND,34,NYJ,42,Home,0,2.5,10,7,0
2018_06_SEA_OAK,2018,REG,6,2018-10-14,Sunday,13:00,SEA,27,OAK,3,Neutral,0,-3,7,7,0
2018_06_CAR_WAS,2018,REG,6,2018-10-14,Sunday,13:00,CAR,17,WAS,23,Home,0,-1,7,6,0
2018_06_LA_DEN,2018,REG,6,2018-10-14,Sunday,16:05,LA,23,DEN,20,Home,0,-7,7,7,0
2018_06_JAX_DAL,2018,REG,6,2018-10-14,Sunday,16:25,JAX,7,DAL,40,Home,0,-3,7,7,0
2018_06_BAL_TEN,2018,REG,6,2018-10-14,Sunday,16:25,BAL,21,TEN,0,Home,0,-2.5,7,7,0
2018_06_KC_NE,2018,REG,6,2018-10-14,Sunday,20:20,KC,40,NE,43,Home,0,4,7,10,0
2018_06_SF_GB,2018,REG,6,2018-10-15,Monday,20:15,SF,30,GB,33,Home,0,9,8,8,0
2018_07_DEN_ARI,2018,REG,7,2018-10-18,Thursday,20:20,DEN,45,ARI,10,Home,0,-1,4,4,0
2018_07_NE_CHI,2018,REG,7,2018-10-21,Sunday,13:00,NE,38,CHI,31,Home,0,-1,7,7,0
2018_07_BUF_IND,2018,REG,7,2018-10-21,Sunday,13:00,BUF,5,IND,37,Home,0,7,7,7,0
2018_07_HOU_JAX,2018,REG,7,2018-10-21,Sunday,13:00,HOU,20,JAX,7,Home,0,4,7,7,1
2018_07_DET_MIA,2018,REG,7,2018-10-21,Sunday,13:00,DET,32,MIA,21,Home,0,-3,14,7,0
2018_07_MIN_NYJ,2018,REG,7,2018-10-21,Sunday,13:00,MIN,37,NYJ,17,Home,0,-3.5,7,7,0
2018_07_CAR_PHI,2018,REG,7,2018-10-21,Sunday,13:00,CAR,21,PHI,17,Home,0,5,7,10,0
2018_07_CLE_TB,2018,REG,7,2018-10-21,Sunday,13:00,CLE,23,TB,26,Home,1,3.5,7,7,0
2018_07_NO_BAL,2018,REG,7,2018-10-21,Sunday,16:05,NO,24,BAL,23,Home,0,2.5,13,7,0
2018_07_LA_SF,2018,REG,7,2018-10-21,Sunday,16:25,LA,39,SF,10,Home,0,-8,7,6,1
2018_07_DAL_WAS,2018,REG,7,2018-10-21,Sunday,16:25,DAL,17,WAS,20,Home,0,-1.5,7,7,1
2018_07_CIN_KC,2018,REG,7,2018-10-21,Sunday,20:20,CIN,10,KC,45,Home,0,6.5,7,7,0
2018_07_TEN_LAC,2018,REG,7,2018-10-21,Sunday,21:30,TEN,19,LAC,20,Neutral,0,6.5,7,7,0
2018_07_NYG_ATL,2018,REG,7,2018-10-22,Monday,20:15,NYG,20,ATL,23,Home,0,4.5,11,8,0
2018_08_MIA_HOU,2018,REG,8,2018-10-25,Thursday,20:20,MIA,23,HOU,42,Home,0,7.5,4,4,0
2018_08_BAL_CAR,2018,REG,8,2018-10-28,Sunday,13:00,BAL,21,CAR,36,Home,0,-2.5,7,7,0
2018_08_NYJ_CHI,2018,REG,8,2018-10-28,Sunday,13:00,NYJ,10,CHI,24,Home,0,8.5,7,7,0
2018_08_TB_CIN,2018,REG,8,2018-10-28,Sunday,13:00,TB,34,CIN,37,Home,0,3.5,7,7,0
2018_08_SEA_DET,2018,REG,8,2018-10-28,Sunday,13:00,SEA,28,DET,14,Home,0,3,14,7,0
2018_08_DEN_KC,2018,REG,8,2018-10-28,Sunday,13:00,DEN,23,KC,30,Home,0,8.5,10,7,1
2018_08_WAS_NYG,2018,REG,8,2018-10-28,Sunday,13:00,WAS,20,NYG,13,Home,0,-1,7,6,1
2018_08_CLE_PIT,2018,REG,8,2018-10-28,Sunday,13:00,CLE,18,PIT,33,Home,0,8.5,7,14,1
2018_08_IND_OAK,2018,REG,8,2018-10-28,Sunday,16:05,IND,42,OAK,28,Home,0,-3.5,7,14,0
2018_08_SF_ARI,2018,REG,8,2018-10-28,Sunday,16:25,SF,15,ARI,18,Home,0,-2.5,7,10,1
2018_08_GB_LA,2018,REG,8,2018-10-28,Sunday,16:25,GB,27,LA,29,Home,0,7.5,13,7,0
2018_08_NO_MIN,2018,REG,8,2018-10-28,Sunday,20:20,NO,30,MIN,20,Home,0,-2.5,7,7,0
2018_08_PHI_JAX,2018,REG,8,2018-10-28,Sunday,21:30,PHI,24,JAX,18,Neutral,0,-4,7,7,0
2018_08_NE_BUF,2018,REG,8,2018-10-29,Monday,20:15,NE,25,BUF,6,Home,0,-13.5,8,8,1
2018_09_OAK_SF,2018,REG,9,2018-11-01,Thursday,20:20,OAK,3,SF,34,Home,0,-1.5,4,4,0
2018_09_PIT_BAL,2018,REG,9,2018-11-04,Sunday,13:00,PIT,23,BAL,16,Home,0,1.5,7,7,1
2018_09_CHI_BUF,2018,REG,9,2018-11-04,Sunday,13:00,CHI,41,BUF,9,Home,0,-10.5,7,6,0
2018_09_TB_CAR,2018,REG,9,2018-11-04,Sunday,13:00,TB,28,CAR,42,Home,0,6,7,7,1
2018_09_KC_CLE,2018,REG,9,2018-11-04,Sunday,13:00,KC,37,CLE,21,Home,0,-7.5,7,7,0
2018_09_NYJ_MIA,2018,REG,9,2018-11-04,Sunday,13:00,NYJ,6,MIA,13,Home,0,3,7,10,1
2018_09_DET_MIN,2018,REG,9,2018-11-04,Sunday,13:00,DET,9,MIN,24,Home,0,4.5,7,7,1
2018_09_ATL_WAS,2018,REG,9,2018-11-04,Sunday,13:00,ATL,38,WAS,14,Home,0,1.5,13,7,0
2018_09_HOU_DEN,2018,REG,9,2018-11-04,Sunday,16:05,HOU,19,DEN,17,Home,0,1,10,7,0
2018_09_LAC_SEA,2018,REG,9,2018-11-04,Sunday,16:05,LAC,25,SEA,17,Home,0,1,14,7,0
2018_09_LA_NO,2018,REG,9,2018-11-04,Sunday,16:25,LA,35,NO,45,Home,0,-2.5,7,7,0
2018_09_GB_NE,2018,REG,9,2018-11-04,Sunday,20:20,GB,17,NE,31,Home,0,5,7,6,0
2018_09_TEN_DAL,2018,REG,9,2018-11-05,Monday,20:15,TEN,28,DAL,14,Home,0,4.5,15,15,0
2018_10_CAR_PIT,2018,REG,10,2018-11-08,Thursday,20:20,CAR,21,PIT,52,Home,0,3.5,4,4,0
2018_10_DET_CHI,2018,REG,10,2018-11-11,Sunday,13:00,DET,22,CHI,34,Home,0,7.5,7,7,1
2018_10_NO_CIN,2018,REG,10,2018-11-11,Sunday,13:00,NO,51,CIN,14,Home,0,-5.5,7,14,0
2018_10_ATL_CLE,2018,REG,10,2018-11-11,Sunday,13:00,ATL,16,CLE,28,Home,0,-5.5,7,7,0
2018_10_JAX_IND,2018,REG,10,2018-11-11,Sunday,13:00,JAX,26,IND,29,Home,0,3,14,14,1
2018_10_ARI_KC,2018,REG,10,2018-11-11,Sunday,13:00,ARI,14,KC,26,Home,0,16.5,14,7,0
2018_10_BUF_NYJ,2018,REG,10,2018-11-11,Sunday,13:00,BUF,41,NYJ,10,Home,0,6.5,7,7,1
2018_10_WAS_TB,2018,REG,10,2018-11-11,Sunday,13:00,WAS,16,TB,3,Home,0,3.5,7,7,0
2018_10_NE_TEN,2018,REG,10,2018-11-11,Sunday,13:00,NE,10,TEN,34,Home,0,-6,7,6,0
2018_10_LAC_OAK,2018,REG,10,2018-11-11,Sunday,16:05,LAC,20,OAK,6,Home,0,-10.5,7,10,1
2018_10_MIA_GB,2018,REG,10,2018-11-11,Sunday,16:25,MIA,12,GB,31,Home,0,13,7,7,0
2018_10_SEA_LA,2018,REG,10,2018-11-11,Sunday,16:25,SEA,31,LA,36,Home,0,10,7,7,1
2018_10_DAL_PHI,2018,REG,10,2018-11-11,Sunday,20:20,DAL,27,PHI,20,Home,0,7.5,6,14,1
2018_10_NYG_SF,2018,REG,10,2018-11-12,Monday,20:15,NYG,27,SF,23,Home,0,3,15,11,0
2018_11_GB_SEA,2018,REG,11,2018-11-15,Thursday,20:20,GB,24,SEA,27,Home,0,3,4,4,0
2018_11_DAL_ATL,2018,REG,11,2018-11-18,Sunday,13:00,DAL,22,ATL,19,Home,0,3.5,7,7,0
2018_11_CIN_BAL,2018,REG,11,2018-11-18,Sunday,13:00,CIN,21,BAL,24,Home,0,6.5,7,14,1
2018_11_CAR_DET,2018,REG,11,2018-11-18,Sunday,13:00,CAR,19,DET,20,Home,0,-4,10,7,0
2018_11_TEN_IND,2018,REG,11,2018-11-18,Sunday,13:00,TEN,10,IND,38,Home,0,2,7,7,1
2018_11_PIT_JAX,2018,REG,11,2018-11-18,Sunday,13:00,PIT,20,JAX,16,Home,0,-4,10,7,0
2018_11_TB_NYG,2018,REG,11,2018-11-18,Sunday,13:00,TB,35,NYG,38,Home,0,3,7,6,0
2018_11_HOU_WAS,2018,REG,11,2018-11-18,Sunday,13:00,HOU,23,WAS,21,Home,0,-3,14,7,0
2018_11_OAK_ARI,2018,REG,11,2018-11-18,Sunday,16:05,OAK,23,ARI,21,Home,0,4.5,7,7,0
2018_11_DEN_LAC,2018,REG,11,2018-11-18,Sunday,16:05,DEN,23,LAC,22,Home,0,7.5,14,7,1
2018_11_PHI_NO,2018,REG,11,2018-11-18,Sunday,16:25,PHI,7,NO,48,Home,0,7,7,7,0
2018_11_MIN_CHI,2018,REG,11,2018-11-18,Sunday,20:20,MIN,20,CHI,25,Home,0,2.5,14,7,1
2018_11_KC_LA,2018,REG,11,2018-11-19,Monday,20:15,KC,51,LA,54,Home,0,3,8,8,0
2018_12_CHI_DET,2018,REG,12,2018-11-22,Thursday,12:30,CHI,23,DET,16,Home,0,-3,4,4,1
2018_12_WAS_DAL,2018,REG,12,2018-11-22,Thursday,16:30,WAS,23,DAL,31,Home,0,7,4,4,1
2018_12_ATL_NO,2018,REG,12,2018-11-22,Thursday,20:20,ATL,17,NO,31,Home,0,11.5,4,4,1
2018_12_OAK_BAL,2018,REG,12,2018-11-25,Sunday,13:00,OAK,17,BAL,34,Home,0,13,7,7,0
2018_12_JAX_BUF,2018,REG,12,2018-11-25,Sunday,13:00,JAX,21,BUF,24,Home,0,-3,7,14,0
2018_12_SEA_CAR,2018,REG,12,2018-11-25,Sunday,13:00,SEA,30,CAR,27,Home,0,3,10,7,0
2018_12_CLE_CIN,2018,REG,12,2018-11-25,Sunday,13:00,CLE,35,CIN,20,Home,0,-1,14,7,1
2018_12_NE_NYJ,2018,REG,12,2018-11-25,Sunday,13:00,NE,27,NYJ,13,Home,0,-13,14,14,1
2018_12_NYG_PHI,2018,REG,12,2018-11-25,Sunday,13:00,NYG,22,PHI,25,Home,0,4.5,7,7,1
2018_12_SF_TB,2018,REG,12,2018-11-25,Sunday,13:00,SF,9,TB,27,Home,0,1.5,13,7,0
2018_12_ARI_LAC,2018,REG,12,2018-11-25,Sunday,16:05,ARI,10,LAC,45,Home,0,14,7,7,0
2018_12_PIT_DEN,2018,REG,12,2018-11-25,Sunday,16:25,PIT,17,DEN,24,Home,0,-3,7,7,0
2018_12_MIA_IND,2018,REG,12,2018-11-25,Sunday,16:25,MIA,24,IND,27,Home,0,9,14,7,0
2018_12_GB_MIN,2018,REG,12,2018-11-25,Sunday,20:20,GB,17,MIN,24,Home,0,4,10,7,1
2018_12_TEN_HOU,2018,REG,12,2018-11-26,Monday,20:15,TEN,17,HOU,34,Home,0,3.5,8,8,1
2018_13_NO_DAL,2018,REG,13,2018-11-29,Thursday,20:20,NO,10,DAL,13,Home,0,-7,7,7,0
2018_13_BAL_ATL,2018,REG,13,2018-12-02,Sunday,13:00,BAL,26,ATL,16,Home,0,2.5,7,10,0
2018_13_DEN_CIN,2018,REG,13,2018-12-02,Sunday,13:00,DEN,24,CIN,10,Home,0,-3.5,7,7,0
2018_13_LA_DET,2018,REG,13,2018-12-02,Sunday,13:00,LA,30,DET,16,Home,0,-10.5,13,10,0
2018_13_ARI_GB,2018,REG,13,2018-12-02,Sunday,13:00,ARI,20,GB,17,Home,0,13.5,7,7,0
2018_13_CLE_HOU,2018,REG,13,2018-12-02,Sunday,13:00,CLE,13,HOU,29,Home,0,5,7,6,0
2018_13_IND_JAX,2018,REG,13,2018-12-02,Sunday,13:00,IND,0,JAX,6,Home,0,-4,7,7,1
2018_13_BUF_MIA,2018,REG,13,2018-12-02,Sunday,13:00,BUF,17,MIA,21,Home,0,3.5,7,7,1
2018_13_CHI_NYG,2018,REG,13,2018-12-02,Sunday,13:00,CHI,27,NYG,30,Home,1,-3.5,10,7,0
2018_13_CAR_TB,2018,REG,13,2018-12-02,Sunday,13:00,CAR,17,TB,24,Home,0,-3.5,7,7,1
2018_13_KC_OAK,2018,REG,13,2018-12-02,Sunday,16:05,KC,40,OAK,33,Home,0,-14,13,7,1
2018_13_NYJ_TEN,2018,REG,13,2018-12-02,Sunday,16:05,NYJ,22,TEN,26,Home,0,10.5,7,6,0
2018_13_MIN_NE,2018,REG,13,2018-12-02,Sunday,16:25,MIN,10,NE,24,Home,0,6,7,7,0
2018_13_SF_SEA,2018,REG,13,2018-12-02,Sunday,16:25,SF,16,SEA,43,Home,0,10,7,7,1
2018_13_LAC_PIT,2018,REG,13,2018-12-02,Sunday,20:20,LAC,33,PIT,30,Home,0,3.5,7,7,0
2018_13_WAS_PHI,2018,REG,13,2018-12-03,Monday,20:15,WAS,13,PHI,28,Home,0,5.5,11,8,1
2018_14_JAX_TEN,2018,REG,14,2018-12-06,Thursday,20:20,JAX,9,TEN,30,Home,0,5.5,4,4,1
2018_14_NYJ_BUF,2018,REG,14,2018-12-09,Sunday,13:00,NYJ,27,BUF,23,Home,0,4.5,7,7,1
2018_14_CAR_CLE,2018,REG,14,2018-12-09,Sunday,13:00,CAR,20,CLE,26,Home,0,-1,7,7,0
2018_14_ATL_GB,2018,REG,14,2018-12-09,Sunday,13:00,ATL,20,GB,34,Home,0,4,7,7,0
2018_14_IND_HOU,2018,REG,14,2018-12-09,Sunday,13:00,IND,24,HOU,21,Home,0,4,7,7,1
2018_14_BAL_KC,2018,REG,14,2018-12-09,Sunday,13:00,BAL,24,KC,27,Home,1,6.5,7,7,0
2018_14_NE_MIA,2018,REG,14,2018-12-09,Sunday,13:00,NE,33,MIA,34,Home,0,-8.5,7,7,1
2018_14_NO_TB,2018,REG,14,2018-12-09,Sunday,13:00,NO,28,TB,14,Home,0,-8.5,10,7,1
2018_14_NYG_WAS,2018,REG,14,2018-12-09,Sunday,13:00,NYG,40,WAS,16,Home,0,-3,7,6,1
2018_14_CIN_LAC,2018,REG,14,2018-12-09,Sunday,16:05,CIN,21,LAC,26,Home,0,17,7,7,0
2018_14_DEN_SF,2018,REG,14,2018-12-09,Sunday,16:05,DEN,14,SF,20,Home,0,-3,7,7,0
2018_14_DET_ARI,2018,REG,14,2018-12-09,Sunday,16:25,DET,17,ARI,3,Home,0,-2.5,7,7,0
2018_14_PHI_DAL,2018,REG,14,2018-12-09,Sunday,16:25,PHI,23,DAL,29,Home,1,3.5,6,10,1
2018_14_PIT_OAK,2018,REG,14,2018-12-09,Sunday,16:25,PIT,21,OAK,24,Home,0,-10.5,7,7,0
2018_14_LA_CHI,2018,REG,14,2018-12-09,Sunday,20:20,LA,6,CHI,15,Home,0,-3,7,7,0
2018_14_MIN_SEA,2018,REG,14,2018-12-10,Monday,20:15,MIN,7,SEA,21,Home,0,3,8,8,0
2018_15_LAC_KC,2018,REG,15,2018-12-13,Thursday,20:20,LAC,29,KC,28,Home,0,3.5,4,4,1
2018_15_HOU_NYJ,2018,REG,15,2018-12-15,Saturday,16:30,HOU,29,NYJ,22,Home,0,-7,6,6,0
2018_15_CLE_DEN,2018,REG,15,2018-12-15,Saturday,20:20,CLE,17,DEN,16,Home,0,1,6,6,0
2018_15_ARI_ATL,2018,REG,15,2018-12-16,Sunday,13:00,ARI,14,ATL,40,Home,0,10,7,7,0
2018_15_TB_BAL,2018,REG,15,2018-12-16,Sunday,13:00,TB,12,BAL,20,Home,0,8.5,7,7,0
2018_15_DET_BUF,2018,REG,15,2018-12-16,Sunday,13:00,DET,13,BUF,14,Home,0,2.5,7,7,0
2018_15_GB_CHI,2018,REG,15,2018-12-16,Sunday,13:00,GB,17,CHI,24,Home,0,6,7,7,1
2018_15_OAK_CIN,2018,REG,15,2018-12-16,Sunday,13:00,OAK,16,CIN,30,Home,0,3,7,7,0
2018_15_DAL_IND,2018,REG,15,2018-12-16,Sunday,13:00,DAL,0,IND,23,Home,0,3,7,7,0
2018_15_WAS_JAX,2018,REG,15,2018-12-16,Sunday,13:00,WAS,16,JAX,13,Home,0,7.5,7,10,0
2018_15_MIA_MIN,2018,REG,15,2018-12-16,Sunday,13:00,MIA,17,MIN,41,Home,0,7.5,7,6,0
2018_15_TEN_NYG,2018,REG,15,2018-12-16,Sunday,13:00,TEN,17,NYG,0,Home,0,-2.5,10,7,0
2018_15_SEA_SF,2018,REG,15,2018-12-16,Sunday,16:05,SEA,23,SF,26,Home,1,-3.5,6,7,1
2018_15_NE_PIT,2018,REG,15,2018-12-16,Sunday,16:25,NE,10,PIT,17,Home,0,-2.5,7,7,0
2018_15_PHI_LA,2018,REG,15,2018-12-16,Sunday,20:20,PHI,30,LA,23,Home,0,13.5,7,7,0
2018_15_NO_CAR,2018,REG,15,2018-12-17,Monday,20:15,NO,12,CAR,9,Home,0,-6,8,8,1
2018_16_WAS_TEN,2018,REG,16,2018-12-22,Saturday,16:30,WAS,16,TEN,25,Home,0,12.5,6,6,0
2018_16_BAL_LAC,2018,REG,16,2018-12-22,Saturday,20:20,BAL,22,LAC,10,Home,0,4,6,9,0
2018_16_ATL_CAR,2018,REG,16,2018-12-23,Sunday,13:00,ATL,24,CAR,10,Home,0,-2.5,7,6,1
2018_16_CIN_CLE,2018,REG,16,2018-12-23,Sunday,13:00,CIN,18,CLE,26,Home,0,10,7,8,1
2018_16_TB_DAL,2018,REG,16,2018-12-23,Sunday,13:00,TB,20,DAL,27,Home,0,7,7,7,0
2018_16_MIN_DET,2018,REG,16,2018-12-23,Sunday,13:00,MIN,27,DET,9,Home,0,-6.5,7,7,1
2018_16_NYG_IND,2018,REG,16,2018-12-23,Sunday,13:00,NYG,27,IND,28,Home,0,10,7,7,0
2018_16_JAX_MIA,2018,REG,16,2018-12-23,Sunday,13:00,JAX,17,MIA,7,Home,0,3,7,7,0
2018_16_BUF_NE,2018,REG,16,2018-12-23,Sunday,13:00,BUF,12,NE,24,Home,0,14,7,7,1
2018_16_GB_NYJ,2018,REG,16,2018-12-23,Sunday,13:00,GB,44,NYJ,38,Home,1,-3,7,8,0
2018_16_HOU_PHI,2018,REG,16,2018-12-23,Sunday,13:00,HOU,30,PHI,32,Home,0,1,8,7,0
2018_16_LA_ARI,2018,REG,16,2018-12-23,Sunday,16:05,LA,31,ARI,9,Home,0,-14.5,7,7,1
2018_16_CHI_SF,2018,REG,16,2018-12-23,Sunday,16:05,CHI,14,SF,9,Home,0,-3.5,7,7,0
2018_16_PIT_NO,2018,REG,16,2018-12-23,Sunday,16:25,PIT,28,NO,31,Home,0,6.5,7,6,0
2018_16_KC_SEA,2018,REG,16,2018-12-23,Sunday,20:20,KC,31,SEA,38,Home,0,-1,10,7,0
2018_16_DEN_OAK,2018,REG,16,2018-12-24,Monday,20:15,DEN,14,OAK,27,Home,0,-2.5,9,8,1
2018_17_MIA_BUF,2018,REG,17,2018-12-30,Sunday,13:00,MIA,17,BUF,42,Home,0,5.5,7,7,1
2018_17_DET_GB,2018,REG,17,2018-12-30,Sunday,13:00,DET,31,GB,0,Home,0,7.5,7,7,1
2018_17_JAX_HOU,2018,REG,17,2018-12-30,Sunday,13:00,JAX,3,HOU,20,Home,0,7,7,7,1
2018_17_NYJ_NE,2018,REG,17,2018-12-30,Sunday,13:00,NYJ,3,NE,38,Home,0,14,7,7,1
2018_17_CAR_NO,2018,REG,17,2018-12-30,Sunday,13:00,CAR,33,NO,14,Home,0,8,7,7,1
2018_17_DAL_NYG,2018,REG,17,2018-12-30,Sunday,13:00,DAL,36,NYG,35,Home,0,7.5,7,7,1
2018_17_ATL_TB,2018,REG,17,2018-12-30,Sunday,13:00,ATL,34,TB,32,Home,0,-2.5,7,7,1
2018_17_CLE_BAL,2018,REG,17,2018-12-30,Sunday,16:25,CLE,24,BAL,26,Home,0,7,7,8,1
2018_17_LAC_DEN,2018,REG,17,2018-12-30,Sunday,16:25,LAC,23,DEN,9,Home,0,-7,8,6,1
2018_17_OAK_KC,2018,REG,17,2018-12-30,Sunday,16:25,OAK,3,KC,35,Home,0,14.5,6,7,1
2018_17_SF_LA,2018,REG,17,2018-12-30,Sunday,16:25,SF,32,LA,48,Home,0,10.5,7,7,1
2018_17_CHI_MIN,2018,REG,17,2018-12-30,Sunday,16:25,CHI,24,MIN,10,Home,0,6,7,7,1
2018_17_CIN_PIT,2018,REG,17,2018-12-30,Sunday,16:25,CIN,13,PIT,16,Home,0,14,7,7,1
2018_17_ARI_SEA,2018,REG,17,2018-12-30,Sunday,16:25,ARI,24,SEA,27,Home,0,15.5,7,7,1
2018_17_PHI_WAS,2018,REG,17,2018-12-30,Sunday,16:25,PHI,24,WAS,0,Home,0,-6,7,8,1
2018_17_IND_TEN,2018,REG,17,2018-12-30,Sunday,20:20,IND,33,TEN,17,Home,0,-5,7,8,1
2018_18_IND_HOU,2018,WC,18,2019-01-05,Saturday,16:35,IND,21,HOU,7,Home,0,2,6,6,1
2018_18_SEA_DAL,2018,WC,18,2019-01-05,Saturday,20:15,SEA,22,DAL,24,Home,0,2.5,6,6,0
2018_18_LAC_BAL,2018,WC,18,2019-01-06,Sunday,13:05,LAC,23,BAL,17,Home,0,3,7,7,0
2018_18_PHI_CHI,2018,WC,18,2019-01-06,Sunday,16:40,PHI,16,CHI,15,Home,0,6.5,7,7,0
2018_19_IND_KC,2018,DIV,19,2019-01-12,Saturday,16:35,IND,13,KC,31,Home,0,4,7,13,0
2018_19_DAL_LA,2018,DIV,19,2019-01-12,Saturday,20:15,DAL,22,LA,30,Home,0,7.5,7,13,0
2018_19_LAC_NE,2018,DIV,19,2019-01-13,Sunday,13:05,LAC,28,NE,41,Home,0,4,7,14,0
2018_19_PHI_NO,2018,DIV,19,2019-01-13,Sunday,16:40,PHI,14,NO,20,Home,0,8.5,7,14,0
2018_20_LA_NO,2018,CON,20,2019-01-20,Sunday,15:05,LA,26,NO,23,Home,1,3,8,7,0
2018_20_NE_KC,2018,CON,20,2019-01-20,Sunday,18:40,NE,37,KC,31,Home,1,3,7,8,0
2018_21_NE_LA,2018,SB,21,2019-02-03,Sunday,18:30,NE,13,LA,3,Neutral,0,-2,14,14,0
2019_01_GB_CHI,2019,REG,1,2019-09-05,Thursday,20:20,GB,10,CHI,3,Home,0,3.5,7,7,1
2019_01_LA_CAR,2019,REG,1,2019-09-08,Sunday,13:00,LA,30,CAR,27,Home,0,-1.5,7,7,0
2019_01_TEN_CLE,2019,REG,1,2019-09-08,Sunday,13:00,TEN,43,CLE,13,Home,0,5.5,7,7,0
2019_01_KC_JAX,2019,REG,1,2019-09-08,Sunday,13:00,KC,40,JAX,26,Home,0,-3.5,7,7,0
2019_01_BAL_MIA,2019,REG,1,2019-09-08,Sunday,13:00,BAL,59,MIA,10,Home,0,-7,7,7,0
2019_01_ATL_MIN,2019,REG,1,2019-09-08,Sunday,13:00,ATL,12,MIN,28,Home,0,3.5,7,7,0
2019_01_BUF_NYJ,2019,REG,1,2019-09-08,Sunday,13:00,BUF,17,NYJ,16,Home,0,2.5,7,7,1
2019_01_WAS_PHI,2019,REG,1,2019-09-08,Sunday,13:00,WAS,27,PHI,32,Home,0,10.5,7,7,1
2019_01_IND_LAC,2019,REG,1,2019-09-08,Sunday,16:05,IND,24,LAC,30,Home,1,6,7,7,0
2019_01_CIN_SEA,2019,REG,1,2019-09-08,Sunday,16:05,CIN,20,SEA,21,Home,0,9.5,7,7,0
2019_01_DET_ARI,2019,REG,1,2019-09-08,Sunday,16:25,DET,27,ARI,27,Home,1,-2.5,7,7,0
2019_01_NYG_DAL,2019,REG,1,2019-09-08,Sunday,16:25,NYG,17,DAL,35,Home,0,7,7,7,1
2019_01_SF_TB,2019,REG,1,2019-09-08,Sunday,16:25,SF,31,TB,17,Home,0,1,7,7,0
2019_01_PIT_NE,2019,REG,1,2019-09-08,Sunday,20:20,PIT,3,NE,33,Home,0,5.5,7,7,0
2019_01_HOU_NO,2019,REG,1,2019-09-09,Monday,19:10,HOU,28,NO,30,Home,0,6.5,7,7,0
2019_01_DEN_OAK,2019,REG,1,2019-09-09,Monday,22:20,DEN,16,OAK,24,Home,0,-3,7,7,1
2019_02_TB_CAR,2019,REG,2,2019-09-12,Thursday,20:20,TB,20,CAR,14,Home,0,6.5,4,4,1
2019_02_ARI_BAL,2019,REG,2,2019-09-15,Sunday,13:00,ARI,17,BAL,23,Home,0,13,7,7,0
2019_02_SF_CIN,2019,REG,2,2019-09-15,Sunday,13:00,SF,41,CIN,17,Home,0,1,7,7,0
2019_02_LAC_DET,2019,REG,2,2019-09-15,Sunday,13:00,LAC,10,DET,13,Home,0,-1,7,7,0
2019_02_MIN_GB,2019,REG,2,2019-09-15,Sunday,13:00,MIN,16,GB,21,Home,0,3,7,10,1
2019_02_JAX_HOU,2019,REG,2,2019-09-15,Sunday,13:00,JAX,12,HOU,13,Home,0,7.5,7,6,1
2019_02_NE_MIA,2019,REG,2,2019-09-15,Sunday,13:00,NE,43,MIA,0,Home,0,-18,7,7,1
2019_02_BUF_NYG,2019,REG,2,2019-09-15,Sunday,13:00,BUF,28,NYG,14,Home,0,-1,7,7,0
2019_02_SEA_PIT,2019,REG,2,2019-09-15,Sunday,13:00,SEA,28,PIT,26,Home,0,4,7,7,0
2019_02_IND_TEN,2019,REG,2,2019-09-15,Sunday,13:00,IND,19,TEN,17,Home,0,3,7,7,1
2019_02_DAL_WAS,2019,REG,2,2019-09-15,Sunday,13:00,DAL,31,WAS,21,Home,0,-6,7,7,1
2019_02_KC_OAK,2019,REG,2,2019-09-15,Sunday,16:05,KC,28,OAK,10,Home,0,-7,7,6,1
2019_02_CHI_DEN,2019,REG,2,2019-09-15,Sunday,16:25,CHI,16,DEN,14,Home,0,-3,10,6,0
2019_02_NO_LA,2019,REG,2,2019-09-15,Sunday,16:25,NO,9,LA,27,Home,0,2,6,7,0
2019_02_PHI_ATL,2019,REG,2,2019-09-15,Sunday,20:20,PHI,20,ATL,24,Home,0,-1,7,7,0
2019_02_CLE_NYJ,2019,REG,2,2019-09-16,Monday,20:15,CLE,23,NYJ,3,Home,0,-6.5,8,8,0
2019_03_TEN_JAX,2019,REG,3,2019-09-19,Thursday,20:20,TEN,7,JAX,20,Home,0,-1.5,4,4,1
2019_03_CIN_BUF,2019,REG,3,2019-09-22,Sunday,13:00,CIN,17,BUF,21,Home,0,5.5,7,7,0
2019_03_MIA_DAL,2019,REG,3,2019-09-22,Sunday,13:00,MIA,6,DAL,31,Home,0,22,7,7,0
2019_03_DEN_GB,2019,REG,3,2019-09-22,Sunday,13:00,DEN,16,GB,27,Home,0,7,7,7,0
2019_03_ATL_IND,2019,REG,3,2019-09-22,Sunday,13:00,ATL,24,IND,27,Home,0,1,7,7,0
2019_03_BAL_KC,2019,REG,3,2019-09-22,Sunday,13:00,BAL,28,KC,33,Home,0,4.5,7,7,0
2019_03_OAK_MIN,2019,REG,3,2019-09-22,Sunday,13:00,OAK,14,MIN,34,Home,0,8.5,7,7,0
2019_03_NYJ_NE,2019,REG,3,2019-09-22,Sunday,13:00,NYJ,14,NE,30,Home,0,20.5,6,7,1
2019_03_DET_PHI,2019,REG,3,2019-09-22,Sunday,13:00,DET,27,PHI,24,Home,0,4,7,7,0
2019_03_CAR_ARI,2019,REG,3,2019-09-22,Sunday,16:05,CAR,38,ARI,20,Home,0,2.5,10,7,0
2019_03_NYG_TB,2019,REG,3,2019-09-22,Sunday,16:05,NYG,32,TB,31,Home,0,5,7,10,0
2019_03_HOU_LAC,2019,REG,3,2019-09-22,Sunday,16:25,HOU,27,LAC,20,Home,0,3,7,7,0
2019_03_NO_SEA,2019,REG,3,2019-09-22,Sunday,16:25,NO,33,SEA,27,Home,0,5,7,7,0
2019_03_PIT_SF,2019,REG,3,2019-09-22,Sunday,16:25,PIT,20,SF,24,Home,0,6,7,7,0
2019_03_LA_CLE,2019,REG,3,2019-09-22,Sunday,20:20,LA,20,CLE,13,Home,0,-4,7,6,0
2019_03_CHI_WAS,2019,REG,3,2019-09-23,Monday,20:15,CHI,31,WAS,15,Home,0,-5,8,8,0
2019_04_PHI_GB,2019,REG,4,2019-09-26,Thursday,20:20,PHI,34,GB,27,Home,0,3.5,4,4,0
2019_04_TEN_ATL,2019,REG,4,2019-09-29,Sunday,13:00,TEN,24,ATL,10,Home,0,3.5,10,7,0
2019_04_CLE_BAL,2019,REG,4,2019-09-29,Sunday,13:00,CLE,40,BAL,25,Home,0,7.5,7,7,1
2019_04_NE_BUF,2019,REG,4,2019-09-29,Sunday,13:00,NE,16,BUF,10,Home,0,-7,7,7,1
2019_04_KC_DET,2019,REG,4,2019-09-29,Sunday,13:00,KC,34,DET,30,Home,0,-7.5,7,7,0
2019_04_CAR_HOU,2019,REG,4,2019-09-29,Sunday,13:00,CAR,16,HOU,10,Home,0,5.5,7,7,0
2019_04_OAK_IND,2019,REG,4,2019-09-29,Sunday,13:00,OAK,31,IND,24,Home,0,5.5,7,7,0
2019_04_LAC_MIA,2019,REG,4,2019-09-29,Sunday,13:00,LAC,30,MIA,10,Home,0,-15,7,7,0
2019_04_WAS_NYG,2019,REG,4,2019-09-29,Sunday,13:00,WAS,3,NYG,24,Home,0,3,6,7,1
2019_04_SEA_ARI,2019,REG,4,2019-09-29,Sunday,16:05,SEA,27,ARI,10,Home,0,-5.5,7,7,1
2019_04_TB_LA,2019,REG,4,2019-09-29,Sunday,16:05,TB,55,LA,40,Home,0,9,7,7,0
2019_04_MIN_CHI,2019,REG,4,2019-09-29,Sunday,16:25,MIN,6,CHI,16,Home,0,-1,7,6,1
2019_04_JAX_DEN,2019,REG,4,2019-09-29,Sunday,16:25,JAX,26,DEN,24,Home,0,2.5,10,7,0
2019_04_DAL_NO,2019,REG,4,2019-09-29,Sunday,20:20,DAL,10,NO,12,Home,0,-2.5,7,7,0
2019_04_CIN_PIT,2019,REG,4,2019-09-30,Monday,20:15,CIN,3,PIT,27,Home,0,3.5,8,8,1
2019_05_LA_SEA,2019,REG,5,2019-10-03,Thursday,20:20,LA,29,SEA,30,Home,0,1.5,4,4,1
2019_05_JAX_CAR,2019,REG,5,2019-10-06,Sunday,13:00,JAX,27,CAR,34,Home,0,3,7,7,0
2019_05_ARI_CIN,2019,REG,5,2019-10-06,Sunday,13:00,ARI,26,CIN,23,Home,0,3,7,6,0
2019_05_ATL_HOU,2019,REG,5,2019-10-06,Sunday,13:00,ATL,32,HOU,53,Home,0,4,7,7,0
2019_05_TB_NO,2019,REG,5,2019-10-06,Sunday,13:00,TB,24,NO,31,Home,0,3,7,7,1
2019_05_MIN_NYG,2019,REG,5,2019-10-06,Sunday,13:00,MIN,28,NYG,10,Home,0,-5.5,7,7,0
2019_05_CHI_OAK,2019,REG,5,2019-10-06,Sunday,13:00,CHI,21,OAK,24,Neutral,0,-6.5,7,7,0
2019_05_NYJ_PHI,2019,REG,5,2019-10-06,Sunday,13:00,NYJ,6,PHI,31,Home,0,14,14,10,0
2019_05_BAL_PIT,2019,REG,5,2019-10-06,Sunday,13:00,BAL,26,PIT,23,Home,1,-3.5,7,6,1
2019_05_BUF_TEN,2019,REG,5,2019-10-06,Sunday,13:00,BUF,14,TEN,7,Home,0,3.5,7,7,0
2019_05_NE_WAS,2019,REG,5,2019-10-06,Sunday,13:00,NE,33,WAS,7,Home,0,-15.5,7,7,0
2019_05_DEN_LAC,2019,REG,5,2019-10-06,Sunday,16:05,DEN,20,LAC,13,Home,0,4,7,7,1
2019_05_GB_DAL,2019,REG,5,2019-10-06,Sunday,16:25,GB,34,DAL,24,Home,0,3.5,10,7,0
2019_05_IND_KC,2019,REG,5,2019-10-06,Sunday,20:20,IND,19,KC,13,Home,0,10.5,7,7,0
2019_05_CLE_SF,2019,REG,5,2019-10-07,Monday,20:15,CLE,3,SF,31,Home,0,5,8,15,0
2019_06_NYG_NE,2019,REG,6,2019-10-10,Thursday,20:20,NYG,14,NE,35,Home,0,16.5,4,4,0
2019_06_CAR_TB,2019,REG,6,2019-10-13,Sunday,09:30,CAR,37,TB,26,Neutral,0,-2,7,7,1
2019_06_CIN_BAL,2019,REG,6,2019-10-13,Sunday,13:00,CIN,17,BAL,23,Home,0,10.5,7,7,1
2019_06_SEA_CLE,2019,REG,6,2019-10-13,Sunday,13:00,SEA,32,CLE,28,Home,0,1,10,6,0
2019_06_NO_JAX,2019,REG,6,2019-10-13,Sunday,13:00,NO,13,JAX,6,Home,0,2.5,7,7,0
2019_06_HOU_KC,2019,REG,6,2019-10-13,Sunday,13:00,HOU,31,KC,24,Home,0,3.5,7,7,0
2019_06_WAS_MIA,2019,REG,6,2019-10-13,Sunday,13:00,WAS,17,MIA,16,Home,0,-6,7,14,0
2019_06_PHI_MIN,2019,REG,6,2019-10-13,Sunday,13:00,PHI,20,MIN,38,Home,0,3.5,7,7,0
2019_06_ATL_ARI,2019,REG,6,2019-10-13,Sunday,16:05,ATL,33,ARI,34,Home,0,-3,7,7,0
2019_06_SF_LA,2019,REG,6,2019-10-13,Sunday,16:05,SF,20,LA,7,Home,0,3,6,10,1
2019_06_TEN_DEN,2019,REG,6,2019-10-13,Sunday,16:25,TEN,0,DEN,16,Home,0,1,7,7,0
2019_06_DAL_NYJ,2019,REG,6,2019-10-13,Sunday,16:25,DAL,22,NYJ,24,Home,0,-7,7,7,0
2019_06_PIT_LAC,2019,REG,6,2019-10-13,Sunday,20:20,PIT,24,LAC,17,Home,0,6,7,7,0
2019_06_DET_GB,2019,REG,6,2019-10-14,Monday,20:15,DET,22,GB,23,Home,0,3.5,15,8,1
2019_07_KC_DEN,2019,REG,7,2019-10-17,Thursday,20:20,KC,30,DEN,6,Home,0,-3,4,4,1
2019_07_LA_ATL,2019,REG,7,2019-10-20,Sunday,13:00,LA,37,ATL,10,Home,0,-3,7,7,0
2019_07_MIA_BUF,2019,REG,7,2019-10-20,Sunday,13:00,MIA,21,BUF,31,Home,0,17,7,14,1
2019_07_JAX_CIN,2019,REG,7,2019-10-20,Sunday,13:00,JAX,27,CIN,17,Home,0,-4,7,7,0
2019_07_MIN_DET,2019,REG,7,2019-10-20,Sunday,13:00,MIN,42,DET,30,Home,0,-2.5,7,6,1
2019_07_OAK_GB,2019,REG,7,2019-10-20,Sunday,13:00,OAK,24,GB,42,Home,0,5.5,14,6,0
2019_07_HOU_IND,2019,REG,7,2019-10-20,Sunday,13:00,HOU,23,IND,30,Home,0,1.5,7,14,1
2019_07_ARI_NYG,2019,REG,7,2019-10-20,Sunday,13:00,ARI,27,NYG,21,Home,0,3.5,7,10,0
2019_07_SF_WAS,2019,REG,7,2019-10-20,Sunday,13:00,SF,9,WAS,0,Home,0,-10,7,7,0
2019_07_LAC_TEN,2019,REG,7,2019-10-20,Sunday,16:05,LAC,20,TEN,23,Home,0,3,7,7,0
2019_07_NO_CHI,2019,REG,7,2019-10-20,Sunday,16:25,NO,36,CHI,25,Home,0,4,7,14,0
2019_07_BAL_SEA,2019,REG,7,2019-10-20,Sunday,16:25,BAL,30,SEA,16,Home,0,3,7,7,0
2019_07_PHI_DAL,2019,REG,7,2019-10-20,Sunday,20:20,PHI,10,DAL,37,Home,0,3,7,7,1
2019_07_NE_NYJ,2019,REG,7,2019-10-21,Monday,20:15,NE,33,NYJ,0,Home,0,-9.5,11,8,1
2019_08_WAS_MIN,2019,REG,8,2019-10-24,Thursday,20:20,WAS,9,MIN,19,Home,0,16.5,4,4,0
2019_08_SEA_ATL,2019,REG,8,2019-10-27,Sunday,13:00,SEA,27,ATL,20,Home,0,-7.5,7,7,0
2019_08_PHI_BUF,2019,REG,8,2019-10-27,Sunday,13:00,PHI,31,BUF,13,Home,0,1,7,7,0
2019_08_LAC_CHI,2019,REG,8,2019-10-27,Sunday,13:00,LAC,17,CHI,16,Home,0,3.5,7,7,0
2019_08_NYG_DET,2019,REG,8,2019-10-27,Sunday,13:00,NYG,26,DET,31,Home,0,6.5,7,7,0
2019_08_DEN_IND,2019,REG,8,2019-10-27,Sunday,13:00,DEN,13,IND,15,Home,0,6,10,7,0
2019_08_NYJ_JAX,2019,REG,8,2019-10-27,Sunday,13:00,NYJ,15,JAX,29,Home,0,7,6,7,0
2019_08_CIN_LA,2019,REG,8,2019-10-27,Sunday,13:00,CIN,10,LA,24,Neutral,0,12,7,7,0
2019_08_ARI_NO,2019,REG,8,2019-10-27,Sunday,13:00,ARI,9,NO,31,Home,0,12.5,7,7,0
2019_08_TB_TEN,2019,REG,8,2019-10-27,Sunday,13:00,TB,23,TEN,27,Home,0,2,14,7,0
2019_08_CAR_SF,2019,REG,8,2019-10-27,Sunday,16:05,CAR,13,SF,51,Home,0,4.5,14,7,0
2019_08_OAK_HOU,2019,REG,8,2019-10-27,Sunday,16:25,OAK,24,HOU,27,Home,0,5,7,7,0
2019_08_CLE_NE,2019,REG,8,2019-10-27,Sunday,16:25,CLE,13,NE,27,Home,0,9.5,14,6,0
2019_08_GB_KC,2019,REG,8,2019-10-27,Sunday,20:20,GB,31,KC,24,Home,0,-5,7,10,0
2019_08_MIA_PIT,2019,REG,8,2019-10-28,Monday,20:15,MIA,14,PIT,27,Home,0,14,8,15,0
2019_09_SF_ARI,2019,REG,9,2019-10-31,Thursday,20:20,SF,28,ARI,25,Home,0,-10.5,4,4,1
2019_09_HOU_JAX,2019,REG,9,2019-11-03,Sunday,09:30,HOU,26,JAX,3,Neutral,0,1,7,7,1
2019_09_WAS_BUF,2019,REG,9,2019-11-03,Sunday,13:00,WAS,9,BUF,24,Home,0,10.5,10,7,0
2019_09_TEN_CAR,2019,REG,9,2019-11-03,Sunday,13:00,TEN,20,CAR,30,Home,0,3.5,7,7,0
2019_09_MIN_KC,2019,REG,9,2019-11-03,Sunday,13:00,MIN,23,KC,26,Home,0,-5.5,10,7,0
2019_09_NYJ_MIA,2019,REG,9,2019-11-03,Sunday,13:00,NYJ,18,MIA,26,Home,0,-3.5,7,6,1
2019_09_CHI_PHI,2019,REG,9,2019-11-03,Sunday,13:00,CHI,14,PHI,22,Home,0,5,7,7,0
2019_09_IND_PIT,2019,REG,9,2019-11-03,Sunday,13:00,IND,24,PIT,26,Home,0,1,7,6,0
2019_09_DET_OAK,2019,REG,9,2019-11-03,Sunday,16:05,DET,24,OAK,31,Home,0,2.5,7,7,0
2019_09_TB_SEA,2019,REG,9,2019-11-03,Sunday,16:05,TB,34,SEA,40,Home,1,4,7,7,0
2019_09_CLE_DEN,2019,REG,9,2019-11-03,Sunday,16:25,CLE,19,DEN,24,Home,0,-4,7,7,0
2019_09_GB_LAC,2019,REG,9,2019-11-03,Sunday,16:25,GB,11,LAC,26,Home,0,-4,7,7,0
2019_09_NE_BAL,2019,REG,9,2019-11-03,Sunday,20:20,NE,20,BAL,37,Home,0,-3,7,14,0
2019_09_DAL_NYG,2019,REG,9,2019-11-04,Monday,20:15,DAL,37,NYG,18,Home,0,-6.5,15,8,1
2019_10_LAC_OAK,2019,REG,10,2019-11-07,Thursday,20:20,LAC,24,OAK,26,Home,0,-1,4,4,1
2019_10_DET_CHI,2019,REG,10,2019-11-10,Sunday,13:00,DET,13,CHI,20,Home,0,6,7,7,1
2019_10_BAL_CIN,2019,REG,10,2019-11-10,Sunday,13:00,BAL,49,CIN,13,Home,0,-10.5,7,14,1
2019_10_BUF_CLE,2019,REG,10,2019-11-10,Sunday,13:00,BUF,16,CLE,19,Home,0,3,7,7,0
2019_10_ATL_NO,2019,REG,10,2019-11-10,Sunday,13:00,ATL,26,NO,9,Home,0,14,14,14,1
2019_10_NYG_NYJ,2019,REG,10,2019-11-10,Sunday,13:00,NYG,27,NYJ,34,Home,0,-3,6,7,0
2019_10_ARI_TB,2019,REG,10,2019-11-10,Sunday,13:00,ARI,27,TB,30,Home,0,5.5,10,7,0
2019_10_KC_TEN,2019,REG,10,2019-11-10,Sunday,13:00,KC,32,TEN,35,Home,0,-5,7,7,0
2019_10_MIA_IND,2019,REG,10,2019-11-10,Sunday,16:05,MIA,16,IND,12,Home,0,11,7,7,0
2019_10_CAR_GB,2019,REG,10,2019-11-10,Sunday,16:25,CAR,16,GB,24,Home,0,5,7,7,0
2019_10_LA_PIT,2019,REG,10,2019-11-10,Sunday,16:25,LA,12,PIT,17,Home,0,-4,14,7,0
2019_10_MIN_DAL,2019,REG,10,2019-11-10,Sunday,20:20,MIN,28,DAL,24,Home,0,3.5,7,6,0
2019_10_SEA_SF,2019,REG,10,2019-11-11,Monday,20:15,SEA,27,SF,24,Home,1,6.5,8,11,1
2019_11_PIT_CLE,2019,REG,11,2019-11-14,Thursday,20:20,PIT,7,CLE,21,Home,0,3,4,4,1
2019_11_HOU_BAL,2019,REG,11,2019-11-17,Sunday,13:00,HOU,7,BAL,41,Home,0,4,14,7,0
2019_11_ATL_CAR,2019,REG,11,2019-11-17,Sunday,13:00,ATL,29,CAR,3,Home,0,3.5,7,7,1
2019_11_DAL_DET,2019,REG,11,2019-11-17,Sunday,13:00,DAL,35,DET,27,Home,0,-7.5,7,7,0
2019_11_JAX_IND,2019,REG,11,2019-11-17,Sunday,13:00,JAX,13,IND,33,Home,0,2.5,14,7,1
2019_11_BUF_MIA,2019,REG,11,2019-11-17,Sunday,13:00,BUF,37,MIA,20,Home,0,-7,7,7,1
2019_11_DEN_MIN,2019,REG,11,2019-11-17,Sunday,13:00,DEN,23,MIN,27,Home,0,10,14,7,0
2019_11_NO_TB,2019,REG,11,2019-11-17,Sunday,13:00,NO,34,TB,17,Home,0,-5,7,7,1
2019_11_NYJ_WAS,2019,REG,11,2019-11-17,Sunday,13:00,NYJ,34,WAS,17,Home,0,1,7,14,0
2019_11_ARI_SF,2019,REG,11,2019-11-17,Sunday,16:05,ARI,26,SF,36,Home,0,10,7,6,1
2019_11_CIN_OAK,2019,REG,11,2019-11-17,Sunday,16:25,CIN,10,OAK,17,Home,0,13,7,10,0
2019_11_NE_PHI,2019,REG,11,2019-11-17,Sunday,16:25,NE,17,PHI,10,Home,0,-4.5,14,14,0
2019_11_CHI_LA,2019,REG,11,2019-11-17,Sunday,20:20,CHI,7,LA,17,Home,0,5,7,7,0
2019_11_KC_LAC,2019,REG,11,2019-11-18,Monday,20:15,KC,24,LAC,17,Neutral,0,-5.5,8,11,1
2019_12_IND_HOU,2019,REG,12,2019-11-21,Thursday,20:20,IND,17,HOU,20,Home,0,3.5,4,4,1
2019_12_TB_ATL,2019,REG,12,2019-11-24,Sunday,13:00,TB,35,ATL,22,Home,0,3.5,7,7,1
2019_12_DEN_BUF,2019,REG,12,2019-11-24,Sunday,13:00,DEN,3,BUF,20,Home,0,3.5,7,7,0
2019_12_NYG_CHI,2019,REG,12,2019-11-24,Sunday,13:00,NYG,14,CHI,19,Home,0,6,14,7,0
2019_12_PIT_CIN,2019,REG,12,2019-11-24,Sunday,13:00,PIT,16,CIN,10,Home,0,-5.5,10,7,1
2019_12_MIA_CLE,2019,REG,12,2019-11-24,Sunday,13:00,MIA,24,CLE,41,Home,0,11,7,10,0
2019_12_CAR_NO,2019,REG,12,2019-11-24,Sunday,13:00,CAR,31,NO,34,Home,0,10,7,7,1
2019_12_OAK_NYJ,2019,REG,12,2019-11-24,Sunday,13:00,OAK,3,NYJ,34,Home,0,-3.5,7,7,0
2019_12_SEA_PHI,2019,REG,12,2019-11-24,Sunday,13:00,SEA,17,PHI,9,Home,0,-1,13,7,0
2019_12_DET_WAS,2019,REG,12,2019-11-24,Sunday,13:00,DET,16,WAS,19,Home,0,-4,7,7,0
2019_12_JAX_TEN,2019,REG,12,2019-11-24,Sunday,16:05,JAX,20,TEN,42,Home,0,4.5,7,14,1
2019_12_DAL_NE,2019,REG,12,2019-11-24,Sunday,16:25,DAL,9,NE,13,Home,0,5.5,7,7,0
2019_12_GB_SF,2019,REG,12,2019-11-24,Sunday,20:20,GB,8,SF,37,Home,0,3,14,7,0
2019_12_BAL_LA,2019,REG,12,2019-11-25,Monday,20:15,BAL,45,LA,6,Home,0,-3.5,8,8,0
2019_13_CHI_DET,2019,REG,13,2019-11-28,Thursday,12:30,CHI,24,DET,20,Home,0,-5.5,4,4,1
2019_13_BUF_DAL,2019,REG,13,2019-11-28,Thursday,16:30,BUF,26,DAL,15,Home,0,6.5,4,4,0
2019_13_NO_ATL,2019,REG,13,2019-11-28,Thursday,20:20,NO,26,ATL,18,Home,0,-7,4,4,1
2019_13_SF_BAL,2019,REG,13,2019-12-01,Sunday,13:00,SF,17,BAL,20,Home,0,5.5,7,6,0
2019_13_WAS_CAR,2019,REG,13,2019-12-01,Sunday,13:00,WAS,29,CAR,21,Home,0,10.5,7,7,0
2019_13_NYJ_CIN,2019,REG,13,2019-12-01,Sunday,13:00,NYJ,6,CIN,22,Home,0,-2.5,7,7,0
2019_13_TEN_IND,2019,REG,13,2019-12-01,Sunday,13:00,TEN,31,IND,17,Home,0,-1,7,10,1
2019_13_TB_JAX,2019,REG,13,2019-12-01,Sunday,13:00,TB,28,JAX,11,Home,0,-3,7,7,0
2019_13_PHI_MIA,2019,REG,13,2019-12-01,Sunday,13:00,PHI,31,MIA,37,Home,0,-10.5,7,7,0
2019_13_GB_NYG,2019,REG,13,2019-12-01,Sunday,13:00,GB,31,NYG,13,Home,0,-6.5,7,7,0
2019_13_CLE_PIT,2019,REG,13,2019-12-01,Sunday,13:00,CLE,13,PIT,20,Home,0,-1,7,7,1
2019_13_LA_ARI,2019,REG,13,2019-12-01,Sunday,16:05,LA,34,ARI,7,Home,0,-2.5,6,14,1
2019_13_LAC_DEN,2019,REG,13,2019-12-01,Sunday,16:25,LAC,20,DEN,23,Home,0,-4.5,13,7,1
2019_13_OAK_KC,2019,REG,13,2019-12-01,Sunday,16:25,OAK,9,KC,40,Home,0,11.5,7,13,1
2019_13_NE_HOU,2019,REG,13,2019-12-01,Sunday,20:20,NE,22,HOU,28,Home,0,-3.5,7,10,0
2019_13_MIN_SEA,2019,REG,13,2019-12-02,Monday,20:15,MIN,30,SEA,37,Home,0,2.5,15,8,0
2019_14_DAL_CHI,2019,REG,14,2019-12-05,Thursday,20:20,DAL,24,CHI,31,Home,0,-3,7,7,0
2019_14_CAR_ATL,2019,REG,14,2019-12-08,Sunday,13:00,CAR,20,ATL,40,Home,0,3.5,7,10,1
2019_14_BAL_BUF,2019,REG,14,2019-12-08,Sunday,13:00,BAL,24,BUF,17,Home,0,-6.5,7,10,0
2019_14_CIN_CLE,2019,REG,14,2019-12-08,Sunday,13:00,CIN,19,CLE,27,Home,0,6.5,7,7,1
2019_14_WAS_GB,2019,REG,14,2019-12-08,Sunday,13:00,WAS,15,GB,20,Home,0,13,7,7,0
2019_14_DEN_HOU,2019,REG,14,2019-12-08,Sunday,13:00,DEN,38,HOU,24,Home,0,8,7,7,0
2019_14_DET_MIN,2019,REG,14,2019-12-08,Sunday,13:00,DET,7,MIN,20,Home,0,12,10,6,1
2019_14_SF_NO,2019,REG,14,2019-12-08,Sunday,13:00,SF,48,NO,46,Home,0,1,7,10,0
2019_14_MIA_NYJ,2019,REG,14,2019-12-08,Sunday,13:00,MIA,21,NYJ,22,Home,0,5,7,7,1
2019_14_IND_TB,2019,REG,14,2019-12-08,Sunday,13:00,IND,35,TB,38,Home,0,3,7,7,0
2019_14_LAC_JAX,2019,REG,14,2019-12-08,Sunday,16:05,LAC,45,JAX,10,Home,0,-3.5,7,7,0
2019_14_PIT_ARI,2019,REG,14,2019-12-08,Sunday,16:25,PIT,23,ARI,17,Home,0,-2.5,7,7,0
2019_14_KC_NE,2019,REG,14,2019-12-08,Sunday,16:25,KC,23,NE,16,Home,0,3,7,7,0
2019_14_TEN_OAK,2019,REG,14,2019-12-08,Sunday,16:25,TEN,42,OAK,21,Home,0,-3,7,7,0
2019_14_SEA_LA,2019,REG,14,2019-12-08,Sunday,20:20,SEA,12,LA,28,Home,0,1,6,7,1
2019_14_NYG_PHI,2019,REG,14,2019-12-09,Monday,20:15,NYG,17,PHI,23,Home,1,9.5,8,8,1
2019_15_NYJ_BAL,2019,REG,15,2019-12-12,Thursday,20:20,NYJ,21,BAL,42,Home,0,17,4,4,0
2019_15_SEA_CAR,2019,REG,15,2019-12-15,Sunday,13:00,SEA,30,CAR,24,Home,0,-6,7,7,0
2019_15_NE_CIN,2019,REG,15,2019-12-15,Sunday,13:00,NE,34,CIN,13,Home,0,-10.5,7,7,0
2019_15_TB_DET,2019,REG,15,2019-12-15,Sunday,13:00,TB,38,DET,17,Home,0,-5.5,7,7,0
2019_15_CHI_GB,2019,REG,15,2019-12-15,Sunday,13:00,CHI,13,GB,21,Home,0,4,10,7,1
2019_15_DEN_KC,2019,REG,15,2019-12-15,Sunday,13:00,DEN,3,KC,23,Home,0,10,7,7,1
2019_15_MIA_NYG,2019,REG,15,2019-12-15,Sunday,13:00,MIA,20,NYG,36,Home,0,3.5,7,6,0
2019_15_HOU_TEN,2019,REG,15,2019-12-15,Sunday,13:00,HOU,24,TEN,21,Home,0,3,7,7,1
2019_15_PHI_WAS,2019,REG,15,2019-12-15,Sunday,13:00,PHI,37,WAS,27,Home,0,-7,6,7,1
2019_15_CLE_ARI,2019,REG,15,2019-12-15,Sunday,16:05,CLE,24,ARI,38,Home,0,-3,7,7,0
2019_15_MIN_LAC,2019,REG,15,2019-12-15,Sunday,16:05,MIN,39,LAC,10,Home,0,-1,7,7,0
2019_15_JAX_OAK,2019,REG,15,2019-12-15,Sunday,16:05,JAX,20,OAK,16,Home,0,7,7,7,0
2019_15_LA_DAL,2019,REG,15,2019-12-15,Sunday,16:25,LA,21,DAL,44,Home,0,-1,7,10,0
2019_15_ATL_SF,2019,REG,15,2019-12-15,Sunday,16:25,ATL,29,SF,22,Home,0,10.5,7,7,0
2019_15_BUF_PIT,2019,REG,15,2019-12-15,Sunday,20:20,BUF,17,PIT,10,Home,0,1,7,7,0
2019_15_IND_NO,2019,REG,15,2019-12-16,Monday,20:15,IND,7,NO,34,Home,0,8,8,8,0
2019_16_HOU_TB,2019,REG,16,2019-12-21,Saturday,13:00,HOU,23,TB,20,Home,0,-3,7,7,0
2019_16_BUF_NE,2019,REG,16,2019-12-21,Saturday,16:30,BUF,17,NE,24,Home,0,7,7,7,1
2019_16_LA_SF,2019,REG,16,2019-12-21,Saturday,20:15,LA,31,SF,34,Home,0,7,7,7,1
2019_16_JAX_ATL,2019,REG,16,2019-12-22,Sunday,13:00,JAX,12,ATL,24,Home,0,7.5,7,7,0
2019_16_BAL_CLE,2019,REG,16,2019-12-22,Sunday,13:00,BAL,31,CLE,15,Home,0,-9.5,10,7,1
2019_16_CAR_IND,2019,REG,16,2019-12-22,Sunday,13:00,CAR,6,IND,38,Home,0,7.5,7,6,0
2019_16_CIN_MIA,2019,REG,16,2019-12-22,Sunday,13:00,CIN,35,MIA,38,Home,1,-1.5,7,7,0
2019_16_PIT_NYJ,2019,REG,16,2019-12-22,Sunday,13:00,PIT,10,NYJ,16,Home,0,-3,7,10,0
2019_16_NO_TEN,2019,REG,16,2019-12-22,Sunday,13:00,NO,38,TEN,28,Home,0,-3.5,6,7,0
2019_16_NYG_WAS,2019,REG,16,2019-12-22,Sunday,13:00,NYG,41,WAS,35,Home,1,-1,7,7,1
2019_16_DET_DEN,2019,REG,16,2019-12-22,Sunday,16:05,DET,17,DEN,27,Home,0,9.5,7,7,0
2019_16_OAK_LAC,2019,REG,16,2019-12-22,Sunday,16:05,OAK,24,LAC,17,Home,0,7.5,7,7,1
2019_16_DAL_PHI,2019,REG,16,2019-12-22,Sunday,16:25,DAL,9,PHI,17,Home,0,-2,7,7,1
2019_16_ARI_SEA,2019,REG,16,2019-12-22,Sunday,16:25,ARI,27,SEA,13,Home,0,8,7,7,1
2019_16_KC_CHI,2019,REG,16,2019-12-22,Sunday,20:20,KC,26,CHI,3,Home,0,-6.5,7,7,0
2019_16_GB_MIN,2019,REG,16,2019-12-23,Monday,20:15,GB,23,MIN,10,Home,0,4,8,8,1
2019_17_NYJ_BUF,2019,REG,17,2019-12-29,Sunday,13:00,NYJ,13,BUF,6,Home,0,-1.5,7,7,1
2019_17_NO_CAR,2019,REG,17,2019-12-29,Sunday,13:00,NO,42,CAR,10,Home,0,-13.5,7,7,1
2019_17_CLE_CIN,2019,REG,17,2019-12-29,Sunday,13:00,CLE,23,CIN,33,Home,0,-2.5,7,7,1
2019_17_GB_DET,2019,REG,17,2019-12-29,Sunday,13:00,GB,23,DET,20,Home,0,-13.5,6,7,1
2019_17_LAC_KC,2019,REG,17,2019-12-29,Sunday,13:00,LAC,21,KC,31,Home,0,10,7,7,1
2019_17_CHI_MIN,2019,REG,17,2019-12-29,Sunday,13:00,CHI,21,MIN,19,Home,0,-5.5,7,6,1
2019_17_MIA_NE,2019,REG,17,2019-12-29,Sunday,13:00,MIA,27,NE,24,Home,0,17.5,7,7,1
2019_17_ATL_TB,2019,REG,17,2019-12-29,Sunday,13:00,ATL,28,TB,22,Home,1,1,7,7,1
2019_17_PIT_BAL,2019,REG,17,2019-12-29,Sunday,16:25,PIT,10,BAL,28,Home,0,-2,7,7,1
2019_17_WAS_DAL,2019,REG,17,2019-12-29,Sunday,16:25,WAS,16,DAL,47,Home,0,13,7,7,1
2019_17_OAK_DEN,2019,REG,17,2019-12-29,Sunday,16:25,OAK,15,DEN,16,Home,0,5.5,7,7,1
2019_17_TEN_HOU,2019,REG,17,2019-12-29,Sunday,16:25,TEN,35,HOU,14,Home,0,-10,7,7,1
2019_17_IND_JAX,2019,REG,17,2019-12-29,Sunday,16:25,IND,20,JAX,38,Home,0,-5,7,7,1
2019_17_ARI_LA,2019,REG,17,2019-12-29,Sunday,16:25,ARI,24,LA,31,Home,0,7,7,7,1
2019_17_PHI_NYG,2019,REG,17,2019-12-29,Sunday,16:25,PHI,34,NYG,17,Home,0,-4,7,7,1
2019_17_SF_SEA,2019,REG,17,2019-12-29,Sunday,20:20,SF,26,SEA,21,Home,0,-3.5,7,7,1
2019_18_BUF_HOU,2019,WC,18,2020-01-04,Saturday,16:35,BUF,19,HOU,22,Home,1,2.5,6,6,0
2019_18_TEN_NE,2019,WC,18,2020-01-04,Saturday,20:15,TEN,20,NE,13,Home,0,4.5,6,6,0
2019_18_MIN_NO,2019,WC,18,2020-01-05,Sunday,13:05,MIN,26,NO,20,Home,1,7.5,7,7,0
2019_18_SEA_PHI,2019,WC,18,2020-01-05,Sunday,16:40,SEA,17,PHI,9,Home,0,1,7,7,0
2019_19_MIN_SF,2019,DIV,19,2020-01-11,Saturday,16:35,MIN,10,SF,27,Home,0,7,6,13,0
2019_19_TEN_BAL,2019,DIV,19,2020-01-11,Saturday,20:15,TEN,28,BAL,12,Home,0,10,7,13,0
2019_19_HOU_KC,2019,DIV,19,2020-01-12,Sunday,15:05,HOU,31,KC,51,Home,0,10,8,14,0
2019_19_SEA_GB,2019,DIV,19,2020-01-12,Sunday,18:40,SEA,23,GB,28,Home,0,4.5,7,14,0
2019_20_TEN_KC,2019,CON,20,2020-01-19,Sunday,15:05,TEN,24,KC,35,Home,0,7.5,8,7,0
2019_20_GB_SF,2019,CON,20,2020-01-19,Sunday,18:40,GB,20,SF,37,Home,0,8,7,8,0
2019_21_SF_KC,2019,SB,21,2020-02-02,Sunday,18:30,SF,20,KC,31,Neutral,0,1.5,14,14,0
2020_01_HOU_KC,2020,REG,1,2020-09-10,Thursday,20:20,HOU,20,KC,34,Home,0,9.5,7,7,0
2020_01_SEA_ATL,2020,REG,1,2020-09-13,Sunday,13:00,SEA,38,ATL,25,Home,0,1,7,7,0
2020_01_CLE_BAL,2020,REG,1,2020-09-13,Sunday,13:00,CLE,6,BAL,38,Home,0,7,7,7,1
2020_01_NYJ_BUF,2020,REG,1,2020-09-13,Sunday,13:00,NYJ,17,BUF,27,Home,0,6.5,7,7,1
2020_01_LV_CAR,2020,REG,1,2020-09-13,Sunday,13:00,LV,34,CAR,30,Home,0,-3,7,7,0
2020_01_CHI_DET,2020,REG,1,2020-09-13,Sunday,13:00,CHI,27,DET,23,Home,0,2.5,7,7,1
2020_01_IND_JAX,2020,REG,1,2020-09-13,Sunday,13:00,IND,20,JAX,27,Home,0,-7,7,7,1
2020_01_GB_MIN,2020,REG,1,2020-09-13,Sunday,13:00,GB,43,MIN,34,Home,0,1,7,7,1
2020_01_MIA_NE,2020,REG,1,2020-09-13,Sunday,13:00,MIA,11,NE,21,Home,0,7.5,7,7,1
2020_01_PHI_WAS,2020,REG,1,2020-09-13,Sunday,13:00,PHI,17,WAS,27,Home,0,-5.5,7,7,1
2020_01_LAC_CIN,2020,REG,1,2020-09-13,Sunday,16:05,LAC,16,CIN,13,Home,0,-2.5,7,7,0
2020_01_TB_NO,2020,REG,1,2020-09-13,Sunday,16:25,TB,23,NO,34,Home,0,4,7,7,1
2020_01_ARI_SF,2020,REG,1,2020-09-13,Sunday,16:25,ARI,24,SF,20,Home,0,7,7,7,1
2020_01_DAL_LA,2020,REG,1,2020-09-13,Sunday,20:20,DAL,17,LA,20,Home,0,1,7,7,0
2020_01_PIT_NYG,2020,REG,1,2020-09-14,Monday,19:15,PIT,26,NYG,16,Home,0,-6,7,7,0
2020_01_TEN_DEN,2020,REG,1,2020-09-14,Monday,22:10,TEN,16,DEN,14,Home,0,-3,7,7,0
2020_02_CIN_CLE,2020,REG,2,2020-09-17,Thursday,20:20,CIN,30,CLE,35,Home,0,6,4,4,1
2020_02_NYG_CHI,2020,REG,2,2020-09-20,Sunday,13:00,NYG,13,CHI,17,Home,0,4.5,6,7,0
2020_02_ATL_DAL,2020,REG,2,2020-09-20,Sunday,13:00,ATL,39,DAL,40,Home,0,3,7,7,0
2020_02_DET_GB,2020,REG,2,2020-09-20,Sunday,13:00,DET,21,GB,42,Home,0,7,7,7,1
2020_02_MIN_IND,2020,REG,2,2020-09-20,Sunday,13:00,MIN,11,IND,28,Home,0,3.5,7,7,0
2020_02_BUF_MIA,2020,REG,2,2020-09-20,Sunday,13:00,BUF,31,MIA,28,Home,0,-5.5,7,7,1
2020_02_SF_NYJ,2020,REG,2,2020-09-20,Sunday,13:00,SF,31,NYJ,13,Home,0,-7,7,7,0
2020_02_LA_PHI,2020,REG,2,2020-09-20,Sunday,13:00,LA,37,PHI,19,Home,0,2,7,7,0
2020_02_DEN_PIT,2020,REG,2,2020-09-20,Sunday,13:00,DEN,21,PIT,26,Home,0,6,6,6,0
2020_02_CAR_TB,2020,REG,2,2020-09-20,Sunday,13:00,CAR,17,TB,31,Home,0,7.5,7,7,1
2020_02_JAX_TEN,2020,REG,2,2020-09-20,Sunday,13:00,JAX,30,TEN,33,Home,0,7,7,6,1
2020_02_WAS_ARI,2020,REG,2,2020-09-20,Sunday,16:05,WAS,15,ARI,30,Home,0,7.5,7,7,0
2020_02_BAL_HOU,2020,REG,2,2020-09-20,Sunday,16:25,BAL,33,HOU,16,Home,0,-7.5,7,10,0
2020_02_KC_LAC,2020,REG,2,2020-09-20,Sunday,16:25,KC,23,LAC,20,Home,1,-8.5,10,7,1
2020_02_NE_SEA,2020,REG,2,2020-09-20,Sunday,20:20,NE,30,SEA,35,Home,0,4,7,7,0
2020_02_NO_LV,2020,REG,2,2020-09-21,Monday,20:15,NO,24,LV,34,Home,0,-4,8,8,0
2020_03_MIA_JAX,2020,REG,3,2020-09-24,Thursday,20:20,MIA,31,JAX,13,Home,0,3,4,4,0
2020_03_CHI_ATL,2020,REG,3,2020-09-27,Sunday,13:00,CHI,30,ATL,26,Home,0,2.5,7,7,0
2020_03_LA_BUF,2020,REG,3,2020-09-27,Sunday,13:00,LA,32,BUF,35,Home,0,1.5,7,7,0
2020_03_WAS_CLE,2020,REG,3,2020-09-27,Sunday,13:00,WAS,20,CLE,34,Home,0,7.5,7,10,0
2020_03_TEN_MIN,2020,REG,3,2020-09-27,Sunday,13:00,TEN,31,MIN,30,Home,0,-3,7,7,0
2020_03_LV_NE,2020,REG,3,2020-09-27,Sunday,13:00,LV,20,NE,36,Home,0,7,6,7,0
2020_03_SF_NYG,2020,REG,3,2020-09-27,Sunday,13:00,SF,36,NYG,9,Home,0,-3,7,7,0
2020_03_CIN_PHI,2020,REG,3,2020-09-27,Sunday,13:00,CIN,23,PHI,23,Home,1,5.5,10,7,0
2020_03_HOU_PIT,2020,REG,3,2020-09-27,Sunday,13:00,HOU,21,PIT,28,Home,0,4,7,7,0
2020_03_NYJ_IND,2020,REG,3,2020-09-27,Sunday,16:05,NYJ,7,IND,36,Home,0,12.5,7,7,0
2020_03_CAR_LAC,2020,REG,3,2020-09-27,Sunday,16:05,CAR,21,LAC,16,Home,0,6,7,7,0
2020_03_DET_ARI,2020,REG,3,2020-09-27,Sunday,16:25,DET,26,ARI,23,Home,0,4.5,7,7,0
2020_03_TB_DEN,2020,REG,3,2020-09-27,Sunday,16:25,TB,28,DEN,10,Home,0,-6,7,7,0
2020_03_DAL_SEA,2020,REG,3,2020-09-27,Sunday,16:25,DAL,31,SEA,38,Home,0,5.5,7,7,0
2020_03_GB_NO,2020,REG,3,2020-09-27,Sunday,20:20,GB,37,NO,30,Home,0,3.5,7,6,0
2020_03_KC_BAL,2020,REG,3,2020-09-28,Monday,20:15,KC,34,BAL,20,Home,0,3.5,8,8,0
2020_04_DEN_NYJ,2020,REG,4,2020-10-01,Thursday,20:20,DEN,37,NYJ,28,Home,0,1,4,4,0
2020_04_ARI_CAR,2020,REG,4,2020-10-04,Sunday,13:00,ARI,21,CAR,31,Home,0,-3,7,7,0
2020_04_JAX_CIN,2020,REG,4,2020-10-04,Sunday,13:00,JAX,25,CIN,33,Home,0,1,10,7,0
2020_04_CLE_DAL,2020,REG,4,2020-10-04,Sunday,13:00,CLE,49,DAL,38,Home,0,3.5,7,7,0
2020_04_NO_DET,2020,REG,4,2020-10-04,Sunday,13:00,NO,35,DET,29,Home,0,-3,7,7,0
2020_04_MIN_HOU,2020,REG,4,2020-10-04,Sunday,13:00,MIN,31,HOU,23,Home,0,3.5,7,7,0
2020_04_SEA_MIA,2020,REG,4,2020-10-04,Sunday,13:00,SEA,31,MIA,23,Home,0,-4.5,7,10,0
2020_04_LAC_TB,2020,REG,4,2020-10-04,Sunday,13:00,LAC,31,TB,38,Home,0,7.5,7,7,0
2020_04_BAL_WAS,2020,REG,4,2020-10-04,Sunday,13:00,BAL,31,WAS,17,Home,0,-14.5,6,7,0
2020_04_NYG_LA,2020,REG,4,2020-10-04,Sunday,16:05,NYG,9,LA,17,Home,0,13.5,7,7,0
2020_04_IND_CHI,2020,REG,4,2020-10-04,Sunday,16:25,IND,19,CHI,11,Home,0,-3.5,7,7,0
2020_04_BUF_LV,2020,REG,4,2020-10-04,Sunday,16:25,BUF,30,LV,23,Home,0,-3,7,7,0
2020_04_PHI_SF,2020,REG,4,2020-10-04,Sunday,20:20,PHI,25,SF,20,Home,0,8.5,7,7,0
2020_04_NE_KC,2020,REG,4,2020-10-05,Monday,19:05,NE,10,KC,26,Home,0,7,8,7,0
2020_04_ATL_GB,2020,REG,4,2020-10-05,Monday,21:00,ATL,16,GB,30,Home,0,5,8,8,0
2020_05_TB_CHI,2020,REG,5,2020-10-08,Thursday,20:20,TB,19,CHI,20,Home,0,-3.5,4,4,0
2020_05_CAR_ATL,2020,REG,5,2020-10-11,Sunday,13:00,CAR,23,ATL,16,Home,0,2.5,7,6,1
2020_05_CIN_BAL,2020,REG,5,2020-10-11,Sunday,13:00,CIN,3,BAL,27,Home,0,12.5,7,7,1
2020_05_JAX_HOU,2020,REG,5,2020-10-11,Sunday,13:00,JAX,14,HOU,30,Home,0,6.5,7,7,1
2020_05_LV_KC,2020,REG,5,2020-10-11,Sunday,13:00,LV,40,KC,32,Home,0,11,7,6,1
2020_05_ARI_NYJ,2020,REG,5,2020-10-11,Sunday,13:00,ARI,30,NYJ,10,Home,0,-7,7,10,0
2020_05_PHI_PIT,2020,REG,5,2020-10-11,Sunday,13:00,PHI,29,PIT,38,Home,0,7.5,7,14,0
2020_05_LA_WAS,2020,REG,5,2020-10-11,Sunday,13:00,LA,30,WAS,10,Home,0,-7,7,7,0
2020_05_MIA_SF,2020,REG,5,2020-10-11,Sunday,16:05,MIA,43,SF,17,Home,0,8.5,7,7,0
2020_05_IND_CLE,2020,REG,5,2020-10-11,Sunday,16:25,IND,23,CLE,32,Home,0,1,7,7,0
2020_05_NYG_DAL,2020,REG,5,2020-10-11,Sunday,16:25,NYG,34,DAL,37,Home,0,7.5,7,7,1
2020_05_MIN_SEA,2020,REG,5,2020-10-11,Sunday,20:20,MIN,26,SEA,27,Home,0,6.5,7,7,0
2020_05_LAC_NO,2020,REG,5,2020-10-12,Monday,20:15,LAC,27,NO,30,Home,1,7,8,8,0
2020_05_BUF_TEN,2020,REG,5,2020-10-13,Tuesday,19:00,BUF,16,TEN,42,Home,0,-3,9,16,0
2020_06_CHI_CAR,2020,REG,6,2020-10-18,Sunday,13:00,CHI,23,CAR,16,Home,0,2,10,7,0
2020_06_CIN_IND,2020,REG,6,2020-10-18,Sunday,13:00,CIN,27,IND,31,Home,0,7.5,7,7,0
2020_06_DET_JAX,2020,REG,6,2020-10-18,Sunday,13:00,DET,34,JAX,16,Home,0,-3,14,7,0
2020_06_ATL_MIN,2020,REG,6,2020-10-18,Sunday,13:00,ATL,40,MIN,23,Home,0,3.5,7,7,0
2020_06_DEN_NE,2020,REG,6,2020-10-18,Sunday,13:00,DEN,18,NE,12,Home,0,7,17,13,0
2020_06_WAS_NYG,2020,REG,6,2020-10-18,Sunday,13:00,WAS,19,NYG,20,Home,0,2,7,7,1
2020_06_BAL_PHI,2020,REG,6,2020-10-18,Sunday,13:00,BAL,30,PHI,28,Home,0,-10.5,7,7,0
2020_06_CLE_PIT,2020,REG,6,2020-10-18,Sunday,13:00,CLE,7,PIT,38,Home,0,3,7,7,1
2020_06_HOU_TEN,2020,REG,6,2020-10-18,Sunday,13:00,HOU,36,TEN,42,Home,1,4,7,5,1
2020_06_NYJ_MIA,2020,REG,6,2020-10-18,Sunday,16:05,NYJ,0,MIA,24,Home,0,9.5,7,7,1
2020_06_GB_TB,2020,REG,6,2020-10-18,Sunday,16:25,GB,10,TB,38,Home,0,-3,13,10,0
2020_06_LA_SF,2020,REG,6,2020-10-18,Sunday,20:20,LA,16,SF,24,Home,0,-2,7,7,1
2020_06_KC_BUF,2020,REG,6,2020-10-19,Monday,17:00,KC,26,BUF,17,Home,0,-5.5,8,6,0
2020_06_ARI_DAL,2020,REG,6,2020-10-19,Monday,20:15,ARI,38,DAL,10,Home,0,1,8,8,0
2020_07_NYG_PHI,2020,REG,7,2020-10-22,Thursday,20:20,NYG,21,PHI,22,Home,0,5,4,4,1
2020_07_DET_ATL,2020,REG,7,2020-10-25,Sunday,13:00,DET,23,ATL,22,Home,0,1,7,7,0
2020_07_CLE_CIN,2020,REG,7,2020-10-25,Sunday,13:00,CLE,37,CIN,34,Home,0,-4.5,7,7,1
2020_07_GB_HOU,2020,REG,7,2020-10-25,Sunday,13:00,GB,35,HOU,20,Home,0,-2.5,7,7,0
2020_07_CAR_NO,2020,REG,7,2020-10-25,Sunday,13:00,CAR,24,NO,27,Home,0,7,7,13,1
2020_07_BUF_NYJ,2020,REG,7,2020-10-25,Sunday,13:00,BUF,18,NYJ,10,Home,0,-9.5,6,7,1
2020_07_PIT_TEN,2020,REG,7,2020-10-25,Sunday,13:00,PIT,27,TEN,24,Home,0,1,7,7,0
2020_07_DAL_WAS,2020,REG,7,2020-10-25,Sunday,13:00,DAL,3,WAS,25,Home,0,-1,6,7,1
2020_07_TB_LV,2020,REG,7,2020-10-25,Sunday,16:05,TB,45,LV,20,Home,0,-3.5,7,14,0
2020_07_KC_DEN,2020,REG,7,2020-10-25,Sunday,16:25,KC,43,DEN,16,Home,0,-7,6,7,1
2020_07_JAX_LAC,2020,REG,7,2020-10-25,Sunday,16:25,JAX,29,LAC,39,Home,0,8,7,13,0
2020_07_SF_NE,2020,REG,7,2020-10-25,Sunday,16:25,SF,33,NE,6,Home,0,3,7,7,0
2020_07_SEA_ARI,2020,REG,7,2020-10-25,Sunday,20:20,SEA,34,ARI,37,Home,1,-3.5,14,6,1
2020_07_CHI_LA,2020,REG,7,2020-10-26,Monday,20:15,CHI,10,LA,24,Home,0,6.5,8,8,0
2020_08_ATL_CAR,2020,REG,8,2020-10-29,Thursday,20:20,ATL,25,CAR,17,Home,0,1.5,4,4,1
2020_08_PIT_BAL,2020,REG,8,2020-11-01,Sunday,13:00,PIT,28,BAL,24,Home,0,4,7,14,1
2020_08_NE_BUF,2020,REG,8,2020-11-01,Sunday,13:00,NE,21,BUF,24,Home,0,4,7,7,1
2020_08_TEN_CIN,2020,REG,8,2020-11-01,Sunday,13:00,TEN,20,CIN,31,Home,0,-7.5,7,7,0
2020_08_LV_CLE,2020,REG,8,2020-11-01,Sunday,13:00,LV,16,CLE,6,Home,0,1,7,7,0
2020_08_IND_DET,2020,REG,8,2020-11-01,Sunday,13:00,IND,41,DET,21,Home,0,-3.5,14,7,0
2020_08_MIN_GB,2020,REG,8,2020-11-01,Sunday,13:00,MIN,28,GB,22,Home,0,5.5,14,7,1
2020_08_NYJ_KC,2020,REG,8,2020-11-01,Sunday,13:00,NYJ,9,KC,35,Home,0,20,7,7,0
2020_08_LA_MIA,2020,REG,8,2020-11-01,Sunday,13:00,LA,17,MIA,28,Home,0,-3.5,6,14,0
2020_08_LAC_DEN,2020,REG,8,2020-11-01,Sunday,16:05,LAC,30,DEN,31,Home,0,-3,7,7,1
2020_08_NO_CHI,2020,REG,8,2020-11-01,Sunday,16:25,NO,26,CHI,23,Home,1,-5.5,7,6,0
2020_08_SF_SEA,2020,REG,8,2020-11-01,Sunday,16:25,SF,27,SEA,37,Home,0,1,7,7,1
2020_08_DAL_PHI,2020,REG,8,2020-11-01,Sunday,20:20,DAL,9,PHI,23,Home,0,10,7,10,1
2020_08_TB_NYG,2020,REG,8,2020-11-02,Monday,20:15,TB,25,NYG,23,Home,0,-13,8,11,0
2020_09_GB_SF,2020,REG,9,2020-11-05,Thursday,20:20,GB,34,SF,17,Home,0,-6,4,4,0
2020_09_DEN_ATL,2020,REG,9,2020-11-08,Sunday,13:00,DEN,27,ATL,34,Home,0,4.5,7,10,0
2020_09_SEA_BUF,2020,REG,9,2020-11-08,Sunday,13:00,SEA,34,BUF,44,Home,0,-3,7,7,0
2020_09_BAL_IND,2020,REG,9,2020-11-08,Sunday,13:00,BAL,24,IND,10,Home,0,1,7,7,0
2020_09_HOU_JAX,2020,REG,9,2020-11-08,Sunday,13:00,HOU,27,JAX,25,Home,0,-7,14,14,1
2020_09_CAR_KC,2020,REG,9,2020-11-08,Sunday,13:00,CAR,31,KC,33,Home,0,10,10,7,0
2020_09_DET_MIN,2020,REG,9,2020-11-08,Sunday,13:00,DET,20,MIN,34,Home,0,3,7,7,1
2020_09_CHI_TEN,2020,REG,9,2020-11-08,Sunday,13:00,CHI,17,TEN,24,Home,0,6.5,7,7,0
2020_09_NYG_WAS,2020,REG,9,2020-11-08,Sunday,13:00,NYG,23,WAS,20,Home,0,3,6,14,1
2020_09_LV_LAC,2020,REG,9,2020-11-08,Sunday,16:05,LV,31,LAC,26,Home,0,-1,7,7,1
2020_09_MIA_ARI,2020,REG,9,2020-11-08,Sunday,16:25,MIA,34,ARI,31,Home,0,6,7,14,0
2020_09_PIT_DAL,2020,REG,9,2020-11-08,Sunday,16:25,PIT,24,DAL,19,Home,0,-14,7,7,0
2020_09_NO_TB,2020,REG,9,2020-11-08,Sunday,20:20,NO,38,TB,3,Home,0,3,7,6,1
2020_09_NE_NYJ,2020,REG,9,2020-11-09,Monday,20:15,NE,30,NYJ,27,Home,0,-9.5,8,8,1
2020_10_IND_TEN,2020,REG,10,2020-11-12,Thursday,20:20,IND,34,TEN,17,Home,0,-1,4,4,1
2020_10_TB_CAR,2020,REG,10,2020-11-15,Sunday,13:00,TB,46,CAR,23,Home,0,-6,7,7,1
2020_10_HOU_CLE,2020,REG,10,2020-11-15,Sunday,13:00,HOU,7,CLE,10,Home,0,4.5,7,14,0
2020_10_WAS_DET,2020,REG,10,2020-11-15,Sunday,13:00,WAS,27,DET,30,Home,0,2.5,7,7,0
2020_10_JAX_GB,2020,REG,10,2020-11-15,Sunday,13:00,JAX,20,GB,24,Home,0,13.5,7,10,0
2020_10_PHI_NYG,2020,REG,10,2020-11-15,Sunday,13:00,PHI,17,NYG,27,Home,0,-4.5,14,7,1
2020_10_BUF_ARI,2020,REG,10,2020-11-15,Sunday,16:05,BUF,30,ARI,32,Home,0,3,7,7,0
2020_10_DEN_LV,2020,REG,10,2020-11-15,Sunday,16:05,DEN,12,LV,37,Home,0,3.5,7,7,1
2020_10_LAC_MIA,2020,REG,10,2020-11-15,Sunday,16:05,LAC,21,MIA,29,Home,0,1,7,7,0
2020_10_SEA_LA,2020,REG,10,2020-11-15,Sunday,16:25,SEA,16,LA,23,Home,0,3,7,14,1
2020_10_SF_NO,2020,REG,10,2020-11-15,Sunday,16:25,SF,13,NO,27,Home,0,9.5,10,7,0
2020_10_CIN_PIT,2020,REG,10,2020-11-15,Sunday,16:25,CIN,10,PIT,36,Home,0,6.5,14,7,1
2020_10_BAL_NE,2020,REG,10,2020-11-15,Sunday,20:20,BAL,17,NE,23,Home,0,-7,7,6,0
2020_10_MIN_CHI,2020,REG,10,2020-11-16,Monday,20:15,MIN,19,CHI,13,Home,0,-3.5,8,8,1
2020_11_ARI_SEA,2020,REG,11,2020-11-19,Thursday,20:20,ARI,21,SEA,28,Home,0,3,4,4,1
2020_11_TEN_BAL,2020,REG,11,2020-11-22,Sunday,13:00,TEN,30,BAL,24,Home,1,6,10,7,0
2020_11_DET_CAR,2020,REG,11,2020-11-22,Sunday,13:00,DET,0,CAR,20,Home,0,-3,7,7,0
2020_11_PHI_CLE,2020,REG,11,2020-11-22,Sunday,13:00,PHI,17,CLE,22,Home,0,2.5,7,7,0
2020_11_NE_HOU,2020,REG,11,2020-11-22,Sunday,13:00,NE,20,HOU,27,Home,0,-2.5,7,7,0
2020_11_PIT_JAX,2020,REG,11,2020-11-22,Sunday,13:00,PIT,27,JAX,3,Home,0,-11,7,7,0
2020_11_ATL_NO,2020,REG,11,2020-11-22,Sunday,13:00,ATL,9,NO,24,Home,0,3.5,14,7,1
2020_11_CIN_WAS,2020,REG,11,2020-11-22,Sunday,13:00,CIN,9,WAS,20,Home,0,2,7,7,0
2020_11_MIA_DEN,2020,REG,11,2020-11-22,Sunday,16:05,MIA,13,DEN,20,Home,0,-4,7,7,0
2020_11_NYJ_LAC,2020,REG,11,2020-11-22,Sunday,16:05,NYJ,28,LAC,34,Home,0,10,13,7,0
2020_11_GB_IND,2020,REG,11,2020-11-22,Sunday,16:25,GB,31,IND,34,Home,1,1.5,7,10,0
2020_11_DAL_MIN,2020,REG,11,2020-11-22,Sunday,16:25,DAL,31,MIN,28,Home,0,7,14,6,0
2020_11_KC_LV,2020,REG,11,2020-11-22,Sunday,20:20,KC,35,LV,31,Home,0,-7.5,14,7,1
2020_11_LA_TB,2020,REG,11,2020-11-23,Monday,20:15,LA,27,TB,24,Home,0,4,8,8,0
2020_12_HOU_DET,2020,REG,12,2020-11-26,Thursday,12:30,HOU,41,DET,25,Home,0,-3,4,4,0
2020_12_WAS_DAL,2020,REG,12,2020-11-26,Thursday,16:30,WAS,41,DAL,16,Home,0,2.5,4,4,1
2020_12_LV_ATL,2020,REG,12,2020-11-29,Sunday,13:00,LV,6,ATL,43,Home,0,-3.5,7,7,0
2020_12_LAC_BUF,2020,REG,12,2020-11-29,Sunday,13:00,LAC,17,BUF,27,Home,0,4.5,7,14,0
2020_12_NYG_CIN,2020,REG,12,2020-11-29,Sunday,13:00,NYG,19,CIN,17,Home,0,-6.5,14,7,0
2020_12_TEN_IND,2020,REG,12,2020-11-29,Sunday,13:00,TEN,45,IND,26,Home,0,3,7,7,1
2020_12_CLE_JAX,2020,REG,12,2020-11-29,Sunday,13:00,CLE,27,JAX,25,Home,0,-7.5,7,7,0
2020_12_CAR_MIN,2020,REG,12,2020-11-29,Sunday,13:00,CAR,27,MIN,28,Home,0,3,7,7,0
2020_12_ARI_NE,2020,REG,12,2020-11-29,Sunday,13:00,ARI,17,NE,20,Home,0,-1,10,7,0
2020_12_MIA_NYJ,2020,REG,12,2020-11-29,Sunday,13:00,MIA,20,NYJ,3,Home,0,-7.5,7,7,1
2020_12_NO_DEN,2020,REG,12,2020-11-29,Sunday,16:05,NO,31,DEN,3,Home,0,-17,7,7,0
2020_12_SF_LA,2020,REG,12,2020-11-29,Sunday,16:05,SF,23,LA,20,Home,0,5,14,6,1
2020_12_KC_TB,2020,REG,12,2020-11-29,Sunday,16:25,KC,27,TB,24,Home,0,-3.5,7,6,0
2020_12_CHI_GB,2020,REG,12,2020-11-29,Sunday,20:20,CHI,25,GB,41,Home,0,7.5,13,7,1
2020_12_SEA_PHI,2020,REG,12,2020-11-30,Monday,20:15,SEA,23,PHI,17,Home,0,-6.5,11,8,0
2020_12_BAL_PIT,2020,REG,12,2020-12-02,Wednesday,15:40,BAL,14,PIT,19,Home,0,10.5,10,10,1
2020_13_NO_ATL,2020,REG,13,2020-12-06,Sunday,13:00,NO,21,ATL,16,Home,0,-2.5,7,7,1
2020_13_DET_CHI,2020,REG,13,2020-12-06,Sunday,13:00,DET,34,CHI,30,Home,0,3,10,7,1
2020_13_IND_HOU,2020,REG,13,2020-12-06,Sunday,13:00,IND,26,HOU,20,Home,0,-3.5,7,10,1
2020_13_CIN_MIA,2020,REG,13,2020-12-06,Sunday,13:00,CIN,7,MIA,19,Home,0,10.5,7,7,0
2020_13_JAX_MIN,2020,REG,13,2020-12-06,Sunday,13:00,JAX,24,MIN,27,Home,1,10.5,7,7,0
2020_13_LV_NYJ,2020,REG,13,2020-12-06,Sunday,13:00,LV,31,NYJ,28,Home,0,-7.5,7,7,0
2020_13_CLE_TEN,2020,REG,13,2020-12-06,Sunday,13:00,CLE,41,TEN,35,Home,0,4,7,7,0
2020_13_LA_ARI,2020,REG,13,2020-12-06,Sunday,16:05,LA,38,ARI,28,Home,0,-2.5,7,7,1
2020_13_NYG_SEA,2020,REG,13,2020-12-06,Sunday,16:05,NYG,17,SEA,12,Home,0,11,7,6,0
2020_13_PHI_GB,2020,REG,13,2020-12-06,Sunday,16:25,PHI,16,GB,30,Home,0,8,6,7,0
2020_13_NE_LAC,2020,REG,13,2020-12-06,Sunday,16:25,NE,45,LAC,0,Home,0,2.5,7,7,0
2020_13_DEN_KC,2020,REG,13,2020-12-06,Sunday,20:20,DEN,16,KC,22,Home,0,13,7,7,1
2020_13_WAS_PIT,2020,REG,13,2020-12-07,Monday,17:00,WAS,23,PIT,17,Home,0,5.5,11,5,0
2020_13_BUF_SF,2020,REG,13,2020-12-07,Monday,20:15,BUF,34,SF,24,Neutral,0,1.5,8,8,0
2020_13_DAL_BAL,2020,REG,13,2020-12-08,Tuesday,20:05,DAL,17,BAL,34,Home,0,8.5,12,6,0
2020_14_NE_LA,2020,REG,14,2020-12-10,Thursday,20:20,NE,3,LA,24,Home,0,5,4,4,0
2020_14_DEN_CAR,2020,REG,14,2020-12-13,Sunday,13:00,DEN,32,CAR,27,Home,0,4,7,14,0
2020_14_HOU_CHI,2020,REG,14,2020-12-13,Sunday,13:00,HOU,7,CHI,36,Home,0,-1,7,7,0
2020_14_DAL_CIN,2020,REG,14,2020-12-13,Sunday,13:00,DAL,30,CIN,7,Home,0,-3,5,7,0
2020_14_TEN_JAX,2020,REG,14,2020-12-13,Sunday,13:00,TEN,31,JAX,10,Home,0,-7.5,7,7,1
2020_14_KC_MIA,2020,REG,14,2020-12-13,Sunday,13:00,KC,33,MIA,27,Home,0,-7.5,7,7,0
2020_14_ARI_NYG,2020,REG,14,2020-12-13,Sunday,13:00,ARI,26,NYG,7,Home,0,-3,7,7,0
2020_14_MIN_TB,2020,REG,14,2020-12-13,Sunday,13:00,MIN,14,TB,26,Home,0,7,7,14,0
2020_14_IND_LV,2020,REG,14,2020-12-13,Sunday,16:05,IND,44,LV,27,Home,0,-2.5,7,7,0
2020_14_NYJ_SEA,2020,REG,14,2020-12-13,Sunday,16:05,NYJ,3,SEA,40,Home,0,16.5,7,7,0
2020_14_GB_DET,2020,REG,14,2020-12-13,Sunday,16:25,GB,31,DET,24,Home,0,-9.5,7,7,1
2020_14_ATL_LAC,2020,REG,14,2020-12-13,Sunday,16:25,ATL,17,LAC,20,Home,0,1,7,7,0
2020_14_NO_PHI,2020,REG,14,2020-12-13,Sunday,16:25,NO,21,PHI,24,Home,0,-7.5,7,7,0
2020_14_WAS_SF,2020,REG,14,2020-12-13,Sunday,16:25,WAS,23,SF,15,Neutral,0,3,6,6,0
2020_14_PIT_BUF,2020,REG,14,2020-12-13,Sunday,20:20,PIT,15,BUF,26,Home,0,2,6,6,0
2020_14_BAL_CLE,2020,REG,14,2020-12-14,Monday,20:15,BAL,47,CLE,42,Home,0,-3,6,8,1
2020_15_LAC_LV,2020,REG,15,2020-12-17,Thursday,20:20,LAC,30,LV,27,Home,1,3.5,4,4,1
2020_15_BUF_DEN,2020,REG,15,2020-12-19,Saturday,16:30,BUF,48,DEN,19,Home,0,-5.5,6,6,0
2020_15_CAR_GB,2020,REG,15,2020-12-19,Saturday,20:15,CAR,16,GB,24,Home,0,9.5,6,6,0
2020_15_TB_ATL,2020,REG,15,2020-12-20,Sunday,13:00,TB,31,ATL,27,Home,0,-6,7,7,1
2020_15_JAX_BAL,2020,REG,15,2020-12-20,Sunday,13:00,JAX,14,BAL,40,Home,0,13,7,6,0
2020_15_SF_DAL,2020,REG,15,2020-12-20,Sunday,13:00,SF,33,DAL,41,Home,0,-4,7,7,0
2020_15_HOU_IND,2020,REG,15,2020-12-20,Sunday,13:00,HOU,20,IND,27,Home,0,7.5,7,7,1
2020_15_NE_MIA,2020,REG,15,2020-12-20,Sunday,13:00,NE,12,MIA,22,Home,0,-1.5,10,7,1
2020_15_CHI_MIN,2020,REG,15,2020-12-20,Sunday,13:00,CHI,33,MIN,27,Home,0,2.5,7,7,1
2020_15_DET_TEN,2020,REG,15,2020-12-20,Sunday,13:00,DET,25,TEN,46,Home,0,9.5,7,7,0
2020_15_SEA_WAS,2020,REG,15,2020-12-20,Sunday,13:00,SEA,20,WAS,15,Home,0,-6,7,7,0
2020_15_PHI_ARI,2020,REG,15,2020-12-20,Sunday,16:05,PHI,26,ARI,33,Home,0,6.5,7,7,0
2020_15_NYJ_LA,2020,REG,15,2020-12-20,Sunday,16:05,NYJ,23,LA,20,Home,0,17.5,7,10,0
2020_15_KC_NO,2020,REG,15,2020-12-20,Sunday,16:25,KC,32,NO,29,Home,0,-2.5,7,7,0
2020_15_CLE_NYG,2020,REG,15,2020-12-20,Sunday,20:20,CLE,20,NYG,6,Home,0,-6,6,7,0
2020_15_PIT_CIN,2020,REG,15,2020-12-21,Monday,20:15,PIT,17,CIN,27,Home,0,-14.5,8,8,1
2020_16_MIN_NO,2020,REG,16,2020-12-25,Friday,16:30,MIN,33,NO,52,Home,0,6.5,5,5,0
2020_16_TB_DET,2020,REG,16,2020-12-26,Saturday,13:00,TB,47,DET,7,Home,0,-12,6,6,0
2020_16_SF_ARI,2020,REG,16,2020-12-26,Saturday,16:30,SF,20,ARI,12,Home,0,6,6,6,1
2020_16_MIA_LV,2020,REG,16,2020-12-26,Saturday,20:15,MIA,26,LV,25,Home,0,-2,6,9,0
2020_16_NYG_BAL,2020,REG,16,2020-12-27,Sunday,13:00,NYG,13,BAL,27,Home,0,10,7,7,0
2020_16_CIN_HOU,2020,REG,16,2020-12-27,Sunday,13:00,CIN,37,HOU,31,Home,0,7.5,6,7,0
2020_16_CHI_JAX,2020,REG,16,2020-12-27,Sunday,13:00,CHI,41,JAX,17,Home,0,-9.5,7,7,0
2020_16_ATL_KC,2020,REG,16,2020-12-27,Sunday,13:00,ATL,14,KC,17,Home,0,11,7,7,0
2020_16_CLE_NYJ,2020,REG,16,2020-12-27,Sunday,13:00,CLE,16,NYJ,23,Home,0,-6.5,7,7,0
2020_16_IND_PIT,2020,REG,16,2020-12-27,Sunday,13:00,IND,24,PIT,28,Home,0,-1,7,6,0
2020_16_DEN_LAC,2020,REG,16,2020-12-27,Sunday,16:05,DEN,16,LAC,19,Home,0,2.5,8,10,1
2020_16_CAR_WAS,2020,REG,16,2020-12-27,Sunday,16:05,CAR,20,WAS,13,Home,0,-1,8,7,0
2020_16_PHI_DAL,2020,REG,16,2020-12-27,Sunday,16:25,PHI,17,DAL,37,Home,0,-3,7,7,1
2020_16_LA_SEA,2020,REG,16,2020-12-27,Sunday,16:25,LA,9,SEA,20,Home,0,1.5,7,7,1
2020_16_TEN_GB,2020,REG,16,2020-12-27,Sunday,20:20,TEN,14,GB,40,Home,0,3,7,8,0
2020_16_BUF_NE,2020,REG,16,2020-12-28,Monday,20:15,BUF,38,NE,9,Home,0,-7,9,8,1
2020_17_MIA_BUF,2020,REG,17,2021-01-03,Sunday,13:00,MIA,26,BUF,56,Home,0,-3.5,8,6,1
2020_17_BAL_CIN,2020,REG,17,2021-01-03,Sunday,13:00,BAL,38,CIN,3,Home,0,-13.5,7,7,1
2020_17_PIT_CLE,2020,REG,17,2021-01-03,Sunday,13:00,PIT,22,CLE,24,Home,0,10.5,7,7,1
2020_17_MIN_DET,2020,REG,17,2021-01-03,Sunday,13:00,MIN,37,DET,35,Home,0,-3,9,8,1
2020_17_NYJ_NE,2020,REG,17,2021-01-03,Sunday,13:00,NYJ,14,NE,28,Home,0,3,7,6,1
2020_17_DAL_NYG,2020,REG,17,2021-01-03,Sunday,13:00,DAL,19,NYG,23,Home,0,-1.5,7,7,1
2020_17_ATL_TB,2020,REG,17,2021-01-03,Sunday,13:00,ATL,27,TB,44,Home,0,7.5,7,8,1
2020_17_NO_CAR,2020,REG,17,2021-01-03,Sunday,16:25,NO,33,CAR,7,Home,0,-6,9,7,1
2020_17_GB_CHI,2020,REG,17,2021-01-03,Sunday,16:25,GB,35,CHI,16,Home,0,-4.5,7,7,1
2020_17_LV_DEN,2020,REG,17,2021-01-03,Sunday,16:25,LV,32,DEN,31,Home,0,-2.5,8,7,1
2020_17_TEN_HOU,2020,REG,17,2021-01-03,Sunday,16:25,TEN,41,HOU,38,Home,0,-7,7,7,1
2020_17_JAX_IND,2020,REG,17,2021-01-03,Sunday,16:25,JAX,14,IND,28,Home,0,15.5,7,7,1
2020_17_LAC_KC,2020,REG,17,2021-01-03,Sunday,16:25,LAC,38,KC,21,Home,0,-7,7,7,1
2020_17_ARI_LA,2020,REG,17,2021-01-03,Sunday,16:25,ARI,7,LA,18,Home,0,1,8,7,1
2020_17_SEA_SF,2020,REG,17,2021-01-03,Sunday,16:25,SEA,26,SF,23,Neutral,0,-7,7,8,1
2020_17_WAS_PHI,2020,REG,17,2021-01-03,Sunday,20:20,WAS,20,PHI,14,Home,0,-6.5,7,7,1
2020_18_IND_BUF,2020,WC,18,2021-01-09,Saturday,13:05,IND,24,BUF,27,Home,0,7,6,6,0
2020_18_LA_SEA,2020,WC,18,2021-01-09,Saturday,16:40,LA,30,SEA,20,Home,0,3,6,6,1
2020_18_TB_WAS,2020,WC,18,2021-01-09,Saturday,20:15,TB,31,WAS,23,Home,0,-10,6,6,0
2020_18_BAL_TEN,2020,WC,18,2021-01-10,Sunday,13:05,BAL,20,TEN,13,Home,0,-3.5,7,7,0
2020_18_CHI_NO,2020,WC,18,2021-01-10,Sunday,16:40,CHI,9,NO,21,Home,0,11,7,7,0
2020_18_CLE_PIT,2020,WC,18,2021-01-10,Sunday,20:15,CLE,48,PIT,37,Home,0,5,7,7,1
2020_19_LA_GB,2020,DIV,19,2021-01-16,Saturday,16:35,LA,18,GB,32,Home,0,7,7,13,0
2020_19_BAL_BUF,2020,DIV,19,2021-01-16,Saturday,20:15,BAL,3,BUF,17,Home,0,2.5,6,7,0
2020_19_CLE_KC,2020,DIV,19,2021-01-17,Sunday,15:05,CLE,17,KC,22,Home,0,7.5,7,14,0
2020_19_TB_NO,2020,DIV,19,2021-01-17,Sunday,18:40,TB,30,NO,20,Home,0,2.5,8,7,1
2020_20_TB_GB,2020,CON,20,2021-01-24,Sunday,15:05,TB,31,GB,26,Home,0,3,7,8,0
2020_20_BUF_KC,2020,CON,20,2021-01-24,Sunday,18:40,BUF,24,KC,38,Home,0,3,8,7,0
2020_21_KC_TB,2020,SB,21,2021-02-07,Sunday,18:30,KC,9,TB,31,Neutral,0,-3,14,14,0
2021_01_DAL_TB,2021,REG,1,2021-09-09,Thursday,20:20,DAL,29,TB,31,Home,0,10,7,7,0
2021_01_PHI_ATL,2021,REG,1,2021-09-12,Sunday,13:00,PHI,32,ATL,6,Home,0,3.5,7,7,0
2021_01_PIT_BUF,2021,REG,1,2021-09-12,Sunday,13:00,PIT,23,BUF,16,Home,0,6.5,7,7,0
2021_01_NYJ_CAR,2021,REG,1,2021-09-12,Sunday,13:00,NYJ,14,CAR,19,Home,0,3.5,7,7,0
2021_01_MIN_CIN,2021,REG,1,2021-09-12,Sunday,13:00,MIN,24,CIN,27,Home,1,-3,7,7,0
2021_01_SF_DET,2021,REG,1,2021-09-12,Sunday,13:00,SF,41,DET,33,Home,0,-9.5,7,7,0
2021_01_JAX_HOU,2021,REG,1,2021-09-12,Sunday,13:00,JAX,21,HOU,37,Home,0,-3.5,7,7,1
2021_01_SEA_IND,2021,REG,1,2021-09-12,Sunday,13:00,SEA,28,IND,16,Home,0,-3,7,7,0
2021_01_ARI_TEN,2021,REG,1,2021-09-12,Sunday,13:00,ARI,38,TEN,13,Home,0,2.5,7,7,0
2021_01_LAC_WAS,2021,REG,1,2021-09-12,Sunday,13:00,LAC,20,WAS,16,Home,0,2.5,7,7,0
2021_01_CLE_KC,2021,REG,1,2021-09-12,Sunday,16:25,CLE,29,KC,33,Home,0,5.5,7,7,0
2021_01_MIA_NE,2021,REG,1,2021-09-12,Sunday,16:25,MIA,17,NE,16,Home,0,3.5,7,7,1
2021_01_GB_NO,2021,REG,1,2021-09-12,Sunday,16:25,GB,3,NO,38,Neutral,0,-4,7,7,0
2021_01_DEN_NYG,2021,REG,1,2021-09-12,Sunday,16:25,DEN,27,NYG,13,Home,0,-3,7,7,0
2021_01_CHI_LA,2021,REG,1,2021-09-12,Sunday,20:20,CHI,14,LA,34,Home,0,9.5,7,7,0
2021_01_BAL_LV,2021,REG,1,2021-09-13,Monday,20:15,BAL,27,LV,33,Home,1,-3,7,7,0
2021_02_NYG_WAS,2021,REG,2,2021-09-16,Thursday,20:20,NYG,29,WAS,30,Home,0,4,4,4,1
2021_02_NO_CAR,2021,REG,2,2021-09-19,Sunday,13:00,NO,7,CAR,26,Home,0,-3,7,7,1
2021_02_CIN_CHI,2021,REG,2,2021-09-19,Sunday,13:00,CIN,17,CHI,20,Home,0,2,7,7,0
2021_02_HOU_CLE,2021,REG,2,2021-09-19,Sunday,13:00,HOU,21,CLE,31,Home,0,13.5,7,7,0
2021_02_LA_IND,2021,REG,2,2021-09-19,Sunday,13:00,LA,27,IND,24,Home,0,-4,7,7,0
2021_02_DEN_JAX,2021,REG,2,2021-09-19,Sunday,13:00,DEN,23,JAX,13,Home,0,-6,7,7,0
2021_02_BUF_MIA,2021,REG,2,2021-09-19,Sunday,13:00,BUF,35,MIA,0,Home,0,-3.5,7,7,1
2021_02_NE_NYJ,2021,REG,2,2021-09-19,Sunday,13:00,NE,25,NYJ,6,Home,0,-5.5,7,7,1
2021_02_SF_PHI,2021,REG,2,2021-09-19,Sunday,13:00,SF,17,PHI,11,Home,0,-3,7,7,0
2021_02_LV_PIT,2021,REG,2,2021-09-19,Sunday,13:00,LV,26,PIT,17,Home,0,5.5,6,7,0
2021_02_MIN_ARI,2021,REG,2,2021-09-19,Sunday,16:05,MIN,33,ARI,34,Home,0,4,7,7,0
2021_02_ATL_TB,2021,REG,2,2021-09-19,Sunday,16:05,ATL,25,TB,48,Home,0,13.5,7,10,1
2021_02_DAL_LAC,2021,REG,2,2021-09-19,Sunday,16:25,DAL,20,LAC,17,Home,0,3,10,7,0
2021_02_TEN_SEA,2021,REG,2,2021-09-19,Sunday,16:25,TEN,33,SEA,30,Home,1,6.5,7,7,0
2021_02_KC_BAL,2021,REG,2,2021-09-19,Sunday,20:20,KC,35,BAL,36,Home,0,-3.5,7,6,0
2021_02_DET_GB,2021,REG,2,2021-09-20,Monday,20:15,DET,17,GB,35,Home,0,11.5,8,8,1
2021_03_CAR_HOU,2021,REG,3,2021-09-23,Thursday,20:20,CAR,24,HOU,9,Home,0,-8,4,4,0
2021_03_WAS_BUF,2021,REG,3,2021-09-26,Sunday,13:00,WAS,21,BUF,43,Home,0,7.5,10,7,0
2021_03_CHI_CLE,2021,REG,3,2021-09-26,Sunday,13:00,CHI,6,CLE,26,Home,0,7.5,7,7,0
2021_03_BAL_DET,2021,REG,3,2021-09-26,Sunday,13:00,BAL,19,DET,17,Home,0,-7.5,7,6,0
2021_03_ARI_JAX,2021,REG,3,2021-09-26,Sunday,13:00,ARI,31,JAX,19,Home,0,-8,7,7,0
2021_03_LAC_KC,2021,REG,3,2021-09-26,Sunday,13:00,LAC,30,KC,24,Home,0,6.5,7,7,1
2021_03_NO_NE,2021,REG,3,2021-09-26,Sunday,13:00,NO,28,NE,13,Home,0,3,7,7,0
2021_03_ATL_NYG,2021,REG,3,2021-09-26,Sunday,13:00,ATL,17,NYG,14,Home,0,3,7,10,0
2021_03_CIN_PIT,2021,REG,3,2021-09-26,Sunday,13:00,CIN,24,PIT,10,Home,0,2.5,7,7,1
2021_03_IND_TEN,2021,REG,3,2021-09-26,Sunday,13:00,IND,16,TEN,25,Home,0,4.5,7,7,1
2021_03_NYJ_DEN,2021,REG,3,2021-09-26,Sunday,16:05,NYJ,0,DEN,26,Home,0,10.5,7,7,0
2021_03_MIA_LV,2021,REG,3,2021-09-26,Sunday,16:05,MIA,28,LV,31,Home,1,4,7,7,0
2021_03_TB_LA,2021,REG,3,2021-09-26,Sunday,16:25,TB,24,LA,34,Home,0,-1,7,7,0
2021_03_SEA_MIN,2021,REG,3,2021-09-26,Sunday,16:25,SEA,17,MIN,30,Home,0,-2,7,7,0
2021_03_GB_SF,2021,REG,3,2021-09-26,Sunday,20:20,GB,30,SF,28,Home,0,3.5,6,7,0
2021_03_PHI_DAL,2021,REG,3,2021-09-27,Monday,20:15,PHI,21,DAL,41,Home,0,3.5,8,8,1
2021_04_JAX_CIN,2021,REG,4,2021-09-30,Thursday,20:20,JAX,21,CIN,24,Home,0,7.5,4,4,0
2021_04_WAS_ATL,2021,REG,4,2021-10-03,Sunday,13:00,WAS,34,ATL,30,Home,0,-1,7,7,0
2021_04_HOU_BUF,2021,REG,4,2021-10-03,Sunday,13:00,HOU,0,BUF,40,Home,0,19,10,7,0
2021_04_DET_CHI,2021,REG,4,2021-10-03,Sunday,13:00,DET,14,CHI,24,Home,0,3,7,7,1
2021_04_CAR_DAL,2021,REG,4,2021-10-03,Sunday,13:00,CAR,28,DAL,36,Home,0,4.5,10,6,0
2021_04_IND_MIA,2021,REG,4,2021-10-03,Sunday,13:00,IND,27,MIA,17,Home,0,2.5,7,7,0
2021_04_CLE_MIN,2021,REG,4,2021-10-03,Sunday,13:00,CLE,14,MIN,7,Home,0,-1,7,7,0
2021_04_NYG_NO,2021,REG,4,2021-10-03,Sunday,13:00,NYG,27,NO,21,Home,1,7.5,7,7,0
2021_04_TEN_NYJ,2021,REG,4,2021-10-03,Sunday,13:00,TEN,24,NYJ,27,Home,1,-5.5,7,7,0
2021_04_KC_PHI,2021,REG,4,2021-10-03,Sunday,13:00,KC,42,PHI,30,Home,0,-7.5,7,6,0
2021_04_ARI_LA,2021,REG,4,2021-10-03,Sunday,16:05,ARI,37,LA,20,Home,0,3.5,7,7,1
2021_04_SEA_SF,2021,REG,4,2021-10-03,Sunday,16:05,SEA,28,SF,21,Home,0,2.5,7,7,1
2021_04_BAL_DEN,2021,REG,4,2021-10-03,Sunday,16:25,BAL,23,DEN,7,Home,0,1,7,7,0
2021_04_PIT_GB,2021,REG,4,2021-10-03,Sunday,16:25,PIT,17,GB,27,Home,0,6.5,7,7,0
2021_04_TB_NE,2021,REG,4,2021-10-03,Sunday,20:20,TB,19,NE,17,Home,0,-6,7,7,0
2021_04_LV_LAC,2021,REG,4,2021-10-04,Monday,20:15,LV,14,LAC,28,Home,0,3,8,8,1
2021_05_LA_SEA,2021,REG,5,2021-10-07,Thursday,20:20,LA,26,SEA,17,Home,0,-2.5,4,4,1
2021_05_NYJ_ATL,2021,REG,5,2021-10-10,Sunday,09:30,NYJ,20,ATL,27,Neutral,0,3,7,7,0
2021_05_PHI_CAR,2021,REG,5,2021-10-10,Sunday,13:00,PHI,21,CAR,18,Home,0,2.5,7,7,0
2021_05_GB_CIN,2021,REG,5,2021-10-10,Sunday,13:00,GB,25,CIN,22,Home,1,-2,7,10,0
2021_05_NE_HOU,2021,REG,5,2021-10-10,Sunday,13:00,NE,25,HOU,22,Home,0,-8,7,7,0
2021_05_TEN_JAX,2021,REG,5,2021-10-10,Sunday,13:00,TEN,37,JAX,19,Home,0,-4,7,10,1
2021_05_DET_MIN,2021,REG,5,2021-10-10,Sunday,13:00,DET,17,MIN,19,Home,0,10,7,7,1
2021_05_DEN_PIT,2021,REG,5,2021-10-10,Sunday,13:00,DEN,19,PIT,27,Home,0,-2,7,7,0
2021_05_MIA_TB,2021,REG,5,2021-10-10,Sunday,13:00,MIA,17,TB,45,Home,0,11,7,7,0
2021_05_NO_WAS,2021,REG,5,2021-10-10,Sunday,13:00,NO,33,WAS,22,Home,0,-2.5,7,7,0
2021_05_CLE_LAC,2021,REG,5,2021-10-10,Sunday,16:05,CLE,42,LAC,47,Home,0,2.5,7,6,0
2021_05_CHI_LV,2021,REG,5,2021-10-10,Sunday,16:05,CHI,20,LV,9,Home,0,5.5,7,6,0
2021_05_SF_ARI,2021,REG,5,2021-10-10,Sunday,16:25,SF,10,ARI,17,Home,0,6,7,7,1
2021_05_NYG_DAL,2021,REG,5,2021-10-10,Sunday,16:25,NYG,20,DAL,44,Home,0,7.5,7,7,1
2021_05_BUF_KC,2021,REG,5,2021-10-10,Sunday,20:20,BUF,38,KC,20,Home,0,2.5,7,7,0
2021_05_IND_BAL,2021,REG,5,2021-10-11,Monday,20:15,IND,25,BAL,31,Home,1,7.5,8,8,0
2021_06_TB_PHI,2021,REG,6,2021-10-14,Thursday,20:20,TB,28,PHI,22,Home,0,-7,4,4,0
2021_06_MIA_JAX,2021,REG,6,2021-10-17,Sunday,09:30,MIA,20,JAX,23,Neutral,0,-2.5,7,7,0
2021_06_LAC_BAL,2021,REG,6,2021-10-17,Sunday,13:00,LAC,6,BAL,34,Home,0,3,7,6,0
2021_06_MIN_CAR,2021,REG,6,2021-10-17,Sunday,13:00,MIN,34,CAR,28,Home,1,-2.5,7,7,0
2021_06_GB_CHI,2021,REG,6,2021-10-17,Sunday,13:00,GB,24,CHI,14,Home,0,-5.5,7,7,1
2021_06_CIN_DET,2021,REG,6,2021-10-17,Sunday,13:00,CIN,34,DET,11,Home,0,-3.5,7,7,0
2021_06_HOU_IND,2021,REG,6,2021-10-17,Sunday,13:00,HOU,3,IND,31,Home,0,10.5,7,6,1
2021_06_LA_NYG,2021,REG,6,2021-10-17,Sunday,13:00,LA,38,NYG,11,Home,0,-7.5,10,7,0
2021_06_KC_WAS,2021,REG,6,2021-10-17,Sunday,13:00,KC,31,WAS,13,Home,0,-6,7,7,0
2021_06_ARI_CLE,2021,REG,6,2021-10-17,Sunday,16:05,ARI,37,CLE,14,Home,0,3,7,7,0
2021_06_LV_DEN,2021,REG,6,2021-10-17,Sunday,16:25,LV,34,DEN,24,Home,0,5,7,7,1
2021_06_DAL_NE,2021,REG,6,2021-10-17,Sunday,16:25,DAL,35,NE,29,Home,1,-3.5,7,7,0
2021_06_SEA_PIT,2021,REG,6,2021-10-17,Sunday,20:20,SEA,20,PIT,23,Home,1,5.5,10,7,0
2021_06_BUF_TEN,2021,REG,6,2021-10-18,Monday,20:15,BUF,31,TEN,34,Home,0,-6,8,8,0
2021_07_DEN_CLE,2021,REG,7,2021-10-21,Thursday,20:20,DEN,14,CLE,17,Home,0,2,4,4,0
2021_07_CIN_BAL,2021,REG,7,2021-10-24,Sunday,13:00,CIN,41,BAL,17,Home,0,6.5,7,7,1
2021_07_WAS_GB,2021,REG,7,2021-10-24,Sunday,13:00,WAS,10,GB,24,Home,0,8.5,7,7,0
2021_07_ATL_MIA,2021,REG,7,2021-10-24,Sunday,13:00,ATL,30,MIA,28,Home,0,-1.5,14,7,0
2021_07_NYJ_NE,2021,REG,7,2021-10-24,Sunday,13:00,NYJ,13,NE,54,Home,0,7,14,7,1
2021_07_CAR_NYG,2021,REG,7,2021-10-24,Sunday,13:00,CAR,3,NYG,25,Home,0,-3,7,7,0
2021_07_KC_TEN,2021,REG,7,2021-10-24,Sunday,13:00,KC,3,TEN,27,Home,0,-4,7,6,0
2021_07_DET_LA,2021,REG,7,2021-10-24,Sunday,16:05,DET,19,LA,28,Home,0,17,7,7,0
2021_07_PHI_LV,2021,REG,7,2021-10-24,Sunday,16:05,PHI,22,LV,33,Home,0,1,10,7,0
2021_07_HOU_ARI,2021,REG,7,2021-10-24,Sunday,16:25,HOU,5,ARI,31,Home,0,20.5,7,7,0
2021_07_CHI_TB,2021,REG,7,2021-10-24,Sunday,16:25,CHI,3,TB,38,Home,0,12.5,7,10,0
2021_07_IND_SF,2021,REG,7,2021-10-24,Sunday,20:20,IND,30,SF,18,Home,0,3.5,7,14,0
2021_07_NO_SEA,2021,REG,7,2021-10-25,Monday,20:15,NO,13,SEA,10,Home,0,-6,15,8,0
2021_08_GB_ARI,2021,REG,8,2021-10-28,Thursday,20:20,GB,24,ARI,21,Home,0,6.5,4,4,0
2021_08_CAR_ATL,2021,REG,8,2021-10-31,Sunday,13:00,CAR,19,ATL,13,Home,0,2.5,7,7,1
2021_08_MIA_BUF,2021,REG,8,2021-10-31,Sunday,13:00,MIA,11,BUF,26,Home,0,15,7,13,1
2021_08_SF_CHI,2021,REG,8,2021-10-31,Sunday,13:00,SF,33,CHI,22,Home,0,-4.5,7,7,0
2021_08_PIT_CLE,2021,REG,8,2021-10-31,Sunday,13:00,PIT,15,CLE,10,Home,0,5.5,14,10,1
2021_08_PHI_DET,2021,REG,8,2021-10-31,Sunday,13:00,PHI,44,DET,6,Home,0,-3,7,7,0
2021_08_LA_HOU,2021,REG,8,2021-10-31,Sunday,13:00,LA,38,HOU,22,Home,0,-17,7,7,0
2021_08_TEN_IND,2021,REG,8,2021-10-31,Sunday,13:00,TEN,34,IND,31,Home,1,3,7,7,1
2021_08_CIN_NYJ,2021,REG,8,2021-10-31,Sunday,13:00,CIN,31,NYJ,34,Home,0,-11.5,7,7,0
2021_08_NE_LAC,2021,REG,8,2021-10-31,Sunday,16:05,NE,27,LAC,24,Home,0,3.5,7,14,0
2021_08_JAX_SEA,2021,REG,8,2021-10-31,Sunday,16:05,JAX,7,SEA,31,Home,0,4,14,6,0
2021_08_WAS_DEN,2021,REG,8,2021-10-31,Sunday,16:25,WAS,10,DEN,17,Home,0,4,7,10,0
2021_08_TB_NO,2021,REG,8,2021-10-31,Sunday,16:25,TB,27,NO,36,Home,0,-4,7,6,1
2021_08_DAL_MIN,2021,REG,8,2021-10-31,Sunday,20:20,DAL,20,MIN,16,Home,0,4.5,14,14,0
2021_08_NYG_KC,2021,REG,8,2021-11-01,Monday,20:15,NYG,17,KC,20,Home,0,10.5,8,8,0
2021_09_NYJ_IND,2021,REG,9,2021-11-04,Thursday,20:20,NYJ,30,IND,45,Home,0,10.5,4,4,0
2021_09_MIN_BAL,2021,REG,9,2021-11-07,Sunday,13:00,MIN,31,BAL,34,Home,1,7.5,7,14,0
2021_09_NE_CAR,2021,REG,9,2021-11-07,Sunday,13:00,NE,24,CAR,6,Home,0,-3.5,7,7,0
2021_09_CLE_CIN,2021,REG,9,2021-11-07,Sunday,13:00,CLE,41,CIN,16,Home,0,2.5,7,7,1
2021_09_DEN_DAL,2021,REG,9,2021-11-07,Sunday,13:00,DEN,30,DAL,16,Home,0,10.5,7,7,0
2021_09_BUF_JAX,2021,REG,9,2021-11-07,Sunday,13:00,BUF,6,JAX,9,Home,0,-14.5,7,7,0
2021_09_HOU_MIA,2021,REG,9,2021-11-07,Sunday,13:00,HOU,9,MIA,17,Home,0,4,7,7,0
2021_09_ATL_NO,2021,REG,9,2021-11-07,Sunday,13:00,ATL,27,NO,25,Home,0,7,7,7,1
2021_09_LV_NYG,2021,REG,9,2021-11-07,Sunday,13:00,LV,16,NYG,23,Home,0,-3,14,6,0
2021_09_LAC_PHI,2021,REG,9,2021-11-07,Sunday,16:05,LAC,27,PHI,24,Home,0,-1,7,7,0
2021_09_GB_KC,2021,REG,9,2021-11-07,Sunday,16:25,GB,7,KC,13,Home,0,7,10,6,0
2021_09_ARI_SF,2021,REG,9,2021-11-07,Sunday,16:25,ARI,31,SF,17,Home,0,5.5,10,7,1
2021_09_TEN_LA,2021,REG,9,2021-11-07,Sunday,20:20,TEN,28,LA,16,Home,0,7,7,7,0
2021_09_CHI_PIT,2021,REG,9,2021-11-08,Monday,20:15,CHI,27,PIT,29,Home,0,7,8,8,0
2021_10_BAL_MIA,2021,REG,10,2021-11-11,Thursday,20:20,BAL,10,MIA,22,Home,0,-8.5,4,4,0
2021_10_ATL_DAL,2021,REG,10,2021-11-14,Sunday,13:00,ATL,3,DAL,43,Home,0,8,7,7,0
2021_10_JAX_IND,2021,REG,10,2021-11-14,Sunday,13:00,JAX,17,IND,23,Home,0,10.5,7,10,1
2021_10_CLE_NE,2021,REG,10,2021-11-14,Sunday,13:00,CLE,7,NE,45,Home,0,2.5,7,7,0
2021_10_BUF_NYJ,2021,REG,10,2021-11-14,Sunday,13:00,BUF,45,NYJ,17,Home,0,-13,7,10,1
2021_10_DET_PIT,2021,REG,10,2021-11-14,Sunday,13:00,DET,16,PIT,16,Home,1,9,14,6,0
2021_10_NO_TEN,2021,REG,10,2021-11-14,Sunday,13:00,NO,21,TEN,23,Home,0,3,7,7,0
2021_10_TB_WAS,2021,REG,10,2021-11-14,Sunday,13:00,TB,19,WAS,29,Home,0,-10,14,14,0
2021_10_CAR_ARI,2021,REG,10,2021-11-14,Sunday,16:05,CAR,34,ARI,10,Home,0,7,7,7,0
2021_10_MIN_LAC,2021,REG,10,2021-11-14,Sunday,16:05,MIN,27,LAC,20,Home,0,3,7,7,0
2021_10_PHI_DEN,2021,REG,10,2021-11-14,Sunday,16:25,PHI,30,DEN,13,Home,0,1,7,7,0
2021_10_SEA_GB,2021,REG,10,2021-11-14,Sunday,16:25,SEA,0,GB,17,Home,0,3,14,7,0
2021_10_KC_LV,2021,REG,10,2021-11-14,Sunday,20:20,KC,41,LV,14,Home,0,-2.5,7,7,1
2021_10_LA_SF,2021,REG,10,2021-11-15,Monday,20:15,LA,10,SF,31,Home,0,-3.5,8,8,1
2021_11_NE_ATL,2021,REG,11,2021-11-18,Thursday,20:20,NE,25,ATL,0,Home,0,-7,4,4,0
2021_11_IND_BUF,2021,REG,11,2021-11-21,Sunday,13:00,IND,41,BUF,15,Home,0,7.5,7,7,0
2021_11_WAS_CAR,2021,REG,11,2021-11-21,Sunday,13:00,WAS,27,CAR,21,Home,0,3.5,7,7,0
2021_11_BAL_CHI,2021,REG,11,2021-11-21,Sunday,13:00,BAL,16,CHI,13,Home,0,-5,10,13,0
2021_11_DET_CLE,2021,REG,11,2021-11-21,Sunday,13:00,DET,10,CLE,13,Home,0,13,7,7,0
2021_11_SF_JAX,2021,REG,11,2021-11-21,Sunday,13:00,SF,30,JAX,10,Home,0,-6.5,6,7,0
2021_11_GB_MIN,2021,REG,11,2021-11-21,Sunday,13:00,GB,31,MIN,34,Home,0,-1,7,7,1
2021_11_MIA_NYJ,2021,REG,11,2021-11-21,Sunday,13:00,MIA,24,NYJ,17,Home,0,-3.5,10,7,1
2021_11_NO_PHI,2021,REG,11,2021-11-21,Sunday,13:00,NO,29,PHI,40,Home,0,2.5,7,7,0
2021_11_HOU_TEN,2021,REG,11,2021-11-21,Sunday,13:00,HOU,22,TEN,13,Home,0,10.5,14,7,1
2021_11_CIN_LV,2021,REG,11,2021-11-21,Sunday,16:05,CIN,32,LV,13,Home,0,-1,14,7,0
2021_11_DAL_KC,2021,REG,11,2021-11-21,Sunday,16:25,DAL,9,KC,19,Home,0,2.5,7,7,0
2021_11_ARI_SEA,2021,REG,11,2021-11-21,Sunday,16:25,ARI,23,SEA,13,Home,0,2.5,7,7,1
2021_11_PIT_LAC,2021,REG,11,2021-11-21,Sunday,20:20,PIT,37,LAC,41,Home,0,5.5,7,7,0
2021_11_NYG_TB,2021,REG,11,2021-11-22,Monday,20:15,NYG,10,TB,30,Home,0,11.5,15,8,0
2021_12_CHI_DET,2021,REG,12,2021-11-25,Thursday,12:30,CHI,16,DET,14,Home,0,-2,4,4,1
2021_12_LV_DAL,2021,REG,12,2021-11-25,Thursday,16:30,LV,36,DAL,33,Home,0,7,4,4,0
2021_12_BUF_NO,2021,REG,12,2021-11-25,Thursday,20:20,BUF,31,NO,6,Home,0,-7,4,4,0
2021_12_PIT_CIN,2021,REG,12,2021-11-28,Sunday,13:00,PIT,10,CIN,41,Home,0,3.5,7,7,1
2021_12_NYJ_HOU,2021,REG,12,2021-11-28,Sunday,13:00,NYJ,21,HOU,14,Home,0,3,7,7,0
2021_12_TB_IND,2021,REG,12,2021-11-28,Sunday,13:00,TB,38,IND,31,Home,0,-3,6,7,0
2021_12_ATL_JAX,2021,REG,12,2021-11-28,Sunday,13:00,ATL,21,JAX,14,Home,0,-1.5,10,7,0
2021_12_CAR_MIA,2021,REG,12,2021-11-28,Sunday,13:00,CAR,10,MIA,33,Home,0,-1,7,7,0
2021_12_TEN_NE,2021,REG,12,2021-11-28,Sunday,13:00,TEN,13,NE,36,Home,0,7.5,7,10,0
2021_12_PHI_NYG,2021,REG,12,2021-11-28,Sunday,13:00,PHI,7,NYG,13,Home,0,-4,7,6,1
2021_12_LAC_DEN,2021,REG,12,2021-11-28,Sunday,16:05,LAC,13,DEN,28,Home,0,-2.5,7,14,1
2021_12_LA_GB,2021,REG,12,2021-11-28,Sunday,16:25,LA,28,GB,36,Home,0,-2,13,7,0
2021_12_MIN_SF,2021,REG,12,2021-11-28,Sunday,16:25,MIN,26,SF,34,Home,0,3.5,7,7,0
2021_12_CLE_BAL,2021,REG,12,2021-11-28,Sunday,20:20,CLE,10,BAL,16,Home,0,3,7,7,1
2021_12_SEA_WAS,2021,REG,12,2021-11-29,Monday,20:15,SEA,15,WAS,17,Home,0,-1,8,8,0
2021_13_DAL_NO,2021,REG,13,2021-12-02,Thursday,20:20,DAL,27,NO,17,Home,0,-6,7,7,0
2021_13_TB_ATL,2021,REG,13,2021-12-05,Sunday,13:00,TB,30,ATL,17,Home,0,-11,7,7,1
2021_13_ARI_CHI,2021,REG,13,2021-12-05,Sunday,13:00,ARI,33,CHI,22,Home,0,-7.5,14,10,0
2021_13_LAC_CIN,2021,REG,13,2021-12-05,Sunday,13:00,LAC,41,CIN,22,Home,0,2.5,7,7,0
2021_13_MIN_DET,2021,REG,13,2021-12-05,Sunday,13:00,MIN,27,DET,29,Home,0,-7,7,10,1
2021_13_IND_HOU,2021,REG,13,2021-12-05,Sunday,13:00,IND,31,HOU,0,Home,0,-10,7,7,1
2021_13_NYG_MIA,2021,REG,13,2021-12-05,Sunday,13:00,NYG,9,MIA,20,Home,0,6.5,7,7,0
2021_13_PHI_NYJ,2021,REG,13,2021-12-05,Sunday,13:00,PHI,33,NYJ,18,Home,0,-5,7,7,0
2021_13_JAX_LA,2021,REG,13,2021-12-05,Sunday,16:05,JAX,7,LA,37,Home,0,14,7,7,0
2021_13_WAS_LV,2021,REG,13,2021-12-05,Sunday,16:05,WAS,17,LV,15,Home,0,1,6,10,0
2021_13_BAL_PIT,2021,REG,13,2021-12-05,Sunday,16:25,BAL,19,PIT,20,Home,0,-4,7,7,1
2021_13_SF_SEA,2021,REG,13,2021-12-05,Sunday,16:25,SF,23,SEA,30,Home,0,-3,7,6,1
2021_13_DEN_KC,2021,REG,13,2021-12-05,Sunday,20:20,DEN,9,KC,22,Home,0,8.5,7,14,1
2021_13_NE_BUF,2021,REG,13,2021-12-06,Monday,20:15,NE,14,BUF,10,Home,0,3,8,11,1
2021_14_PIT_MIN,2021,REG,14,2021-12-09,Thursday,20:20,PIT,28,MIN,36,Home,0,3.5,4,4,0
2021_14_ATL_CAR,2021,REG,14,2021-12-12,Sunday,13:00,ATL,29,CAR,21,Home,0,2.5,7,14,1
2021_14_BAL_CLE,2021,REG,14,2021-12-12,Sunday,13:00,BAL,22,CLE,24,Home,0,3,7,14,1
2021_14_SEA_HOU,2021,REG,14,2021-12-12,Sunday,13:00,SEA,33,HOU,13,Home,0,-10,7,7,0
2021_14_LV_KC,2021,REG,14,2021-12-12,Sunday,13:00,LV,9,KC,48,Home,0,10,7,7,1
2021_14_NO_NYJ,2021,REG,14,2021-12-12,Sunday,13:00,NO,30,NYJ,9,Home,0,-4.5,10,7,0
2021_14_JAX_TEN,2021,REG,14,2021-12-12,Sunday,13:00,JAX,0,TEN,20,Home,0,8.5,7,14,1
2021_14_DAL_WAS,2021,REG,14,2021-12-12,Sunday,13:00,DAL,27,WAS,20,Home,0,-6.5,10,7,1
2021_14_DET_DEN,2021,REG,14,2021-12-12,Sunday,16:05,DET,10,DEN,38,Home,0,13,7,7,0
2021_14_NYG_LAC,2021,REG,14,2021-12-12,Sunday,16:05,NYG,21,LAC,37,Home,0,9.5,7,7,0
2021_14_SF_CIN,2021,REG,14,2021-12-12,Sunday,16:25,SF,26,CIN,23,Home,1,-2.5,7,7,0
2021_14_BUF_TB,2021,REG,14,2021-12-12,Sunday,16:25,BUF,27,TB,33,Home,1,3.5,6,7,0
2021_14_CHI_GB,2021,REG,14,2021-12-12,Sunday,20:20,CHI,30,GB,45,Home,0,11.5,7,14,1
2021_14_LA_ARI,2021,REG,14,2021-12-13,Monday,20:15,LA,30,ARI,23,Home,0,3,8,8,1
2021_15_KC_LAC,2021,REG,15,2021-12-16,Thursday,20:20,KC,34,LAC,28,Home,1,-3,4,4,1
2021_15_NE_IND,2021,REG,15,2021-12-18,Saturday,20:20,NE,17,IND,27,Home,0,-1,13,14,0
2021_15_CAR_BUF,2021,REG,15,2021-12-19,Sunday,13:00,CAR,14,BUF,31,Home,0,14,7,7,0
2021_15_ARI_DET,2021,REG,15,2021-12-19,Sunday,13:00,ARI,12,DET,30,Home,0,-13,6,7,0
2021_15_HOU_JAX,2021,REG,15,2021-12-19,Sunday,13:00,HOU,30,JAX,16,Home,0,6,7,7,1
2021_15_NYJ_MIA,2021,REG,15,2021-12-19,Sunday,13:00,NYJ,24,MIA,31,Home,0,10.5,7,14,1
2021_15_DAL_NYG,2021,REG,15,2021-12-19,Sunday,13:00,DAL,21,NYG,6,Home,0,-11.5,7,7,1
2021_15_TEN_PIT,2021,REG,15,2021-12-19,Sunday,13:00,TEN,13,PIT,19,Home,0,1,7,10,0
2021_15_CIN_DEN,2021,REG,15,2021-12-19,Sunday,16:05,CIN,15,DEN,10,Home,0,3,7,7,0
2021_15_ATL_SF,2021,REG,15,2021-12-19,Sunday,16:05,ATL,13,SF,31,Home,0,9.5,7,7,0
2021_15_GB_BAL,2021,REG,15,2021-12-19,Sunday,16:25,GB,31,BAL,30,Home,0,-9.5,7,7,0
2021_15_NO_TB,2021,REG,15,2021-12-19,Sunday,20:20,NO,9,TB,0,Home,0,11.5,7,7,1
2021_15_LV_CLE,2021,REG,15,2021-12-20,Monday,17:00,LV,16,CLE,14,Home,0,-3,7,7,0
2021_15_MIN_CHI,2021,REG,15,2021-12-20,Monday,20:15,MIN,17,CHI,9,Home,0,-7,11,8,1
2021_15_SEA_LA,2021,REG,15,2021-12-21,Tuesday,19:00,SEA,10,LA,20,Home,0,7.5,7,6,1
2021_15_WAS_PHI,2021,REG,15,2021-12-21,Tuesday,19:00,WAS,17,PHI,27,Home,0,10,7,14,1
2021_16_SF_TEN,2021,REG,16,2021-12-23,Thursday,20:20,SF,17,TEN,20,Home,0,-3.5,4,4,0
2021_16_CLE_GB,2021,REG,16,2021-12-25,Saturday,16:30,CLE,22,GB,24,Home,0,7.5,6,6,0
2021_16_IND_ARI,2021,REG,16,2021-12-25,Saturday,20:15,IND,22,ARI,16,Home,0,3,6,6,0
2021_16_DET_ATL,2021,REG,16,2021-12-26,Sunday,13:00,DET,16,ATL,20,Home,0,7.5,7,7,0
2021_16_TB_CAR,2021,REG,16,2021-12-26,Sunday,13:00,TB,32,CAR,6,Home,0,-11.5,7,7,1
2021_16_BAL_CIN,2021,REG,16,2021-12-26,Sunday,13:00,BAL,21,CIN,41,Home,0,7.5,7,7,1
2021_16_LAC_HOU,2021,REG,16,2021-12-26,Sunday,13:00,LAC,29,HOU,41,Home,0,-13.5,10,7,0
2021_16_LA_MIN,2021,REG,16,2021-12-26,Sunday,13:00,LA,30,MIN,23,Home,0,-3.5,7,6,0
2021_16_BUF_NE,2021,REG,16,2021-12-26,Sunday,13:00,BUF,33,NE,21,Home,0,1,7,7,1
2021_16_JAX_NYJ,2021,REG,16,2021-12-26,Sunday,13:00,JAX,21,NYJ,26,Home,0,2.5,7,7,0
2021_16_NYG_PHI,2021,REG,16,2021-12-26,Sunday,13:00,NYG,10,PHI,34,Home,0,11,7,7,1
2021_16_CHI_SEA,2021,REG,16,2021-12-26,Sunday,16:05,CHI,25,SEA,24,Home,0,7,6,7,0
2021_16_PIT_KC,2021,REG,16,2021-12-26,Sunday,16:25,PIT,10,KC,36,Home,0,10.5,7,10,0
2021_16_DEN_LV,2021,REG,16,2021-12-26,Sunday,16:25,DEN,13,LV,17,Home,0,-1,7,7,1
2021_16_WAS_DAL,2021,REG,16,2021-12-26,Sunday,20:20,WAS,14,DAL,56,Home,0,10.5,7,7,1
2021_16_MIA_NO,2021,REG,16,2021-12-27,Monday,20:15,MIA,20,NO,3,Home,0,-3,8,8,0
2021_17_LA_BAL,2021,REG,17,2022-01-02,Sunday,13:00,LA,20,BAL,19,Home,0,-7,7,7,0
2021_17_ATL_BUF,2021,REG,17,2022-01-02,Sunday,13:00,ATL,15,BUF,29,Home,0,14,7,7,0
2021_17_NYG_CHI,2021,REG,17,2022-01-02,Sunday,13:00,NYG,3,CHI,29,Home,0,7,7,7,0
2021_17_KC_CIN,2021,REG,17,2022-01-02,Sunday,13:00,KC,31,CIN,34,Home,0,-3.5,7,7,0
2021_17_LV_IND,2021,REG,17,2022-01-02,Sunday,13:00,LV,23,IND,20,Home,0,8.5,7,8,0
2021_17_JAX_NE,2021,REG,17,2022-01-02,Sunday,13:00,JAX,10,NE,50,Home,0,17.5,7,7,0
2021_17_TB_NYJ,2021,REG,17,2022-01-02,Sunday,13:00,TB,28,NYJ,24,Home,0,-14.5,7,7,0
2021_17_MIA_TEN,2021,REG,17,2022-01-02,Sunday,13:00,MIA,3,TEN,34,Home,0,3,6,10,0
2021_17_PHI_WAS,2021,REG,17,2022-01-02,Sunday,13:00,PHI,20,WAS,16,Home,0,-6.5,7,7,1
2021_17_DEN_LAC,2021,REG,17,2022-01-02,Sunday,16:05,DEN,13,LAC,34,Home,0,8,7,7,1
2021_17_HOU_SF,2021,REG,17,2022-01-02,Sunday,16:05,HOU,7,SF,23,Home,0,14,7,10,0
2021_17_ARI_DAL,2021,REG,17,2022-01-02,Sunday,16:25,ARI,25,DAL,22,Home,0,6.5,8,7,0
2021_17_CAR_NO,2021,REG,17,2022-01-02,Sunday,16:25,CAR,10,NO,18,Home,0,7,7,6,1
2021_17_DET_SEA,2021,REG,17,2022-01-02,Sunday,16:25,DET,29,SEA,51,Home,0,8.5,7,7,0
2021_17_MIN_GB,2021,REG,17,2022-01-02,Sunday,20:20,MIN,10,GB,37,Home,0,13,7,8,1
2021_17_CLE_PIT,2021,REG,17,2022-01-03,Monday,20:15,CLE,14,PIT,26,Home,0,-1,9,8,1
2021_18_KC_DEN,2021,REG,18,2022-01-08,Saturday,16:30,KC,28,DEN,24,Home,0,-11.5,7,7,1
2021_18_DAL_PHI,2021,REG,18,2022-01-08,Saturday,20:15,DAL,51,PHI,26,Home,0,-6.5,7,7,1
2021_18_PIT_BAL,2021,REG,18,2022-01-09,Sunday,13:00,PIT,16,BAL,13,Home,1,3,6,7,1
2021_18_CIN_CLE,2021,REG,18,2022-01-09,Sunday,13:00,CIN,16,CLE,21,Home,0,6.5,7,6,1
2021_18_GB_DET,2021,REG,18,2022-01-09,Sunday,13:00,GB,30,DET,37,Home,0,-4,7,7,1
2021_18_TEN_HOU,2021,REG,18,2022-01-09,Sunday,13:00,TEN,28,HOU,25,Home,0,-10.5,7,7,1
2021_18_IND_JAX,2021,REG,18,2022-01-09,Sunday,13:00,IND,11,JAX,26,Home,0,-14,7,7,1
2021_18_CHI_MIN,2021,REG,18,2022-01-09,Sunday,13:00,CHI,17,MIN,31,Home,0,3.5,7,7,1
2021_18_WAS_NYG,2021,REG,18,2022-01-09,Sunday,13:00,WAS,22,NYG,7,Home,0,-6,7,7,1
2021_18_SEA_ARI,2021,REG,18,2022-01-09,Sunday,16:25,SEA,38,ARI,30,Home,0,5.5,7,7,1
2021_18_NO_ATL,2021,REG,18,2022-01-09,Sunday,16:25,NO,30,ATL,20,Home,0,-4.5,7,7,1
2021_18_NYJ_BUF,2021,REG,18,2022-01-09,Sunday,16:25,NYJ,10,BUF,27,Home,0,16,7,7,1
2021_18_SF_LA,2021,REG,18,2022-01-09,Sunday,16:25,SF,27,LA,24,Home,1,3,7,7,1
2021_18_NE_MIA,2021,REG,18,2022-01-09,Sunday,16:25,NE,24,MIA,33,Home,0,-6,7,7,1
2021_18_CAR_TB,2021,REG,18,2022-01-09,Sunday,16:25,CAR,17,TB,41,Home,0,11,7,7,1
2021_18_LAC_LV,2021,REG,18,2022-01-09,Sunday,20:20,LAC,32,LV,35,Home,1,-3.5,7,7,1
2021_19_LV_CIN,2021,WC,19,2022-01-15,Saturday,16:30,LV,19,CIN,26,Home,0,6,6,6,0
2021_19_NE_BUF,2021,WC,19,2022-01-15,Saturday,20:15,NE,17,BUF,47,Home,0,4.5,6,6,1
2021_19_PHI_TB,2021,WC,19,2022-01-16,Sunday,13:00,PHI,15,TB,31,Home,0,7.5,8,7,0
2021_19_SF_DAL,2021,WC,19,2022-01-16,Sunday,16:30,SF,23,DAL,17,Home,0,3,7,8,0
2021_19_PIT_KC,2021,WC,19,2022-01-16,Sunday,20:15,PIT,21,KC,42,Home,0,13,7,8,0
2021_19_ARI_LA,2021,WC,19,2022-01-17,Monday,20:15,ARI,11,LA,34,Home,0,4,8,8,1
2021_20_CIN_TEN,2021,DIV,20,2022-01-22,Saturday,16:30,CIN,19,TEN,16,Home,0,4,7,13,0
2021_20_SF_GB,2021,DIV,20,2022-01-22,Saturday,20:15,SF,13,GB,10,Home,0,5.5,6,13,0
2021_20_LA_TB,2021,DIV,20,2022-01-23,Sunday,15:00,LA,30,TB,27,Home,0,2.5,6,7,0
2021_20_BUF_KC,2021,DIV,20,2022-01-23,Sunday,18:30,BUF,36,KC,42,Home,1,2.5,8,7,0
2021_21_CIN_KC,2021,CON,21,2022-01-30,Sunday,15:00,CIN,27,KC,24,Home,1,7,8,7,0
2021_21_SF_LA,2021,CON,21,2022-01-30,Sunday,18:30,SF,17,LA,20,Home,0,3.5,8,7,1
2021_22_LA_CIN,2021,SB,22,2022-02-13,Sunday,18:30,LA,23,CIN,20,Neutral,0,-4.5,14,14,0
2022_01_BUF_LA,2022,REG,1,2022-09-08,Thursday,20:20,BUF,31,LA,10,Home,0,-1,7,7,0
2022_01_NO_ATL,2022,REG,1,2022-09-11,Sunday,13:00,NO,27,ATL,26,Home,0,-6,7,7,1
2022_01_CLE_CAR,2022,REG,1,2022-09-11,Sunday,13:00,CLE,26,CAR,24,Home,0,2.5,7,7,0
2022_01_SF_CHI,2022,REG,1,2022-09-11,Sunday,13:00,SF,10,CHI,19,Home,0,-6.5,7,7,0
2022_01_PIT_CIN,2022,REG,1,2022-09-11,Sunday,13:00,PIT,23,CIN,20,Home,1,7.5,7,7,1
2022_01_PHI_DET,2022,REG,1,2022-09-11,Sunday,13:00,PHI,38,DET,35,Home,0,-6,7,7,0
2022_01_IND_HOU,2022,REG,1,2022-09-11,Sunday,13:00,IND,20,HOU,20,Home,1,-7,7,7,1
2022_01_NE_MIA,2022,REG,1,2022-09-11,Sunday,13:00,NE,7,MIA,20,Home,0,3,7,7,1
2022_01_BAL_NYJ,2022,REG,1,2022-09-11,Sunday,13:00,BAL,24,NYJ,9,Home,0,-6.5,7,7,0
2022_01_JAX_WAS,2022,REG,1,2022-09-11,Sunday,13:00,JAX,22,WAS,28,Home,0,3,7,7,0
2022_01_KC_ARI,2022,REG,1,2022-09-11,Sunday,16:25,KC,44,ARI,21,Home,0,-6,7,7,0
2022_01_LV_LAC,2022,REG,1,2022-09-11,Sunday,16:25,LV,19,LAC,24,Home,0,3.5,7,7,1
2022_01_GB_MIN,2022,REG,1,2022-09-11,Sunday,16:25,GB,7,MIN,23,Home,0,2.5,7,7,1
2022_01_NYG_TEN,2022,REG,1,2022-09-11,Sunday,16:25,NYG,21,TEN,20,Home,0,5.5,7,7,0
2022_01_TB_DAL,2022,REG,1,2022-09-11,Sunday,20:20,TB,19,DAL,3,Home,0,-2.5,7,7,0
2022_01_DEN_SEA,2022,REG,1,2022-09-12,Monday,20:15,DEN,16,SEA,17,Home,0,-6,7,7,0
2022_02_LAC_KC,2022,REG,2,2022-09-15,Thursday,20:15,LAC,24,KC,27,Home,0,4,4,4,1
2022_02_MIA_BAL,2022,REG,2,2022-09-18,Sunday,13:00,MIA,42,BAL,38,Home,0,3,7,7,0
2022_02_NYJ_CLE,2022,REG,2,2022-09-18,Sunday,13:00,NYJ,31,CLE,30,Home,0,6.5,7,7,0
2022_02_WAS_DET,2022,REG,2,2022-09-18,Sunday,13:00,WAS,27,DET,36,Home,0,-1,7,7,0
2022_02_IND_JAX,2022,REG,2,2022-09-18,Sunday,13:00,IND,0,JAX,24,Home,0,-3,7,7,1
2022_02_TB_NO,2022,REG,2,2022-09-18,Sunday,13:00,TB,20,NO,10,Home,0,-2.5,7,7,1
2022_02_CAR_NYG,2022,REG,2,2022-09-18,Sunday,13:00,CAR,16,NYG,19,Home,0,-1,7,7,0
2022_02_NE_PIT,2022,REG,2,2022-09-18,Sunday,13:00,NE,17,PIT,14,Home,0,-3,7,7,0
2022_02_ATL_LA,2022,REG,2,2022-09-18,Sunday,16:05,ATL,27,LA,31,Home,0,10.5,7,10,0
2022_02_SEA_SF,2022,REG,2,2022-09-18,Sunday,16:05,SEA,7,SF,27,Home,0,8.5,6,7,1
2022_02_CIN_DAL,2022,REG,2,2022-09-18,Sunday,16:25,CIN,17,DAL,20,Home,0,-7.5,7,7,0
2022_02_HOU_DEN,2022,REG,2,2022-09-18,Sunday,16:25,HOU,9,DEN,16,Home,0,10.5,7,6,0
2022_02_ARI_LV,2022,REG,2,2022-09-18,Sunday,16:25,ARI,29,LV,23,Home,1,5.5,7,7,0
2022_02_CHI_GB,2022,REG,2,2022-09-18,Sunday,20:20,CHI,10,GB,27,Home,0,10.5,7,7,1
2022_02_TEN_BUF,2022,REG,2,2022-09-19,Monday,19:15,TEN,7,BUF,41,Home,0,10,8,11,0
2022_02_MIN_PHI,2022,REG,2,2022-09-19,Monday,20:30,MIN,7,PHI,24,Home,0,2.5,8,8,0
2022_03_PIT_CLE,2022,REG,3,2022-09-22,Thursday,20:15,PIT,17,CLE,29,Home,0,4.5,4,4,1
2022_03_NO_CAR,2022,REG,3,2022-09-25,Sunday,13:00,NO,14,CAR,22,Home,0,-2,7,7,1
2022_03_HOU_CHI,2022,REG,3,2022-09-25,Sunday,13:00,HOU,20,CHI,23,Home,0,3,7,7,0
2022_03_KC_IND,2022,REG,3,2022-09-25,Sunday,13:00,KC,17,IND,20,Home,0,-4.5,10,7,0
2022_03_BUF_MIA,2022,REG,3,2022-09-25,Sunday,13:00,BUF,19,MIA,21,Home,0,-4,6,7,1
2022_03_DET_MIN,2022,REG,3,2022-09-25,Sunday,13:00,DET,24,MIN,28,Home,0,6.5,7,6,1
2022_03_BAL_NE,2022,REG,3,2022-09-25,Sunday,13:00,BAL,37,NE,26,Home,0,-2.5,7,7,0
2022_03_CIN_NYJ,2022,REG,3,2022-09-25,Sunday,13:00,CIN,27,NYJ,12,Home,0,-6.5,7,7,0
2022_03_LV_TEN,2022,REG,3,2022-09-25,Sunday,13:00,LV,22,TEN,24,Home,0,-1.5,7,6,0
2022_03_PHI_WAS,2022,REG,3,2022-09-25,Sunday,13:00,PHI,24,WAS,8,Home,0,-6,6,7,1
2022_03_JAX_LAC,2022,REG,3,2022-09-25,Sunday,16:05,JAX,38,LAC,10,Home,0,6.5,7,10,0
2022_03_LA_ARI,2022,REG,3,2022-09-25,Sunday,16:25,LA,20,ARI,12,Home,0,-3.5,7,7,1
2022_03_ATL_SEA,2022,REG,3,2022-09-25,Sunday,16:25,ATL,27,SEA,23,Home,0,1,7,7,0
2022_03_GB_TB,2022,REG,3,2022-09-25,Sunday,16:25,GB,14,TB,12,Home,0,1,7,7,0
2022_03_SF_DEN,2022,REG,3,2022-09-25,Sunday,20:20,SF,10,DEN,11,Home,0,-1,7,7,0
2022_03_DAL_NYG,2022,REG,3,2022-09-26,Monday,20:15,DAL,23,NYG,16,Home,0,1,8,8,1
2022_04_MIA_CIN,2022,REG,4,2022-09-29,Thursday,20:15,MIA,15,CIN,27,Home,0,4,4,4,0
2022_04_MIN_NO,2022,REG,4,2022-10-02,Sunday,09:30,MIN,28,NO,25,Neutral,0,-4,7,7,0
2022_04_CLE_ATL,2022,REG,4,2022-10-02,Sunday,13:00,CLE,20,ATL,23,Home,0,-1,10,7,0
2022_04_BUF_BAL,2022,REG,4,2022-10-02,Sunday,13:00,BUF,23,BAL,20,Home,0,-3,7,7,0
2022_04_WAS_DAL,2022,REG,4,2022-10-02,Sunday,13:00,WAS,10,DAL,25,Home,0,3,7,6,1
2022_04_SEA_DET,2022,REG,4,2022-10-02,Sunday,13:00,SEA,48,DET,45,Home,0,3,7,7,0
2022_04_LAC_HOU,2022,REG,4,2022-10-02,Sunday,13:00,LAC,34,HOU,24,Home,0,-5.5,7,7,0
2022_04_TEN_IND,2022,REG,4,2022-10-02,Sunday,13:00,TEN,24,IND,17,Home,0,4.5,7,7,1
2022_04_CHI_NYG,2022,REG,4,2022-10-02,Sunday,13:00,CHI,12,NYG,20,Home,0,3,7,6,0
2022_04_JAX_PHI,2022,REG,4,2022-10-02,Sunday,13:00,JAX,21,PHI,29,Home,0,6.5,7,7,0
2022_04_NYJ_PIT,2022,REG,4,2022-10-02,Sunday,13:00,NYJ,24,PIT,20,Home,0,3,7,10,0
2022_04_ARI_CAR,2022,REG,4,2022-10-02,Sunday,16:05,ARI,26,CAR,16,Home,0,1,7,7,0
2022_04_NE_GB,2022,REG,4,2022-10-02,Sunday,16:25,NE,24,GB,27,Home,1,10,7,7,0
2022_04_DEN_LV,2022,REG,4,2022-10-02,Sunday,16:25,DEN,23,LV,32,Home,0,2.5,7,7,1
2022_04_KC_TB,2022,REG,4,2022-10-02,Sunday,20:20,KC,41,TB,31,Home,0,1,7,7,0
2022_04_LA_SF,2022,REG,4,2022-10-03,Monday,20:15,LA,9,SF,24,Home,0,1,8,8,1
2022_05_IND_DEN,2022,REG,5,2022-10-06,Thursday,20:15,IND,12,DEN,9,Home,1,3.5,4,4,0
2022_05_NYG_GB,2022,REG,5,2022-10-09,Sunday,09:30,NYG,27,GB,22,Neutral,0,8.5,7,7,0
2022_05_PIT_BUF,2022,REG,5,2022-10-09,Sunday,13:00,PIT,3,BUF,38,Home,0,14,7,7,0
2022_05_LAC_CLE,2022,REG,5,2022-10-09,Sunday,13:00,LAC,30,CLE,28,Home,0,-1,7,7,0
2022_05_HOU_JAX,2022,REG,5,2022-10-09,Sunday,13:00,HOU,13,JAX,6,Home,0,7,7,7,1
2022_05_CHI_MIN,2022,REG,5,2022-10-09,Sunday,13:00,CHI,22,MIN,29,Home,0,10,7,7,1
2022_05_DET_NE,2022,REG,5,2022-10-09,Sunday,13:00,DET,0,NE,29,Home,0,3,7,7,0
2022_05_SEA_NO,2022,REG,5,2022-10-09,Sunday,13:00,SEA,32,NO,39,Home,0,5.5,7,7,0
2022_05_MIA_NYJ,2022,REG,5,2022-10-09,Sunday,13:00,MIA,17,NYJ,40,Home,0,-3,10,7,1
2022_05_ATL_TB,2022,REG,5,2022-10-09,Sunday,13:00,ATL,15,TB,21,Home,0,10.5,7,7,1
2022_05_TEN_WAS,2022,REG,5,2022-10-09,Sunday,13:00,TEN,21,WAS,17,Home,0,-1,7,7,0
2022_05_SF_CAR,2022,REG,5,2022-10-09,Sunday,16:05,SF,37,CAR,15,Home,0,-6,6,7,0
2022_05_PHI_ARI,2022,REG,5,2022-10-09,Sunday,16:25,PHI,20,ARI,17,Home,0,-5.5,7,7,0
2022_05_DAL_LA,2022,REG,5,2022-10-09,Sunday,16:25,DAL,22,LA,10,Home,0,5.5,7,6,0
2022_05_CIN_BAL,2022,REG,5,2022-10-09,Sunday,20:20,CIN,17,BAL,19,Home,0,3,10,7,1
2022_05_LV_KC,2022,REG,5,2022-10-10,Monday,20:15,LV,29,KC,30,Home,0,7.5,8,8,1
2022_06_WAS_CHI,2022,REG,6,2022-10-13,Thursday,20:15,WAS,12,CHI,7,Home,0,-1,4,4,0
2022_06_SF_ATL,2022,REG,6,2022-10-16,Sunday,13:00,SF,14,ATL,28,Home,0,-3.5,7,7,0
2022_06_NE_CLE,2022,REG,6,2022-10-16,Sunday,13:00,NE,38,CLE,15,Home,0,2.5,7,7,0
2022_06_NYJ_GB,2022,REG,6,2022-10-16,Sunday,13:00,NYJ,27,GB,10,Home,0,7.5,7,7,0
2022_06_JAX_IND,2022,REG,6,2022-10-16,Sunday,13:00,JAX,27,IND,34,Home,0,1,7,10,1
2022_06_MIN_MIA,2022,REG,6,2022-10-16,Sunday,13:00,MIN,24,MIA,16,Home,0,-3,7,7,0
2022_06_CIN_NO,2022,REG,6,2022-10-16,Sunday,13:00,CIN,30,NO,26,Home,0,-3,7,7,0
2022_06_BAL_NYG,2022,REG,6,2022-10-16,Sunday,13:00,BAL,20,NYG,24,Home,0,-5.5,7,7,0
2022_06_TB_PIT,2022,REG,6,2022-10-16,Sunday,13:00,TB,18,PIT,20,Home,0,-10,7,7,0
2022_06_CAR_LA,2022,REG,6,2022-10-16,Sunday,16:05,CAR,10,LA,24,Home,0,10,7,7,0
2022_06_ARI_SEA,2022,REG,6,2022-10-16,Sunday,16:05,ARI,9,SEA,19,Home,0,-2.5,7,7,1
2022_06_BUF_KC,2022,REG,6,2022-10-16,Sunday,16:25,BUF,24,KC,20,Home,0,-2.5,7,6,0
2022_06_DAL_PHI,2022,REG,6,2022-10-16,Sunday,20:20,DAL,17,PHI,26,Home,0,6.5,7,7,1
2022_06_DEN_LAC,2022,REG,6,2022-10-17,Monday,20:15,DEN,16,LAC,19,Home,1,3.5,11,8,1
2022_07_NO_ARI,2022,REG,7,2022-10-20,Thursday,20:15,NO,34,ARI,42,Home,0,2.5,4,4,0
2022_07_CLE_BAL,2022,REG,7,2022-10-23,Sunday,13:00,CLE,20,BAL,23,Home,0,6.5,7,7,1
2022_07_TB_CAR,2022,REG,7,2022-10-23,Sunday,13:00,TB,3,CAR,21,Home,0,-13,7,7,1
2022_07_ATL_CIN,2022,REG,7,2022-10-23,Sunday,13:00,ATL,17,CIN,35,Home,0,6.5,7,7,0
2022_07_DET_DAL,2022,REG,7,2022-10-23,Sunday,13:00,DET,6,DAL,24,Home,0,7,14,7,0
2022_07_NYG_JAX,2022,REG,7,2022-10-23,Sunday,13:00,NYG,23,JAX,17,Home,0,3,7,7,0
2022_07_IND_TEN,2022,REG,7,2022-10-23,Sunday,13:00,IND,10,TEN,19,Home,0,2.5,7,14,1
2022_07_GB_WAS,2022,REG,7,2022-10-23,Sunday,13:00,GB,21,WAS,23,Home,0,-4,7,10,0
2022_07_NYJ_DEN,2022,REG,7,2022-10-23,Sunday,16:05,NYJ,16,DEN,9,Home,0,-2,7,6,0
2022_07_HOU_LV,2022,REG,7,2022-10-23,Sunday,16:05,HOU,20,LV,38,Home,0,7,14,13,0
2022_07_SEA_LAC,2022,REG,7,2022-10-23,Sunday,16:25,SEA,37,LAC,23,Home,0,5.5,7,6,0
2022_07_KC_SF,2022,REG,7,2022-10-23,Sunday,16:25,KC,44,SF,23,Home,0,-1,7,7,0
2022_07_PIT_MIA,2022,REG,7,2022-10-23,Sunday,20:20,PIT,10,MIA,16,Home,0,7.5,7,7,0
2022_07_CHI_NE,2022,REG,7,2022-10-24,Monday,20:15,CHI,33,NE,14,Home,0,9.5,11,8,0
2022_08_BAL_TB,2022,REG,8,2022-10-27,Thursday,20:15,BAL,27,TB,22,Home,0,2,4,4,0
2022_08_DEN_JAX,2022,REG,8,2022-10-30,Sunday,09:30,DEN,21,JAX,17,Neutral,0,1,7,7,0
2022_08_CAR_ATL,2022,REG,8,2022-10-30,Sunday,13:00,CAR,34,ATL,37,Home,1,4.5,7,7,1
2022_08_CHI_DAL,2022,REG,8,2022-10-30,Sunday,13:00,CHI,29,DAL,49,Home,0,10.5,6,7,0
2022_08_MIA_DET,2022,REG,8,2022-10-30,Sunday,13:00,MIA,31,DET,27,Home,0,-3.5,7,7,0
2022_08_ARI_MIN,2022,REG,8,2022-10-30,Sunday,13:00,ARI,26,MIN,34,Home,0,4,10,14,0
2022_08_LV_NO,2022,REG,8,2022-10-30,Sunday,13:00,LV,0,NO,24,Home,0,-1,7,10,0
2022_08_NE_NYJ,2022,REG,8,2022-10-30,Sunday,13:00,NE,22,NYJ,17,Home,0,-3,6,7,1
2022_08_PIT_PHI,2022,REG,8,2022-10-30,Sunday,13:00,PIT,13,PHI,35,Home,0,11,7,14,0
2022_08_TEN_HOU,2022,REG,8,2022-10-30,Sunday,16:05,TEN,17,HOU,10,Home,0,-1,7,7,1
2022_08_WAS_IND,2022,REG,8,2022-10-30,Sunday,16:25,WAS,17,IND,16,Home,0,3,7,7,0
2022_08_SF_LA,2022,REG,8,2022-10-30,Sunday,16:25,SF,31,LA,14,Home,0,-1,7,14,1
2022_08_NYG_SEA,2022,REG,8,2022-10-30,Sunday,16:25,NYG,13,SEA,27,Home,0,3,7,7,0
2022_08_GB_BUF,2022,REG,8,2022-10-30,Sunday,20:20,GB,17,BUF,27,Home,0,10.5,7,14,0
2022_08_CIN_CLE,2022,REG,8,2022-10-31,Monday,20:15,CIN,13,CLE,32,Home,0,-3,8,8,1
2022_09_PHI_HOU,2022,REG,9,2022-11-03,Thursday,20:15,PHI,29,HOU,17,Home,0,-14,4,4,0
2022_09_LAC_ATL,2022,REG,9,2022-11-06,Sunday,13:00,LAC,20,ATL,17,Home,0,-2.5,14,7,0
2022_09_MIA_CHI,2022,REG,9,2022-11-06,Sunday,13:00,MIA,35,CHI,32,Home,0,-4,7,7,0
2022_09_CAR_CIN,2022,REG,9,2022-11-06,Sunday,13:00,CAR,21,CIN,42,Home,0,7,7,6,0
2022_09_GB_DET,2022,REG,9,2022-11-06,Sunday,13:00,GB,9,DET,15,Home,0,-4,7,7,1
2022_09_LV_JAX,2022,REG,9,2022-11-06,Sunday,13:00,LV,20,JAX,27,Home,0,-2.5,7,7,0
2022_09_IND_NE,2022,REG,9,2022-11-06,Sunday,13:00,IND,3,NE,26,Home,0,5,7,7,0
2022_09_BUF_NYJ,2022,REG,9,2022-11-06,Sunday,13:00,BUF,17,NYJ,20,Home,0,-11,7,7,1
2022_09_MIN_WAS,2022,REG,9,2022-11-06,Sunday,13:00,MIN,20,WAS,17,Home,0,-3,7,7,0
2022_09_SEA_ARI,2022,REG,9,2022-11-06,Sunday,16:05,SEA,31,ARI,21,Home,0,1.5,7,7,1
2022_09_LA_TB,2022,REG,9,2022-11-06,Sunday,16:25,LA,13,TB,16,Home,0,3,7,10,0
2022_09_TEN_KC,2022,REG,9,2022-11-06,Sunday,20:20,TEN,17,KC,20,Home,1,14,7,14,0
2022_09_BAL_NO,2022,REG,9,2022-11-07,Monday,20:15,BAL,27,NO,13,Home,0,-1,11,8,0
2022_10_ATL_CAR,2022,REG,10,2022-11-10,Thursday,20:15,ATL,15,CAR,25,Home,0,-2.5,4,4,1
2022_10_SEA_TB,2022,REG,10,2022-11-13,Sunday,09:30,SEA,16,TB,21,Neutral,0,2.5,7,7,0
2022_10_MIN_BUF,2022,REG,10,2022-11-13,Sunday,13:00,MIN,33,BUF,30,Home,1,6.5,7,7,0
2022_10_DET_CHI,2022,REG,10,2022-11-13,Sunday,13:00,DET,31,CHI,30,Home,0,3,7,7,1
2022_10_JAX_KC,2022,REG,10,2022-11-13,Sunday,13:00,JAX,17,KC,27,Home,0,10,7,7,0
2022_10_CLE_MIA,2022,REG,10,2022-11-13,Sunday,13:00,CLE,17,MIA,39,Home,0,3,13,7,0
2022_10_HOU_NYG,2022,REG,10,2022-11-13,Sunday,13:00,HOU,16,NYG,24,Home,0,5.5,10,14,0
2022_10_NO_PIT,2022,REG,10,2022-11-13,Sunday,13:00,NO,10,PIT,20,Home,0,1,6,14,0
2022_10_DEN_TEN,2022,REG,10,2022-11-13,Sunday,13:00,DEN,10,TEN,17,Home,0,2.5,14,7,0
2022_10_IND_LV,2022,REG,10,2022-11-13,Sunday,16:05,IND,25,LV,20,Home,0,4.5,7,7,0
2022_10_DAL_GB,2022,REG,10,2022-11-13,Sunday,16:25,DAL,28,GB,31,Home,1,-3.5,14,7,0
2022_10_ARI_LA,2022,REG,10,2022-11-13,Sunday,16:25,ARI,27,LA,17,Home,0,3.5,7,7,1
2022_10_LAC_SF,2022,REG,10,2022-11-13,Sunday,20:20,LAC,16,SF,22,Home,0,8.5,7,14,0
2022_10_WAS_PHI,2022,REG,10,2022-11-14,Monday,20:15,WAS,32,PHI,21,Home,0,11,8,11,1
2022_11_TEN_GB,2022,REG,11,2022-11-17,Thursday,20:15,TEN,27,GB,17,Home,0,3,4,4,0
2022_11_CHI_ATL,2022,REG,11,2022-11-20,Sunday,13:00,CHI,24,ATL,27,Home,0,3,7,10,0
2022_11_CAR_BAL,2022,REG,11,2022-11-20,Sunday,13:00,CAR,3,BAL,13,Home,0,13,10,13,0
2022_11_CLE_BUF,2022,REG,11,2022-11-20,Sunday,13:00,CLE,23,BUF,31,Neutral,0,7.5,7,7,0
2022_11_WAS_HOU,2022,REG,11,2022-11-20,Sunday,13:00,WAS,23,HOU,10,Home,0,-3,6,7,0
2022_11_PHI_IND,2022,REG,11,2022-11-20,Sunday,13:00,PHI,17,IND,16,Home,0,-6.5,6,7,0
2022_11_NYJ_NE,2022,REG,11,2022-11-20,Sunday,13:00,NYJ,3,NE,10,Home,0,3.5,14,14,1
2022_11_LA_NO,2022,REG,11,2022-11-20,Sunday,13:00,LA,20,NO,27,Home,0,2.5,7,7,0
2022_11_DET_NYG,2022,REG,11,2022-11-20,Sunday,13:00,DET,31,NYG,18,Home,0,3,7,7,0
2022_11_LV_DEN,2022,REG,11,2022-11-20,Sunday,16:05,LV,22,DEN,16,Home,1,2.5,7,7,1
2022_11_DAL_MIN,2022,REG,11,2022-11-20,Sunday,16:25,DAL,40,MIN,3,Home,0,-1.5,7,7,0
2022_11_CIN_PIT,2022,REG,11,2022-11-20,Sunday,16:25,CIN,37,PIT,30,Home,0,-3.5,14,7,1
2022_11_KC_LAC,2022,REG,11,2022-11-20,Sunday,20:20,KC,30,LAC,27,Home,0,-5.5,7,7,1
2022_11_SF_ARI,2022,REG,11,2022-11-21,Monday,20:15,SF,38,ARI,10,Neutral,0,-10,8,8,1
2022_12_BUF_DET,2022,REG,12,2022-11-24,Thursday,12:30,BUF,28,DET,25,Home,0,-10,4,4,0
2022_12_NYG_DAL,2022,REG,12,2022-11-24,Thursday,16:30,NYG,20,DAL,28,Home,0,10.5,4,4,1
2022_12_NE_MIN,2022,REG,12,2022-11-24,Thursday,20:20,NE,26,MIN,33,Home,0,2.5,4,4,0
2022_12_DEN_CAR,2022,REG,12,2022-11-27,Sunday,13:00,DEN,10,CAR,23,Home,0,-1,7,7,0
2022_12_TB_CLE,2022,REG,12,2022-11-27,Sunday,13:00,TB,17,CLE,23,Home,1,-3,14,7,0
2022_12_BAL_JAX,2022,REG,12,2022-11-27,Sunday,13:00,BAL,27,JAX,28,Home,0,-3.5,7,14,0
2022_12_HOU_MIA,2022,REG,12,2022-11-27,Sunday,13:00,HOU,15,MIA,30,Home,0,14,7,14,0
2022_12_CHI_NYJ,2022,REG,12,2022-11-27,Sunday,13:00,CHI,10,NYJ,31,Home,0,8.5,7,7,0
2022_12_CIN_TEN,2022,REG,12,2022-11-27,Sunday,13:00,CIN,20,TEN,16,Home,0,-1,7,10,0
2022_12_ATL_WAS,2022,REG,12,2022-11-27,Sunday,13:00,ATL,13,WAS,19,Home,0,3.5,7,7,0
2022_12_LAC_ARI,2022,REG,12,2022-11-27,Sunday,16:05,LAC,25,ARI,24,Home,0,-2.5,7,6,0
2022_12_LV_SEA,2022,REG,12,2022-11-27,Sunday,16:05,LV,40,SEA,34,Home,1,4,7,14,0
2022_12_LA_KC,2022,REG,12,2022-11-27,Sunday,16:25,LA,10,KC,26,Home,0,16.5,7,7,0
2022_12_NO_SF,2022,REG,12,2022-11-27,Sunday,16:25,NO,0,SF,13,Home,0,9.5,7,6,0
2022_12_GB_PHI,2022,REG,12,2022-11-27,Sunday,20:20,GB,33,PHI,40,Home,0,6.5,10,7,0
2022_12_PIT_IND,2022,REG,12,2022-11-28,Monday,20:15,PIT,24,IND,17,Home,0,2.5,8,8,0
2022_13_BUF_NE,2022,REG,13,2022-12-01,Thursday,20:15,BUF,24,NE,10,Home,0,-3.5,7,7,1
2022_13_PIT_ATL,2022,REG,13,2022-12-04,Sunday,13:00,PIT,19,ATL,16,Home,0,-1,6,7,0
2022_13_DEN_BAL,2022,REG,13,2022-12-04,Sunday,13:00,DEN,9,BAL,10,Home,0,9.5,7,7,0
2022_13_GB_CHI,2022,REG,13,2022-12-04,Sunday,13:00,GB,28,CHI,19,Home,0,-4,7,7,1
2022_13_JAX_DET,2022,REG,13,2022-12-04,Sunday,13:00,JAX,14,DET,40,Home,0,1,7,10,0
2022_13_CLE_HOU,2022,REG,13,2022-12-04,Sunday,13:00,CLE,27,HOU,14,Home,0,-7.5,7,7,0
2022_13_NYJ_MIN,2022,REG,13,2022-12-04,Sunday,13:00,NYJ,22,MIN,27,Home,0,3,7,10,0
2022_13_WAS_NYG,2022,REG,13,2022-12-04,Sunday,13:00,WAS,20,NYG,20,Home,1,-2.5,7,10,1
2022_13_TEN_PHI,2022,REG,13,2022-12-04,Sunday,13:00,TEN,10,PHI,35,Home,0,5,7,7,0
2022_13_SEA_LA,2022,REG,13,2022-12-04,Sunday,16:05,SEA,27,LA,23,Home,0,-7,7,7,1
2022_13_MIA_SF,2022,REG,13,2022-12-04,Sunday,16:05,MIA,17,SF,33,Home,0,4.5,7,7,0
2022_13_KC_CIN,2022,REG,13,2022-12-04,Sunday,16:25,KC,24,CIN,27,Home,0,-2.5,7,7,0
2022_13_LAC_LV,2022,REG,13,2022-12-04,Sunday,16:25,LAC,20,LV,27,Home,0,2.5,7,7,1
2022_13_IND_DAL,2022,REG,13,2022-12-04,Sunday,20:20,IND,19,DAL,54,Home,0,11,6,10,0
2022_13_NO_TB,2022,REG,13,2022-12-05,Monday,20:15,NO,16,TB,17,Home,0,3.5,8,8,1
2022_14_LV_LA,2022,REG,14,2022-12-08,Thursday,20:15,LV,16,LA,17,Home,0,-6.5,4,4,0
2022_14_NYJ_BUF,2022,REG,14,2022-12-11,Sunday,13:00,NYJ,12,BUF,20,Home,0,10,7,10,1
2022_14_CLE_CIN,2022,REG,14,2022-12-11,Sunday,13:00,CLE,10,CIN,23,Home,0,4.5,7,7,1
2022_14_HOU_DAL,2022,REG,14,2022-12-11,Sunday,13:00,HOU,23,DAL,27,Home,0,17,7,7,0
2022_14_MIN_DET,2022,REG,14,2022-12-11,Sunday,13:00,MIN,23,DET,34,Home,0,2.5,7,7,1
2022_14_PHI_NYG,2022,REG,14,2022-12-11,Sunday,13:00,PHI,48,NYG,22,Home,0,-7.5,7,7,1
2022_14_BAL_PIT,2022,REG,14,2022-12-11,Sunday,13:00,BAL,16,PIT,14,Home,0,1.5,7,7,1
2022_14_JAX_TEN,2022,REG,14,2022-12-11,Sunday,13:00,JAX,36,TEN,22,Home,0,3,7,7,1
2022_14_KC_DEN,2022,REG,14,2022-12-11,Sunday,16:05,KC,34,DEN,28,Home,0,-8.5,7,7,1
2022_14_CAR_SEA,2022,REG,14,2022-12-11,Sunday,16:25,CAR,30,SEA,24,Home,0,3.5,14,7,0
2022_14_TB_SF,2022,REG,14,2022-12-11,Sunday,16:25,TB,7,SF,35,Home,0,3.5,6,7,0
2022_14_MIA_LAC,2022,REG,14,2022-12-11,Sunday,20:20,MIA,17,LAC,23,Home,0,-3,7,7,0
2022_14_NE_ARI,2022,REG,14,2022-12-12,Monday,20:15,NE,27,ARI,13,Home,0,-2,11,15,0
2022_15_SF_SEA,2022,REG,15,2022-12-15,Thursday,20:15,SF,21,SEA,13,Home,0,-3,4,4,1
2022_15_IND_MIN,2022,REG,15,2022-12-17,Saturday,13:00,IND,36,MIN,39,Home,1,3.5,13,6,0
2022_15_BAL_CLE,2022,REG,15,2022-12-17,Saturday,16:30,BAL,3,CLE,13,Home,0,2.5,6,6,1
2022_15_MIA_BUF,2022,REG,15,2022-12-17,Saturday,20:15,MIA,29,BUF,32,Home,0,7,6,6,1
2022_15_PIT_CAR,2022,REG,15,2022-12-18,Sunday,13:00,PIT,24,CAR,16,Home,0,2.5,7,7,0
2022_15_PHI_CHI,2022,REG,15,2022-12-18,Sunday,13:00,PHI,25,CHI,20,Home,0,-8.5,7,14,0
2022_15_KC_HOU,2022,REG,15,2022-12-18,Sunday,13:00,KC,30,HOU,24,Home,1,-14.5,7,7,0
2022_15_DAL_JAX,2022,REG,15,2022-12-18,Sunday,13:00,DAL,34,JAX,40,Home,1,-4,7,7,0
2022_15_ATL_NO,2022,REG,15,2022-12-18,Sunday,13:00,ATL,18,NO,21,Home,0,5,14,13,1
2022_15_DET_NYJ,2022,REG,15,2022-12-18,Sunday,13:00,DET,20,NYJ,17,Home,0,2,7,7,0
2022_15_ARI_DEN,2022,REG,15,2022-12-18,Sunday,16:05,ARI,15,DEN,24,Home,0,1.5,6,7,0
2022_15_NE_LV,2022,REG,15,2022-12-18,Sunday,16:05,NE,24,LV,30,Home,0,1,6,10,0
2022_15_TEN_LAC,2022,REG,15,2022-12-18,Sunday,16:25,TEN,14,LAC,17,Home,0,3,7,7,0
2022_15_CIN_TB,2022,REG,15,2022-12-18,Sunday,16:25,CIN,34,TB,23,Home,0,-3.5,7,7,0
2022_15_NYG_WAS,2022,REG,15,2022-12-18,Sunday,20:20,NYG,20,WAS,12,Home,0,4.5,7,14,1
2022_15_LA_GB,2022,REG,15,2022-12-19,Monday,20:15,LA,12,GB,24,Home,0,8,11,15,0
2022_16_JAX_NYJ,2022,REG,16,2022-12-22,Thursday,20:15,JAX,19,NYJ,3,Home,0,2.5,4,4,0
2022_16_ATL_BAL,2022,REG,16,2022-12-24,Saturday,13:00,ATL,9,BAL,17,Home,0,6.5,6,7,0
2022_16_DET_CAR,2022,REG,16,2022-12-24,Saturday,13:00,DET,23,CAR,37,Home,0,-2.5,6,6,0
2022_16_BUF_CHI,2022,REG,16,2022-12-24,Saturday,13:00,BUF,35,CHI,13,Home,0,-8,7,6,0
2022_16_NO_CLE,2022,REG,16,2022-12-24,Saturday,13:00,NO,17,CLE,10,Home,0,3,6,7,0
2022_16_SEA_KC,2022,REG,16,2022-12-24,Saturday,13:00,SEA,10,KC,24,Home,0,10.5,9,6,0
2022_16_NYG_MIN,2022,REG,16,2022-12-24,Saturday,13:00,NYG,24,MIN,27,Home,0,4.5,6,7,0
2022_16_CIN_NE,2022,REG,16,2022-12-24,Saturday,13:00,CIN,22,NE,18,Home,0,-3,6,6,0
2022_16_HOU_TEN,2022,REG,16,2022-12-24,Saturday,14:00,HOU,19,TEN,14,Home,0,3,6,6,1
2022_16_WAS_SF,2022,REG,16,2022-12-24,Saturday,16:05,WAS,20,SF,37,Home,0,6.5,6,9,0
2022_16_PHI_DAL,2022,REG,16,2022-12-24,Saturday,16:25,PHI,34,DAL,40,Home,0,4,6,6,1
2022_16_LV_PIT,2022,REG,16,2022-12-24,Saturday,20:15,LV,10,PIT,13,Home,0,2.5,6,6,0
2022_16_GB_MIA,2022,REG,16,2022-12-25,Sunday,13:00,GB,26,MIA,20,Home,0,3.5,6,8,0
2022_16_DEN_LA,2022,REG,16,2022-12-25,Sunday,16:30,DEN,14,LA,51,Home,0,-3,7,6,0
2022_16_TB_ARI,2022,REG,16,2022-12-25,Sunday,20:20,TB,19,ARI,16,Home,1,-7.5,7,7,0
2022_16_LAC_IND,2022,REG,16,2022-12-26,Monday,20:15,LAC,20,IND,3,Home,0,-3.5,8,9,0
2022_17_DAL_TEN,2022,REG,17,2022-12-29,Thursday,20:15,DAL,27,TEN,13,Home,0,-14,5,5,0
2022_17_ARI_ATL,2022,REG,17,2023-01-01,Sunday,13:00,ARI,19,ATL,20,Home,0,7,7,8,0
2022_17_CHI_DET,2022,REG,17,2023-01-01,Sunday,13:00,CHI,10,DET,41,Home,0,4.5,8,8,1
2022_17_JAX_HOU,2022,REG,17,2023-01-01,Sunday,13:00,JAX,31,HOU,3,Home,0,-3.5,10,8,1
2022_17_DEN_KC,2022,REG,17,2023-01-01,Sunday,13:00,DEN,24,KC,27,Home,0,13.5,7,8,1
2022_17_MIA_NE,2022,REG,17,2023-01-01,Sunday,13:00,MIA,21,NE,23,Home,0,3,7,8,1
2022_17_IND_NYG,2022,REG,17,2023-01-01,Sunday,13:00,IND,10,NYG,38,Home,0,5.5,6,8,0
2022_17_NO_PHI,2022,REG,17,2023-01-01,Sunday,13:00,NO,20,PHI,10,Home,0,5.5,8,8,0
2022_17_CAR_TB,2022,REG,17,2023-01-01,Sunday,13:00,CAR,24,TB,30,Home,0,3.5,8,7,1
2022_17_CLE_WAS,2022,REG,17,2023-01-01,Sunday,13:00,CLE,24,WAS,10,Home,0,1,8,8,0
2022_17_SF_LV,2022,REG,17,2023-01-01,Sunday,16:05,SF,37,LV,34,Home,1,-10,8,8,0
2022_17_NYJ_SEA,2022,REG,17,2023-01-01,Sunday,16:05,NYJ,6,SEA,23,Home,0,-1,10,8,0
2022_17_MIN_GB,2022,REG,17,2023-01-01,Sunday,16:25,MIN,17,GB,41,Home,0,3,8,7,1
2022_17_LA_LAC,2022,REG,17,2023-01-01,Sunday,16:25,LA,10,LAC,31,Home,0,6.5,7,6,0
2022_17_PIT_BAL,2022,REG,17,2023-01-01,Sunday,20:20,PIT,16,BAL,13,Home,0,1,8,8,1
2022_18_KC_LV,2022,REG,18,2023-01-07,Saturday,16:30,KC,31,LV,13,Home,0,-9,6,6,1
2022_18_TEN_JAX,2022,REG,18,2023-01-07,Saturday,20:15,TEN,16,JAX,20,Home,0,6,9,6,1
2022_18_TB_ATL,2022,REG,18,2023-01-08,Sunday,13:00,TB,17,ATL,30,Home,0,6,7,7,1
2022_18_NE_BUF,2022,REG,18,2023-01-08,Sunday,13:00,NE,23,BUF,35,Home,0,8,7,6,1
2022_18_MIN_CHI,2022,REG,18,2023-01-08,Sunday,13:00,MIN,29,CHI,13,Home,0,-6.5,7,7,1
2022_18_BAL_CIN,2022,REG,18,2023-01-08,Sunday,13:00,BAL,16,CIN,27,Home,0,11,7,6,1
2022_18_HOU_IND,2022,REG,18,2023-01-08,Sunday,13:00,HOU,32,IND,31,Home,0,3,7,7,1
2022_18_NYJ_MIA,2022,REG,18,2023-01-08,Sunday,13:00,NYJ,6,MIA,11,Home,0,3.5,7,7,1
2022_18_CAR_NO,2022,REG,18,2023-01-08,Sunday,13:00,CAR,10,NO,7,Home,0,3.5,7,7,1
2022_18_CLE_PIT,2022,REG,18,2023-01-08,Sunday,13:00,CLE,14,PIT,28,Home,0,2.5,7,7,1
2022_18_LAC_DEN,2022,REG,18,2023-01-08,Sunday,16:25,LAC,28,DEN,31,Home,0,6,7,7,1
2022_18_NYG_PHI,2022,REG,18,2023-01-08,Sunday,16:25,NYG,16,PHI,22,Home,0,16.5,7,7,1
2022_18_LA_SEA,2022,REG,18,2023-01-08,Sunday,16:25,LA,16,SEA,19,Home,1,5.5,7,7,1
2022_18_ARI_SF,2022,REG,18,2023-01-08,Sunday,16:25,ARI,13,SF,38,Home,0,14,7,7,1
2022_18_DAL_WAS,2022,REG,18,2023-01-08,Sunday,16:25,DAL,6,WAS,26,Home,0,-7.5,10,7,1
2022_18_DET_GB,2022,REG,18,2023-01-08,Sunday,20:20,DET,20,GB,16,Home,0,5.5,7,7,1
2022_19_SEA_SF,2022,WC,19,2023-01-14,Saturday,16:30,SEA,23,SF,41,Home,0,10,6,6,1
2022_19_LAC_JAX,2022,WC,19,2023-01-14,Saturday,20:15,LAC,30,JAX,31,Home,0,-2,6,7,0
2022_19_MIA_BUF,2022,WC,19,2023-01-15,Sunday,13:00,MIA,31,BUF,34,Home,0,14,7,7,1
2022_19_NYG_MIN,2022,WC,19,2023-01-15,Sunday,16:50,NYG,31,MIN,24,Home,0,2.5,7,7,0
2022_19_BAL_CIN,2022,WC,19,2023-01-15,Sunday,20:15,BAL,17,CIN,24,Home,0,7.5,7,7,1
2022_19_DAL_TB,2022,WC,19,2023-01-16,Monday,20:15,DAL,31,TB,14,Home,0,-2.5,8,8,0
2022_20_JAX_KC,2022,DIV,20,2023-01-21,Saturday,16:30,JAX,20,KC,27,Home,0,10,7,14,0
2022_20_NYG_PHI,2022,DIV,20,2023-01-21,Saturday,20:15,NYG,7,PHI,38,Home,0,8,6,13,1
2022_20_CIN_BUF,2022,DIV,20,2023-01-22,Sunday,15:00,CIN,27,BUF,10,Home,0,6,7,7,0
2022_20_DAL_SF,2022,DIV,20,2023-01-22,Sunday,18:30,DAL,12,SF,19,Home,0,3.5,6,8,0
2022_21_SF_PHI,2022,CON,21,2023-01-29,Sunday,15:00,SF,7,PHI,31,Home,0,2.5,7,8,0
2022_21_CIN_KC,2022,CON,21,2023-01-29,Sunday,18:30,CIN,20,KC,23,Home,0,2,7,8,0
2022_22_KC_PHI,2022,SB,22,2023-02-12,Sunday,18:30,KC,38,PHI,35,Neutral,0,1,14,14,0
2023_01_DET_KC,2023,REG,1,2023-09-07,Thursday,20:20,DET,21,KC,20,Home,0,4,7,7,0
2023_01_CAR_ATL,2023,REG,1,2023-09-10,Sunday,13:00,CAR,10,ATL,24,Home,0,3.5,7,7,1
2023_01_HOU_BAL,2023,REG,1,2023-09-10,Sunday,13:00,HOU,9,BAL,25,Home,0,9.5,7,7,0
2023_01_CIN_CLE,2023,REG,1,2023-09-10,Sunday,13:00,CIN,3,CLE,24,Home,0,-1,7,7,1
2023_01_JAX_IND,2023,REG,1,2023-09-10,Sunday,13:00,JAX,31,IND,21,Home,0,-4,7,7,1
2023_01_TB_MIN,2023,REG,1,2023-09-10,Sunday,13:00,TB,20,MIN,17,Home,0,4,7,7,0
2023_01_TEN_NO,2023,REG,1,2023-09-10,Sunday,13:00,TEN,15,NO,16,Home,0,3,7,7,0
2023_01_SF_PIT,2023,REG,1,2023-09-10,Sunday,13:00,SF,30,PIT,7,Home,0,-1.5,7,7,0
2023_01_ARI_WAS,2023,REG,1,2023-09-10,Sunday,13:00,ARI,16,WAS,20,Home,0,7,7,7,0
2023_01_GB_CHI,2023,REG,1,2023-09-10,Sunday,16:25,GB,38,CHI,20,Home,0,1,7,7,1
2023_01_LV_DEN,2023,REG,1,2023-09-10,Sunday,16:25,LV,17,DEN,16,Home,0,3,7,7,1
2023_01_MIA_LAC,2023,REG,1,2023-09-10,Sunday,16:25,MIA,36,LAC,34,Home,0,3,7,7,0
2023_01_PHI_NE,2023,REG,1,2023-09-10,Sunday,16:25,PHI,25,NE,20,Home,0,-3.5,7,7,0
2023_01_LA_SEA,2023,REG,1,2023-09-10,Sunday,16:25,LA,30,SEA,13,Home,0,4.5,7,7,1
2023_01_DAL_NYG,2023,REG,1,2023-09-10,Sunday,20:20,DAL,40,NYG,0,Home,0,-3.5,7,7,1
2023_01_BUF_NYJ,2023,REG,1,2023-09-11,Monday,20:15,BUF,16,NYJ,22,Home,1,-2.5,7,7,1
2023_02_MIN_PHI,2023,REG,2,2023-09-14,Thursday,20:15,MIN,28,PHI,34,Home,0,6,4,4,0
2023_02_GB_ATL,2023,REG,2,2023-09-17,Sunday,13:00,GB,24,ATL,25,Home,0,3,7,7,0
2023_02_LV_BUF,2023,REG,2,2023-09-17,Sunday,13:00,LV,10,BUF,38,Home,0,7.5,7,6,0
2023_02_BAL_CIN,2023,REG,2,2023-09-17,Sunday,13:00,BAL,27,CIN,24,Home,0,3.5,7,7,1
2023_02_SEA_DET,2023,REG,2,2023-09-17,Sunday,13:00,SEA,37,DET,31,Home,1,4.5,7,10,0
2023_02_IND_HOU,2023,REG,2,2023-09-17,Sunday,13:00,IND,31,HOU,20,Home,0,-1,7,7,1
2023_02_KC_JAX,2023,REG,2,2023-09-17,Sunday,13:00,KC,17,JAX,9,Home,0,-3.5,10,7,0
2023_02_CHI_TB,2023,REG,2,2023-09-17,Sunday,13:00,CHI,17,TB,27,Home,0,2.5,7,7,0
2023_02_LAC_TEN,2023,REG,2,2023-09-17,Sunday,13:00,LAC,24,TEN,27,Home,1,-2.5,7,7,0
2023_02_NYG_ARI,2023,REG,2,2023-09-17,Sunday,16:05,NYG,31,ARI,28,Home,0,-5,7,7,0
2023_02_SF_LA,2023,REG,2,2023-09-17,Sunday,16:05,SF,30,LA,23,Home,0,-7.5,7,7,1
2023_02_NYJ_DAL,2023,REG,2,2023-09-17,Sunday,16:25,NYJ,10,DAL,30,Home,0,8.5,6,7,0
2023_02_WAS_DEN,2023,REG,2,2023-09-17,Sunday,16:25,WAS,35,DEN,33,Home,0,4,7,7,0
2023_02_MIA_NE,2023,REG,2,2023-09-17,Sunday,20:20,MIA,24,NE,17,Home,0,-2,7,7,1
2023_02_NO_CAR,2023,REG,2,2023-09-18,Monday,19:15,NO,20,CAR,17,Home,0,-3,8,8,1
2023_02_CLE_PIT,2023,REG,2,2023-09-18,Monday,20:15,CLE,22,PIT,26,Home,0,-2.5,8,8,1
2023_03_NYG_SF,2023,REG,3,2023-09-21,Thursday,20:15,NYG,12,SF,30,Home,0,10.5,4,4,0
2023_03_IND_BAL,2023,REG,3,2023-09-24,Sunday,13:00,IND,22,BAL,19,Home,1,7.5,7,7,0
2023_03_TEN_CLE,2023,REG,3,2023-09-24,Sunday,13:00,TEN,3,CLE,27,Home,0,3.5,7,6,0
2023_03_ATL_DET,2023,REG,3,2023-09-24,Sunday,13:00,ATL,6,DET,20,Home,0,3,7,7,0
2023_03_NO_GB,2023,REG,3,2023-09-24,Sunday,13:00,NO,17,GB,18,Home,0,-1.5,6,7,0
2023_03_HOU_JAX,2023,REG,3,2023-09-24,Sunday,13:00,HOU,37,JAX,17,Home,0,7.5,7,7,1
2023_03_DEN_MIA,2023,REG,3,2023-09-24,Sunday,13:00,DEN,20,MIA,70,Home,0,6,7,7,0
2023_03_LAC_MIN,2023,REG,3,2023-09-24,Sunday,13:00,LAC,28,MIN,24,Home,0,1,7,10,0
2023_03_NE_NYJ,2023,REG,3,2023-09-24,Sunday,13:00,NE,15,NYJ,10,Home,0,-2.5,7,7,1
2023_03_BUF_WAS,2023,REG,3,2023-09-24,Sunday,13:00,BUF,37,WAS,3,Home,0,-5.5,7,7,0
2023_03_CAR_SEA,2023,REG,3,2023-09-24,Sunday,16:05,CAR,27,SEA,37,Home,0,5,6,7,0
2023_03_DAL_ARI,2023,REG,3,2023-09-24,Sunday,16:25,DAL,16,ARI,28,Home,0,-11.5,7,7,0
2023_03_CHI_KC,2023,REG,3,2023-09-24,Sunday,16:25,CHI,10,KC,41,Home,0,13,7,7,0
2023_03_PIT_LV,2023,REG,3,2023-09-24,Sunday,20:20,PIT,23,LV,18,Home,0,3,6,7,0
2023_03_PHI_TB,2023,REG,3,2023-09-25,Monday,19:15,PHI,25,TB,11,Home,0,-6,11,8,0
2023_03_LA_CIN,2023,REG,3,2023-09-25,Monday,20:15,LA,16,CIN,19,Home,0,3,8,8,0
2023_04_DET_GB,2023,REG,4,2023-09-28,Thursday,20:15,DET,34,GB,20,Home,0,-2.5,4,4,1
2023_04_ATL_JAX,2023,REG,4,2023-10-01,Sunday,09:30,ATL,7,JAX,23,Neutral,0,3.5,7,7,0
2023_04_MIA_BUF,2023,REG,4,2023-10-01,Sunday,13:00,MIA,20,BUF,48,Home,0,2.5,7,7,1
2023_04_MIN_CAR,2023,REG,4,2023-10-01,Sunday,13:00,MIN,21,CAR,13,Home,0,-4.5,7,7,0
2023_04_DEN_CHI,2023,REG,4,2023-10-01,Sunday,13:00,DEN,31,CHI,28,Home,0,-3,7,7,0
2023_04_BAL_CLE,2023,REG,4,2023-10-01,Sunday,13:00,BAL,28,CLE,3,Home,0,-2,7,7,1
2023_04_PIT_HOU,2023,REG,4,2023-10-01,Sunday,13:00,PIT,6,HOU,30,Home,0,-3,7,7,0
2023_04_LA_IND,2023,REG,4,2023-10-01,Sunday,13:00,LA,29,IND,23,Home,1,-1,6,7,0
2023_04_TB_NO,2023,REG,4,2023-10-01,Sunday,13:00,TB,26,NO,9,Home,0,4,6,7,1
2023_04_WAS_PHI,2023,REG,4,2023-10-01,Sunday,13:00,WAS,31,PHI,34,Home,1,9.5,7,6,1
2023_04_CIN_TEN,2023,REG,4,2023-10-01,Sunday,13:00,CIN,3,TEN,27,Home,0,-2.5,6,7,0
2023_04_LV_LAC,2023,REG,4,2023-10-01,Sunday,16:05,LV,17,LAC,24,Home,0,7,7,7,1
2023_04_NE_DAL,2023,REG,4,2023-10-01,Sunday,16:25,NE,3,DAL,38,Home,0,6.5,7,7,0
2023_04_ARI_SF,2023,REG,4,2023-10-01,Sunday,16:25,ARI,16,SF,35,Home,0,15,7,10,1
2023_04_KC_NYJ,2023,REG,4,2023-10-01,Sunday,20:20,KC,23,NYJ,20,Home,0,-9.5,7,7,0
2023_04_SEA_NYG,2023,REG,4,2023-10-02,Monday,20:15,SEA,24,NYG,3,Home,0,-2.5,8,11,0
2023_05_CHI_WAS,2023,REG,5,2023-10-05,Thursday,20:15,CHI,40,WAS,20,Home,0,6,4,4,0
2023_05_JAX_BUF,2023,REG,5,2023-10-08,Sunday,09:30,JAX,25,BUF,20,Neutral,0,5.5,7,7,0
2023_05_HOU_ATL,2023,REG,5,2023-10-08,Sunday,13:00,HOU,19,ATL,21,Home,0,2.5,7,7,0
2023_05_CAR_DET,2023,REG,5,2023-10-08,Sunday,13:00,CAR,24,DET,42,Home,0,9.5,7,10,0
2023_05_TEN_IND,2023,REG,5,2023-10-08,Sunday,13:00,TEN,16,IND,23,Home,0,-2.5,7,7,1
2023_05_NYG_MIA,2023,REG,5,2023-10-08,Sunday,13:00,NYG,16,MIA,31,Home,0,12.5,6,7,0
2023_05_NO_NE,2023,REG,5,2023-10-08,Sunday,13:00,NO,34,NE,0,Home,0,2.5,7,7,0
2023_05_BAL_PIT,2023,REG,5,2023-10-08,Sunday,13:00,BAL,10,PIT,17,Home,0,-4.5,7,7,1
2023_05_CIN_ARI,2023,REG,5,2023-10-08,Sunday,16:05,CIN,34,ARI,20,Home,0,-3,7,7,0
2023_05_PHI_LA,2023,REG,5,2023-10-08,Sunday,16:05,PHI,23,LA,14,Home,0,-3.5,7,7,0
2023_05_NYJ_DEN,2023,REG,5,2023-10-08,Sunday,16:25,NYJ,31,DEN,21,Home,0,2.5,7,7,0
2023_05_KC_MIN,2023,REG,5,2023-10-08,Sunday,16:25,KC,27,MIN,20,Home,0,-3.5,7,7,0
2023_05_DAL_SF,2023,REG,5,2023-10-08,Sunday,20:20,DAL,10,SF,42,Home,0,3.5,7,7,0
2023_05_GB_LV,2023,REG,5,2023-10-09,Monday,20:15,GB,13,LV,17,Home,0,1,11,8,0
2023_06_DEN_KC,2023,REG,6,2023-10-12,Thursday,20:15,DEN,8,KC,19,Home,0,10.5,4,4,1
2023_06_BAL_TEN,2023,REG,6,2023-10-15,Sunday,09:30,BAL,24,TEN,16,Neutral,0,-5.5,7,7,0
2023_06_WAS_ATL,2023,REG,6,2023-10-15,Sunday,13:00,WAS,24,ATL,16,Home,0,1.5,10,7,0
2023_06_MIN_CHI,2023,REG,6,2023-10-15,Sunday,13:00,MIN,19,CHI,13,Home,0,-3,7,10,1
2023_06_SEA_CIN,2023,REG,6,2023-10-15,Sunday,13:00,SEA,13,CIN,17,Home,0,3,13,7,0
2023_06_SF_CLE,2023,REG,6,2023-10-15,Sunday,13:00,SF,17,CLE,19,Home,0,-9.5,7,14,0
2023_06_NO_HOU,2023,REG,6,2023-10-15,Sunday,13:00,NO,13,HOU,20,Home,0,-2,7,7,0
2023_06_IND_JAX,2023,REG,6,2023-10-15,Sunday,13:00,IND,20,JAX,37,Home,0,4,7,7,1
2023_06_CAR_MIA,2023,REG,6,2023-10-15,Sunday,13:00,CAR,21,MIA,42,Home,0,14,7,7,0
2023_06_NE_LV,2023,REG,6,2023-10-15,Sunday,16:05,NE,17,LV,21,Home,0,3,7,6,0
2023_06_ARI_LA,2023,REG,6,2023-10-15,Sunday,16:25,ARI,9,LA,26,Home,0,7,7,7,1
2023_06_PHI_NYJ,2023,REG,6,2023-10-15,Sunday,16:25,PHI,14,NYJ,20,Home,0,-6.5,7,7,0
2023_06_DET_TB,2023,REG,6,2023-10-15,Sunday,16:25,DET,20,TB,6,Home,0,-3,7,14,0
2023_06_NYG_BUF,2023,REG,6,2023-10-15,Sunday,20:20,NYG,9,BUF,14,Home,0,15.5,7,7,0
2023_06_DAL_LAC,2023,REG,6,2023-10-16,Monday,20:15,DAL,20,LAC,17,Home,0,-1.5,8,15,0
2023_07_JAX_NO,2023,REG,7,2023-10-19,Thursday,20:15,JAX,31,NO,24,Home,0,2.5,4,4,0
2023_07_DET_BAL,2023,REG,7,2023-10-22,Sunday,13:00,DET,6,BAL,38,Home,0,3,7,7,0
2023_07_LV_CHI,2023,REG,7,2023-10-22,Sunday,13:00,LV,12,CHI,30,Home,0,-2.5,7,7,0
2023_07_CLE_IND,2023,REG,7,2023-10-22,Sunday,13:00,CLE,39,IND,38,Home,0,-3.5,7,7,0
2023_07_BUF_NE,2023,REG,7,2023-10-22,Sunday,13:00,BUF,25,NE,29,Home,0,-7.5,7,7,1
2023_07_WAS_NYG,2023,REG,7,2023-10-22,Sunday,13:00,WAS,7,NYG,14,Home,0,-3,7,7,1
2023_07_ATL_TB,2023,REG,7,2023-10-22,Sunday,13:00,ATL,16,TB,13,Home,0,3,7,7,1
2023_07_PIT_LA,2023,REG,7,2023-10-22,Sunday,16:05,PIT,24,LA,17,Home,0,3.5,14,7,0
2023_07_ARI_SEA,2023,REG,7,2023-10-22,Sunday,16:05,ARI,10,SEA,20,Home,0,9.5,7,7,1
2023_07_GB_DEN,2023,REG,7,2023-10-22,Sunday,16:25,GB,17,DEN,19,Home,0,1.5,13,10,0
2023_07_LAC_KC,2023,REG,7,2023-10-22,Sunday,16:25,LAC,17,KC,31,Home,0,5.5,6,10,1
2023_07_MIA_PHI,2023,REG,7,2023-10-22,Sunday,20:20,MIA,17,PHI,31,Home,0,3,7,7,0
2023_07_SF_MIN,2023,REG,7,2023-10-23,Monday,20:15,SF,17,MIN,22,Home,0,-7,8,8,0
2023_08_TB_BUF,2023,REG,8,2023-10-26,Thursday,20:15,TB,18,BUF,24,Home,0,10,4,4,0
2023_08_HOU_CAR,2023,REG,8,2023-10-29,Sunday,13:00,HOU,13,CAR,15,Home,0,-3,14,14,0
2023_08_LA_DAL,2023,REG,8,2023-10-29,Sunday,13:00,LA,20,DAL,43,Home,0,6.5,7,13,0
2023_08_MIN_GB,2023,REG,8,2023-10-29,Sunday,13:00,MIN,24,GB,10,Home,0,-1,6,7,1
2023_08_NO_IND,2023,REG,8,2023-10-29,Sunday,13:00,NO,38,IND,27,Home,0,-2,10,7,0
2023_08_NE_MIA,2023,REG,8,2023-10-29,Sunday,13:00,NE,17,MIA,31,Home,0,7.5,7,7,1
2023_08_NYJ_NYG,2023,REG,8,2023-10-29,Sunday,13:00,NYJ,13,NYG,10,Home,1,-3,14,7,0
2023_08_JAX_PIT,2023,REG,8,2023-10-29,Sunday,13:00,JAX,20,PIT,10,Home,0,-2.5,10,7,0
2023_08_ATL_TEN,2023,REG,8,2023-10-29,Sunday,13:00,ATL,23,TEN,28,Home,0,-2.5,7,14,0
2023_08_PHI_WAS,2023,REG,8,2023-10-29,Sunday,13:00,PHI,38,WAS,31,Home,0,-7,7,7,1
2023_08_CLE_SEA,2023,REG,8,2023-10-29,Sunday,16:05,CLE,20,SEA,24,Home,0,4,7,7,0
2023_08_BAL_ARI,2023,REG,8,2023-10-29,Sunday,16:25,BAL,31,ARI,24,Home,0,-9.5,7,7,0
2023_08_KC_DEN,2023,REG,8,2023-10-29,Sunday,16:25,KC,9,DEN,24,Home,0,-7,7,7,1
2023_08_CIN_SF,2023,REG,8,2023-10-29,Sunday,16:25,CIN,31,SF,17,Home,0,4,14,6,0
2023_08_CHI_LAC,2023,REG,8,2023-10-29,Sunday,20:20,CHI,13,LAC,30,Home,0,9.5,7,7,0
2023_08_LV_DET,2023,REG,8,2023-10-30,Monday,20:15,LV,14,DET,26,Home,0,7,8,8,0
2023_09_TEN_PIT,2023,REG,9,2023-11-02,Thursday,20:15,TEN,16,PIT,20,Home,0,3.5,4,4,0
2023_09_MIA_KC,2023,REG,9,2023-11-05,Sunday,09:30,MIA,14,KC,21,Neutral,0,1,7,7,0
2023_09_MIN_ATL,2023,REG,9,2023-11-05,Sunday,13:00,MIN,31,ATL,28,Home,0,3.5,7,7,0
2023_09_SEA_BAL,2023,REG,9,2023-11-05,Sunday,13:00,SEA,3,BAL,37,Home,0,6,7,7,0
2023_09_ARI_CLE,2023,REG,9,2023-11-05,Sunday,13:00,ARI,0,CLE,27,Home,0,13,7,7,0
2023_09_LA_GB,2023,REG,9,2023-11-05,Sunday,13:00,LA,3,GB,20,Home,0,3.5,7,7,0
2023_09_TB_HOU,2023,REG,9,2023-11-05,Sunday,13:00,TB,37,HOU,39,Home,0,2.5,10,7,0
2023_09_WAS_NE,2023,REG,9,2023-11-05,Sunday,13:00,WAS,20,NE,17,Home,0,2.5,7,7,0
2023_09_CHI_NO,2023,REG,9,2023-11-05,Sunday,13:00,CHI,17,NO,24,Home,0,9,7,7,0
2023_09_IND_CAR,2023,REG,9,2023-11-05,Sunday,16:05,IND,27,CAR,13,Home,0,-1.5,7,7,0
2023_09_NYG_LV,2023,REG,9,2023-11-05,Sunday,16:25,NYG,6,LV,30,Home,0,1,7,6,0
2023_09_DAL_PHI,2023,REG,9,2023-11-05,Sunday,16:25,DAL,23,PHI,28,Home,0,3.5,7,7,1
2023_09_BUF_CIN,2023,REG,9,2023-11-05,Sunday,20:20,BUF,18,CIN,24,Home,0,1.5,10,7,0
2023_09_LAC_NYJ,2023,REG,9,2023-11-06,Monday,20:15,LAC,27,NYJ,6,Home,0,-3,8,8,0
2023_10_CAR_CHI,2023,REG,10,2023-11-09,Thursday,20:15,CAR,13,CHI,16,Home,0,3,4,4,0
2023_10_IND_NE,2023,REG,10,2023-11-12,Sunday,09:30,IND,10,NE,6,Neutral,0,-1,7,7,0
2023_10_CLE_BAL,2023,REG,10,2023-11-12,Sunday,13:00,CLE,33,BAL,31,Home,0,6,7,7,1
2023_10_HOU_CIN,2023,REG,10,2023-11-12,Sunday,13:00,HOU,30,CIN,27,Home,0,5.5,7,7,0
2023_10_SF_JAX,2023,REG,10,2023-11-12,Sunday,13:00,SF,34,JAX,3,Home,0,-3,14,14,0
2023_10_NO_MIN,2023,REG,10,2023-11-12,Sunday,13:00,NO,19,MIN,27,Home,0,-3,7,7,0
2023_10_GB_PIT,2023,REG,10,2023-11-12,Sunday,13:00,GB,19,PIT,23,Home,0,3,7,10,0
2023_10_TEN_TB,2023,REG,10,2023-11-12,Sunday,13:00,TEN,6,TB,20,Home,0,2.5,10,7,0
2023_10_ATL_ARI,2023,REG,10,2023-11-12,Sunday,16:05,ATL,23,ARI,25,Home,0,-2,7,7,0
2023_10_DET_LAC,2023,REG,10,2023-11-12,Sunday,16:05,DET,41,LAC,38,Home,0,-2.5,13,6,0
2023_10_NYG_DAL,2023,REG,10,2023-11-12,Sunday,16:25,NYG,17,DAL,49,Home,0,17.5,7,7,1
2023_10_WAS_SEA,2023,REG,10,2023-11-12,Sunday,16:25,WAS,26,SEA,29,Home,0,6,7,7,0
2023_10_NYJ_LV,2023,REG,10,2023-11-12,Sunday,20:20,NYJ,12,LV,16,Home,0,-1,6,7,0
2023_10_DEN_BUF,2023,REG,10,2023-11-13,Monday,20:15,DEN,24,BUF,22,Home,0,7.5,15,8,0
2023_11_CIN_BAL,2023,REG,11,2023-11-16,Thursday,20:15,CIN,20,BAL,34,Home,0,4,4,4,1
2023_11_DAL_CAR,2023,REG,11,2023-11-19,Sunday,13:00,DAL,33,CAR,10,Home,0,-11,7,10,0
2023_11_PIT_CLE,2023,REG,11,2023-11-19,Sunday,13:00,PIT,10,CLE,13,Home,0,2.5,7,7,1
2023_11_CHI_DET,2023,REG,11,2023-11-19,Sunday,13:00,CHI,26,DET,31,Home,0,8,10,7,1
2023_11_LAC_GB,2023,REG,11,2023-11-19,Sunday,13:00,LAC,20,GB,23,Home,0,-3,7,7,0
2023_11_ARI_HOU,2023,REG,11,2023-11-19,Sunday,13:00,ARI,16,HOU,21,Home,0,5.5,7,7,0
2023_11_TEN_JAX,2023,REG,11,2023-11-19,Sunday,13:00,TEN,14,JAX,34,Home,0,6.5,7,7,1
2023_11_LV_MIA,2023,REG,11,2023-11-19,Sunday,13:00,LV,13,MIA,20,Home,0,14,7,14,0
2023_11_NYG_WAS,2023,REG,11,2023-11-19,Sunday,13:00,NYG,31,WAS,19,Home,0,7.5,7,7,1
2023_11_TB_SF,2023,REG,11,2023-11-19,Sunday,16:05,TB,14,SF,27,Home,0,13.5,7,7,0
2023_11_NYJ_BUF,2023,REG,11,2023-11-19,Sunday,16:25,NYJ,6,BUF,32,Home,0,8,7,6,1
2023_11_SEA_LA,2023,REG,11,2023-11-19,Sunday,16:25,SEA,16,LA,17,Home,0,2.5,7,14,1
2023_11_MIN_DEN,2023,REG,11,2023-11-19,Sunday,20:20,MIN,20,DEN,21,Home,0,2.5,7,6,0
2023_11_PHI_KC,2023,REG,11,2023-11-20,Monday,20:15,PHI,21,KC,17,Home,0,2.5,15,15,0
2023_12_GB_DET,2023,REG,12,2023-11-23,Thursday,12:30,GB,29,DET,22,Home,0,8.5,4,4,1
2023_12_WAS_DAL,2023,REG,12,2023-11-23,Thursday,16:30,WAS,10,DAL,45,Home,0,13,4,4,1
2023_12_SF_SEA,2023,REG,12,2023-11-23,Thursday,20:20,SF,31,SEA,13,Home,0,-7,4,4,1
2023_12_MIA_NYJ,2023,REG,12,2023-11-24,Friday,15:00,MIA,34,NYJ,13,Home,0,-9.5,5,5,1
2023_12_NO_ATL,2023,REG,12,2023-11-26,Sunday,13:00,NO,15,ATL,24,Home,0,-2,14,14,1
2023_12_PIT_CIN,2023,REG,12,2023-11-26,Sunday,13:00,PIT,16,CIN,10,Home,0,-2,7,10,1
2023_12_JAX_HOU,2023,REG,12,2023-11-26,Sunday,13:00,JAX,24,HOU,21,Home,0,-1,7,7,1
2023_12_TB_IND,2023,REG,12,2023-11-26,Sunday,13:00,TB,20,IND,27,Home,0,2.5,7,14,0
2023_12_NE_NYG,2023,REG,12,2023-11-26,Sunday,13:00,NE,7,NYG,10,Home,0,-4.5,14,7,0
2023_12_CAR_TEN,2023,REG,12,2023-11-26,Sunday,13:00,CAR,10,TEN,17,Home,0,3.5,7,7,0
2023_12_LA_ARI,2023,REG,12,2023-11-26,Sunday,16:05,LA,37,ARI,14,Home,0,-3,7,7,1
2023_12_CLE_DEN,2023,REG,12,2023-11-26,Sunday,16:05,CLE,12,DEN,29,Home,0,1.5,7,7,0
2023_12_KC_LV,2023,REG,12,2023-11-26,Sunday,16:25,KC,31,LV,17,Home,0,-9,6,7,1
2023_12_BUF_PHI,2023,REG,12,2023-11-26,Sunday,16:25,BUF,34,PHI,37,Home,1,2.5,7,6,0
2023_12_BAL_LAC,2023,REG,12,2023-11-26,Sunday,20:20,BAL,20,LAC,10,Home,0,-3,10,7,0
2023_12_CHI_MIN,2023,REG,12,2023-11-27,Monday,20:15,CHI,12,MIN,10,Home,0,3,8,8,1
2023_13_SEA_DAL,2023,REG,13,2023-11-30,Thursday,20:15,SEA,35,DAL,41,Home,0,9.5,7,7,0
2023_13_DEN_HOU,2023,REG,13,2023-12-03,Sunday,13:00,DEN,17,HOU,22,Home,0,3.5,7,7,0
2023_13_LAC_NE,2023,REG,13,2023-12-03,Sunday,13:00,LAC,6,NE,0,Home,0,-4.5,7,7,0
2023_13_DET_NO,2023,REG,13,2023-12-03,Sunday,13:00,DET,33,NO,28,Home,0,-4,10,7,0
2023_13_ATL_NYJ,2023,REG,13,2023-12-03,Sunday,13:00,ATL,13,NYJ,8,Home,0,-2,7,9,0
2023_13_ARI_PIT,2023,REG,13,2023-12-03,Sunday,13:00,ARI,24,PIT,10,Home,0,6,7,7,0
2023_13_IND_TEN,2023,REG,13,2023-12-03,Sunday,13:00,IND,31,TEN,28,Home,1,-1.5,7,7,1
2023_13_MIA_WAS,2023,REG,13,2023-12-03,Sunday,13:00,MIA,45,WAS,15,Home,0,-8.5,9,10,0
2023_13_CAR_TB,2023,REG,13,2023-12-03,Sunday,16:05,CAR,18,TB,21,Home,0,4,7,7,1
2023_13_CLE_LA,2023,REG,13,2023-12-03,Sunday,16:25,CLE,19,LA,36,Home,0,3.5,7,7,0
2023_13_SF_PHI,2023,REG,13,2023-12-03,Sunday,16:25,SF,42,PHI,19,Home,0,-3,10,7,0
2023_13_KC_GB,2023,REG,13,2023-12-03,Sunday,20:20,KC,19,GB,27,Home,0,-5.5,7,10,0
2023_13_CIN_JAX,2023,REG,13,2023-12-04,Monday,20:15,CIN,34,JAX,31,Home,1,10,8,8,0
2023_14_NE_PIT,2023,REG,14,2023-12-07,Thursday,20:15,NE,21,PIT,18,Home,0,6,4,4,0
2023_14_TB_ATL,2023,REG,14,2023-12-10,Sunday,13:00,TB,29,ATL,25,Home,0,1.5,7,7,1
2023_14_LA_BAL,2023,REG,14,2023-12-10,Sunday,13:00,LA,31,BAL,37,Home,1,7.5,7,14,0
2023_14_DET_CHI,2023,REG,14,2023-12-10,Sunday,13:00,DET,13,CHI,28,Home,0,-3,7,13,1
2023_14_IND_CIN,2023,REG,14,2023-12-10,Sunday,13:00,IND,14,CIN,34,Home,0,3,7,6,0
2023_14_JAX_CLE,2023,REG,14,2023-12-10,Sunday,13:00,JAX,27,CLE,31,Home,0,2.5,6,7,0
2023_14_CAR_NO,2023,REG,14,2023-12-10,Sunday,13:00,CAR,6,NO,28,Home,0,5.5,7,7,1
2023_14_HOU_NYJ,2023,REG,14,2023-12-10,Sunday,13:00,HOU,6,NYJ,30,Home,0,-3.5,7,7,0
2023_14_MIN_LV,2023,REG,14,2023-12-10,Sunday,16:05,MIN,3,LV,0,Home,0,-3,13,14,0
2023_14_SEA_SF,2023,REG,14,2023-12-10,Sunday,16:05,SEA,16,SF,28,Home,0,14.5,10,7,1
2023_14_BUF_KC,2023,REG,14,2023-12-10,Sunday,16:25,BUF,20,KC,17,Home,0,2,14,7,0
2023_14_DEN_LAC,2023,REG,14,2023-12-10,Sunday,16:25,DEN,24,LAC,7,Home,0,3,7,7,1
2023_14_PHI_DAL,2023,REG,14,2023-12-10,Sunday,20:20,PHI,13,DAL,33,Home,0,3.5,7,10,1
2023_14_TEN_MIA,2023,REG,14,2023-12-11,Monday,20:15,TEN,28,MIA,27,Home,0,14,8,8,0
2023_14_GB_NYG,2023,REG,14,2023-12-11,Monday,20:15,GB,22,NYG,24,Home,0,-6,8,15,0
2023_15_LAC_LV,2023,REG,15,2023-12-14,Thursday,20:15,LAC,21,LV,63,Home,0,3,4,4,1
2023_15_MIN_CIN,2023,REG,15,2023-12-16,Saturday,13:00,MIN,24,CIN,27,Home,1,3,6,6,0
2023_15_PIT_IND,2023,REG,15,2023-12-16,Saturday,16:30,PIT,13,IND,30,Home,0,1.5,9,6,0
2023_15_DEN_DET,2023,REG,15,2023-12-16,Saturday,20:15,DEN,17,DET,42,Home,0,5.5,6,6,0
2023_15_ATL_CAR,2023,REG,15,2023-12-17,Sunday,13:00,ATL,7,CAR,9,Home,0,-3,7,7,1
2023_15_CHI_CLE,2023,REG,15,2023-12-17,Sunday,13:00,CHI,17,CLE,20,Home,0,3,7,7,0
2023_15_TB_GB,2023,REG,15,2023-12-17,Sunday,13:00,TB,34,GB,20,Home,0,4,7,6,0
2023_15_NYJ_MIA,2023,REG,15,2023-12-17,Sunday,13:00,NYJ,0,MIA,30,Home,0,7.5,7,6,1
2023_15_KC_NE,2023,REG,15,2023-12-17,Sunday,13:00,KC,27,NE,17,Home,0,-10,7,10,0
2023_15_NYG_NO,2023,REG,15,2023-12-17,Sunday,13:00,NYG,6,NO,24,Home,0,6,6,7,0
2023_15_HOU_TEN,2023,REG,15,2023-12-17,Sunday,13:00,HOU,19,TEN,16,Home,1,3,7,6,1
2023_15_SF_ARI,2023,REG,15,2023-12-17,Sunday,16:05,SF,45,ARI,29,Home,0,-12.5,7,14,1
2023_15_WAS_LA,2023,REG,15,2023-12-17,Sunday,16:05,WAS,20,LA,28,Home,0,6.5,14,7,0
2023_15_DAL_BUF,2023,REG,15,2023-12-17,Sunday,16:25,DAL,10,BUF,31,Home,0,2,7,7,0
2023_15_BAL_JAX,2023,REG,15,2023-12-17,Sunday,20:20,BAL,23,JAX,7,Home,0,-4,7,7,0
2023_15_PHI_SEA,2023,REG,15,2023-12-18,Monday,20:15,PHI,17,SEA,20,Home,0,-5,8,8,0
2023_16_NO_LA,2023,REG,16,2023-12-21,Thursday,20:15,NO,22,LA,30,Home,0,4,4,4,0
2023_16_CIN_PIT,2023,REG,16,2023-12-23,Saturday,16:30,CIN,11,PIT,34,Home,0,-3,7,7,1
2023_16_BUF_LAC,2023,REG,16,2023-12-23,Saturday,20:00,BUF,24,LAC,22,Home,0,-13,6,9,0
2023_16_IND_ATL,2023,REG,16,2023-12-24,Sunday,13:00,IND,10,ATL,29,Home,0,3,8,7,0
2023_16_GB_CAR,2023,REG,16,2023-12-24,Sunday,13:00,GB,33,CAR,30,Home,0,-3.5,7,7,0
2023_16_CLE_HOU,2023,REG,16,2023-12-24,Sunday,13:00,CLE,36,HOU,22,Home,0,-3,7,7,0
2023_16_DET_MIN,2023,REG,16,2023-12-24,Sunday,13:00,DET,30,MIN,24,Home,0,-2.5,8,8,1
2023_16_WAS_NYJ,2023,REG,16,2023-12-24,Sunday,13:00,WAS,28,NYJ,30,Home,0,3,7,7,0
2023_16_SEA_TEN,2023,REG,16,2023-12-24,Sunday,13:00,SEA,20,TEN,17,Home,0,-3,6,7,0
2023_16_JAX_TB,2023,REG,16,2023-12-24,Sunday,16:05,JAX,12,TB,30,Home,0,-2,7,7,0
2023_16_ARI_CHI,2023,REG,16,2023-12-24,Sunday,16:25,ARI,16,CHI,27,Home,0,4.5,7,7,0
2023_16_DAL_MIA,2023,REG,16,2023-12-24,Sunday,16:25,DAL,20,MIA,22,Home,0,1.5,7,7,0
2023_16_NE_DEN,2023,REG,16,2023-12-24,Sunday,20:15,NE,26,DEN,23,Home,0,7,7,8,0
2023_16_LV_KC,2023,REG,16,2023-12-25,Monday,13:00,LV,20,KC,14,Home,0,11,11,8,1
2023_16_NYG_PHI,2023,REG,16,2023-12-25,Monday,16:30,NYG,25,PHI,33,Home,0,14,8,7,1
2023_16_BAL_SF,2023,REG,16,2023-12-25,Monday,20:15,BAL,33,SF,19,Home,0,6.5,8,8,0
2023_17_NYJ_CLE,2023,REG,17,2023-12-28,Thursday,20:15,NYJ,20,CLE,37,Home,0,6.5,4,4,0
2023_17_DET_DAL,2023,REG,17,2023-12-30,Saturday,20:15,DET,19,DAL,20,Home,0,5.5,6,6,0
2023_17_MIA_BAL,2023,REG,17,2023-12-31,Sunday,13:00,MIA,19,BAL,56,Home,0,3,7,6,0
2023_17_NE_BUF,2023,REG,17,2023-12-31,Sunday,13:00,NE,21,BUF,27,Home,0,15,7,8,1
2023_17_ATL_CHI,2023,REG,17,2023-12-31,Sunday,13:00,ATL,17,CHI,37,Home,0,3,7,7,0
2023_17_TEN_HOU,2023,REG,17,2023-12-31,Sunday,13:00,TEN,3,HOU,26,Home,0,5,7,7,1
2023_17_LV_IND,2023,REG,17,2023-12-31,Sunday,13:00,LV,20,IND,23,Home,0,3.5,6,7,0
2023_17_CAR_JAX,2023,REG,17,2023-12-31,Sunday,13:00,CAR,0,JAX,26,Home,0,3.5,7,7,0
2023_17_LA_NYG,2023,REG,17,2023-12-31,Sunday,13:00,LA,26,NYG,25,Home,0,-6,10,6,0
2023_17_ARI_PHI,2023,REG,17,2023-12-31,Sunday,13:00,ARI,35,PHI,31,Home,0,12,7,6,0
2023_17_NO_TB,2023,REG,17,2023-12-31,Sunday,13:00,NO,23,TB,13,Home,0,2.5,10,7,1
2023_17_SF_WAS,2023,REG,17,2023-12-31,Sunday,13:00,SF,27,WAS,10,Home,0,-14,6,7,0
2023_17_PIT_SEA,2023,REG,17,2023-12-31,Sunday,16:05,PIT,30,SEA,23,Home,0,4.5,8,7,0
2023_17_LAC_DEN,2023,REG,17,2023-12-31,Sunday,16:25,LAC,9,DEN,16,Home,0,3.5,8,7,1
2023_17_CIN_KC,2023,REG,17,2023-12-31,Sunday,16:25,CIN,17,KC,25,Home,0,7.5,8,6,0
2023_17_GB_MIN,2023,REG,17,2023-12-31,Sunday,20:20,GB,33,MIN,10,Home,0,1,7,7,1
2023_18_PIT_BAL,2023,REG,18,2024-01-06,Saturday,16:30,PIT,17,BAL,10,Home,0,-3,6,6,1
2023_18_HOU_IND,2023,REG,18,2024-01-06,Saturday,20:15,HOU,23,IND,19,Home,0,-1.5,6,6,1
2023_18_TB_CAR,2023,REG,18,2024-01-07,Sunday,13:00,TB,9,CAR,0,Home,0,-5,7,7,1
2023_18_CLE_CIN,2023,REG,18,2024-01-07,Sunday,13:00,CLE,14,CIN,31,Home,0,7.5,10,7,1
2023_18_MIN_DET,2023,REG,18,2024-01-07,Sunday,13:00,MIN,20,DET,30,Home,0,3.5,7,8,1
2023_18_NYJ_NE,2023,REG,18,2024-01-07,Sunday,13:00,NYJ,17,NE,3,Home,0,2.5,10,7,1
2023_18_ATL_NO,2023,REG,18,2024-01-07,Sunday,13:00,ATL,17,NO,48,Home,0,3.5,7,7,1
2023_18_JAX_TEN,2023,REG,18,2024-01-07,Sunday,13:00,JAX,20,TEN,28,Home,0,-3.5,7,7,1
2023_18_SEA_ARI,2023,REG,18,2024-01-07,Sunday,16:25,SEA,21,ARI,20,Home,0,-2.5,7,7,1
2023_18_CHI_GB,2023,REG,18,2024-01-07,Sunday,16:25,CHI,9,GB,17,Home,0,2.5,7,7,1
2023_18_KC_LAC,2023,REG,18,2024-01-07,Sunday,16:25,KC,13,LAC,12,Home,0,3.5,7,7,1
2023_18_DEN_LV,2023,REG,18,2024-01-07,Sunday,16:25,DEN,14,LV,27,Home,0,3.5,7,7,1
2023_18_PHI_NYG,2023,REG,18,2024-01-07,Sunday,16:25,PHI,10,NYG,27,Home,0,-4.5,7,7,1
2023_18_LA_SF,2023,REG,18,2024-01-07,Sunday,16:25,LA,21,SF,20,Home,0,5.5,7,7,1
2023_18_DAL_WAS,2023,REG,18,2024-01-07,Sunday,16:25,DAL,38,WAS,10,Home,0,-13,8,7,1
2023_18_BUF_MIA,2023,REG,18,2024-01-07,Sunday,20:20,BUF,21,MIA,14,Home,0,-2.5,7,7,1
2023_19_CLE_HOU,2023,WC,19,2024-01-13,Saturday,16:30,CLE,14,HOU,45,Home,0,-2.5,6,7,0
2023_19_MIA_KC,2023,WC,19,2024-01-13,Saturday,20:00,MIA,7,KC,26,Home,0,4.5,6,6,0
2023_19_GB_DAL,2023,WC,19,2024-01-14,Sunday,16:30,GB,48,DAL,32,Home,0,7,7,7,0
2023_19_LA_DET,2023,WC,19,2024-01-14,Sunday,20:00,LA,23,DET,24,Home,0,3.5,7,7,0
2023_19_PIT_BUF,2023,WC,19,2024-01-15,Monday,16:30,PIT,17,BUF,31,Home,0,10,9,8,0
2023_19_PHI_TB,2023,WC,19,2024-01-15,Monday,20:00,PHI,9,TB,32,Home,0,-2.5,8,8,0
2023_20_HOU_BAL,2023,DIV,20,2024-01-20,Saturday,16:30,HOU,10,BAL,34,Home,0,10,7,14,0
2023_20_GB_SF,2023,DIV,20,2024-01-20,Saturday,20:15,GB,21,SF,24,Home,0,10.5,6,13,0
2023_20_TB_DET,2023,DIV,20,2024-01-21,Sunday,15:00,TB,23,DET,31,Home,0,6,6,7,0
2023_20_KC_BUF,2023,DIV,20,2024-01-21,Sunday,18:30,KC,27,BUF,24,Home,0,2.5,8,6,0
2023_21_KC_BAL,2023,CON,21,2024-01-28,Sunday,15:00,KC,17,BAL,10,Home,0,4.5,7,8,0
2023_21_DET_SF,2023,CON,21,2024-01-28,Sunday,18:30,DET,31,SF,34,Home,0,7.5,7,8,0
2023_22_SF_KC,2023,SB,22,2024-02-11,Sunday,18:30,SF,22,KC,25,Neutral,1,-1.5,14,14,0
2024_01_BAL_KC,2024,REG,1,2024-09-05,Thursday,20:20,BAL,20,KC,27,Home,0,3,7,7,0
2024_01_GB_PHI,2024,REG,1,2024-09-06,Friday,20:15,GB,29,PHI,34,Neutral,0,2,7,7,0
2024_01_PIT_ATL,2024,REG,1,2024-09-08,Sunday,13:00,PIT,18,ATL,10,Home,0,4,7,7,0
2024_01_ARI_BUF,2024,REG,1,2024-09-08,Sunday,13:00,ARI,28,BUF,34,Home,0,6.5,7,7,0
2024_01_TEN_CHI,2024,REG,1,2024-09-08,Sunday,13:00,TEN,17,CHI,24,Home,0,4,7,7,0
2024_01_NE_CIN,2024,REG,1,2024-09-08,Sunday,13:00,NE,16,CIN,10,Home,0,8,7,7,0
2024_01_HOU_IND,2024,REG,1,2024-09-08,Sunday,13:00,HOU,29,IND,27,Home,0,-3,7,7,1
2024_01_JAX_MIA,2024,REG,1,2024-09-08,Sunday,13:00,JAX,17,MIA,20,Home,0,3.5,7,7,0
2024_01_CAR_NO,2024,REG,1,2024-09-08,Sunday,13:00,CAR,10,NO,47,Home,0,3.5,7,7,1
2024_01_MIN_NYG,2024,REG,1,2024-09-08,Sunday,13:00,MIN,28,NYG,6,Home,0,-1,7,7,0
2024_01_LV_LAC,2024,REG,1,2024-09-08,Sunday,16:05,LV,10,LAC,22,Home,0,3,7,7,1
2024_01_DEN_SEA,2024,REG,1,2024-09-08,Sunday,16:05,DEN,20,SEA,26,Home,0,6.5,7,7,0
2024_01_DAL_CLE,2024,REG,1,2024-09-08,Sunday,16:25,DAL,33,CLE,17,Home,0,2.5,7,7,0
2024_01_WAS_TB,2024,REG,1,2024-09-08,Sunday,16:25,WAS,20,TB,37,Home,0,4,7,7,0
2024_01_LA_DET,2024,REG,1,2024-09-08,Sunday,20:20,LA,20,DET,26,Home,1,5,7,7,0
2024_01_NYJ_SF,2024,REG,1,2024-09-09,Monday,20:15,NYJ,19,SF,32,Home,0,3.5,7,7,0
2024_02_BUF_MIA,2024,REG,2,2024-09-12,Thursday,20:15,BUF,31,MIA,10,Home,0,2.5,4,4,1
2024_02_LV_BAL,2024,REG,2,2024-09-15,Sunday,13:00,LV,26,BAL,23,Home,0,9,7,10,0
2024_02_LAC_CAR,2024,REG,2,2024-09-15,Sunday,13:00,LAC,26,CAR,3,Home,0,-5,7,7,0
2024_02_NO_DAL,2024,REG,2,2024-09-15,Sunday,13:00,NO,44,DAL,19,Home,0,6.5,7,7,0
2024_02_TB_DET,2024,REG,2,2024-09-15,Sunday,13:00,TB,20,DET,16,Home,0,7.5,7,7,0
2024_02_IND_GB,2024,REG,2,2024-09-15,Sunday,13:00,IND,10,GB,16,Home,0,-3,7,9,0
2024_02_CLE_JAX,2024,REG,2,2024-09-15,Sunday,13:00,CLE,18,JAX,13,Home,0,3,7,7,0
2024_02_SF_MIN,2024,REG,2,2024-09-15,Sunday,13:00,SF,17,MIN,23,Home,0,-4.5,6,7,0
2024_02_SEA_NE,2024,REG,2,2024-09-15,Sunday,13:00,SEA,23,NE,20,Home,1,-3.5,7,7,0
2024_02_NYJ_TEN,2024,REG,2,2024-09-15,Sunday,13:00,NYJ,24,TEN,17,Home,0,-3.5,6,7,0
2024_02_NYG_WAS,2024,REG,2,2024-09-15,Sunday,13:00,NYG,18,WAS,21,Home,0,1.5,7,7,1
2024_02_LA_ARI,2024,REG,2,2024-09-15,Sunday,16:05,LA,10,ARI,41,Home,0,-1,7,7,1
2024_02_PIT_DEN,2024,REG,2,2024-09-15,Sunday,16:25,PIT,13,DEN,6,Home,0,-3,7,7,0
2024_02_CIN_KC,2024,REG,2,2024-09-15,Sunday,16:25,CIN,25,KC,26,Home,0,6.5,7,10,0
2024_02_CHI_HOU,2024,REG,2,2024-09-15,Sunday,20:20,CHI,13,HOU,19,Home,0,6,7,7,0
2024_02_ATL_PHI,2024,REG,2,2024-09-16,Monday,20:15,ATL,22,PHI,21,Home,0,5.5,8,10,0
2024_03_NE_NYJ,2024,REG,3,2024-09-19,Thursday,20:15,NE,3,NYJ,24,Home,0,6.5,4,4,1
2024_03_NYG_CLE,2024,REG,3,2024-09-22,Sunday,13:00,NYG,21,CLE,15,Home,0,6.5,7,7,0
2024_03_CHI_IND,2024,REG,3,2024-09-22,Sunday,13:00,CHI,16,IND,21,Home,0,1.5,7,7,0
2024_03_HOU_MIN,2024,REG,3,2024-09-22,Sunday,13:00,HOU,7,MIN,34,Home,0,-2,7,7,0
2024_03_PHI_NO,2024,REG,3,2024-09-22,Sunday,13:00,PHI,15,NO,12,Home,0,2.5,6,7,0
2024_03_LAC_PIT,2024,REG,3,2024-09-22,Sunday,13:00,LAC,10,PIT,20,Home,0,3,7,7,0
2024_03_DEN_TB,2024,REG,3,2024-09-22,Sunday,13:00,DEN,26,TB,7,Home,0,6,7,7,0
2024_03_GB_TEN,2024,REG,3,2024-09-22,Sunday,13:00,GB,30,TEN,14,Home,0,3,7,7,0
2024_03_CAR_LV,2024,REG,3,2024-09-22,Sunday,16:05,CAR,36,LV,22,Home,0,5.5,7,7,0
2024_03_MIA_SEA,2024,REG,3,2024-09-22,Sunday,16:05,MIA,3,SEA,24,Home,0,4,10,7,0
2024_03_DET_ARI,2024,REG,3,2024-09-22,Sunday,16:25,DET,20,ARI,13,Home,0,-3,7,7,0
2024_03_BAL_DAL,2024,REG,3,2024-09-22,Sunday,16:25,BAL,28,DAL,25,Home,0,-1.5,7,7,0
2024_03_SF_LA,2024,REG,3,2024-09-22,Sunday,16:25,SF,24,LA,27,Home,0,-6,7,7,1
2024_03_KC_ATL,2024,REG,3,2024-09-22,Sunday,20:20,KC,22,ATL,17,Home,0,-3,7,6,0
2024_03_JAX_BUF,2024,REG,3,2024-09-23,Monday,19:30,JAX,10,BUF,47,Home,0,4,8,11,0
2024_03_WAS_CIN,2024,REG,3,2024-09-23,Monday,20:15,WAS,38,CIN,33,Home,0,7.5,8,8,0
2024_04_DAL_NYG,2024,REG,4,2024-09-26,Thursday,20:15,DAL,20,NYG,15,Home,0,-5.5,4,4,1
2024_04_NO_ATL,2024,REG,4,2024-09-29,Sunday,13:00,NO,24,ATL,26,Home,0,2.5,7,7,1
2024_04_CIN_CAR,2024,REG,4,2024-09-29,Sunday,13:00,CIN,34,CAR,24,Home,0,-4.5,6,7,0
2024_04_LA_CHI,2024,REG,4,2024-09-29,Sunday,13:00,LA,18,CHI,24,Home,0,3,7,7,0
2024_04_MIN_GB,2024,REG,4,2024-09-29,Sunday,13:00,MIN,31,GB,29,Home,0,2.5,7,7,1
2024_04_JAX_HOU,2024,REG,4,2024-09-29,Sunday,13:00,JAX,20,HOU,24,Home,0,5.5,6,7,1
2024_04_PIT_IND,2024,REG,4,2024-09-29,Sunday,13:00,PIT,24,IND,27,Home,0,-2.5,7,7,0
2024_04_DEN_NYJ,2024,REG,4,2024-09-29,Sunday,13:00,DEN,10,NYJ,9,Home,0,7.5,7,10,0
2024_04_PHI_TB,2024,REG,4,2024-09-29,Sunday,13:00,PHI,16,TB,33,Home,0,-1,7,7,0
2024_04_WAS_ARI,2024,REG,4,2024-09-29,Sunday,16:05,WAS,42,ARI,14,Home,0,3.5,6,7,0
2024_04_NE_SF,2024,REG,4,2024-09-29,Sunday,16:05,NE,13,SF,30,Home,0,10.5,10,7,0
2024_04_KC_LAC,2024,REG,4,2024-09-29,Sunday,16:25,KC,17,LAC,10,Home,0,-7.5,7,7,1
2024_04_CLE_LV,2024,REG,4,2024-09-29,Sunday,16:25,CLE,16,LV,20,Home,0,-2.5,7,7,0
2024_04_BUF_BAL,2024,REG,4,2024-09-29,Sunday,20:20,BUF,10,BAL,35,Home,0,2.5,6,7,0
2024_04_TEN_MIA,2024,REG,4,2024-09-30,Monday,19:30,TEN,31,MIA,12,Home,0,2.5,8,8,0
2024_04_SEA_DET,2024,REG,4,2024-09-30,Monday,20:15,SEA,29,DET,42,Home,0,3.5,8,8,0
2024_05_TB_ATL,2024,REG,5,2024-10-03,Thursday,20:15,TB,30,ATL,36,Home,1,2.5,4,4,1
2024_05_NYJ_MIN,2024,REG,5,2024-10-06,Sunday,09:30,NYJ,17,MIN,23,Neutral,0,2.5,7,7,0
2024_05_CAR_CHI,2024,REG,5,2024-10-06,Sunday,13:00,CAR,10,CHI,36,Home,0,4,7,7,0
2024_05_BAL_CIN,2024,REG,5,2024-10-06,Sunday,13:00,BAL,41,CIN,38,Home,1,-2.5,7,7,1
2024_05_BUF_HOU,2024,REG,5,2024-10-06,Sunday,13:00,BUF,20,HOU,23,Home,0,1,7,7,0
2024_05_IND_JAX,2024,REG,5,2024-10-06,Sunday,13:00,IND,34,JAX,37,Home,0,3.5,7,7,1
2024_05_MIA_NE,2024,REG,5,2024-10-06,Sunday,13:00,MIA,15,NE,10,Home,0,-2,6,7,1
2024_05_CLE_WAS,2024,REG,5,2024-10-06,Sunday,13:00,CLE,13,WAS,34,Home,0,3,7,7,0
2024_05_LV_DEN,2024,REG,5,2024-10-06,Sunday,16:05,LV,18,DEN,34,Home,0,3,7,7,1
2024_05_ARI_SF,2024,REG,5,2024-10-06,Sunday,16:05,ARI,24,SF,23,Home,0,7,7,7,1
2024_05_GB_LA,2024,REG,5,2024-10-06,Sunday,16:25,GB,24,LA,19,Home,0,-3,7,7,0
2024_05_NYG_SEA,2024,REG,5,2024-10-06,Sunday,16:25,NYG,29,SEA,20,Home,0,7,10,6,0
2024_05_DAL_PIT,2024,REG,5,2024-10-06,Sunday,20:20,DAL,20,PIT,17,Home,0,2.5,10,7,0
2024_05_NO_KC,2024,REG,5,2024-10-07,Monday,20:15,NO,13,KC,26,Home,0,5.5,8,8,0
2024_06_SF_SEA,2024,REG,6,2024-10-10,Thursday,20:15,SF,36,SEA,24,Home,0,-3.5,4,4,1
2024_06_JAX_CHI,2024,REG,6,2024-10-13,Sunday,09:30,JAX,16,CHI,35,Neutral,0,-1.5,7,7,0
2024_06_WAS_BAL,2024,REG,6,2024-10-13,Sunday,13:00,WAS,23,BAL,30,Home,0,6.5,7,7,0
2024_06_ARI_GB,2024,REG,6,2024-10-13,Sunday,13:00,ARI,13,GB,34,Home,0,5.5,7,7,0
2024_06_HOU_NE,2024,REG,6,2024-10-13,Sunday,13:00,HOU,41,NE,21,Home,0,-6.5,7,7,0
2024_06_TB_NO,2024,REG,6,2024-10-13,Sunday,13:00,TB,51,NO,27,Home,0,-3.5,10,6,1
2024_06_CLE_PHI,2024,REG,6,2024-10-13,Sunday,13:00,CLE,16,PHI,20,Home,0,8,7,14,0
2024_06_IND_TEN,2024,REG,6,2024-10-13,Sunday,13:00,IND,20,TEN,17,Home,0,2.5,7,13,1
2024_06_LAC_DEN,2024,REG,6,2024-10-13,Sunday,16:05,LAC,23,DEN,16,Home,0,-3,14,7,1
2024_06_PIT_LV,2024,REG,6,2024-10-13,Sunday,16:05,PIT,32,LV,13,Home,0,-3.5,7,7,0
2024_06_ATL_CAR,2024,REG,6,2024-10-13,Sunday,16:25,ATL,38,CAR,20,Home,0,-6,10,7,1
2024_06_DET_DAL,2024,REG,6,2024-10-13,Sunday,16:25,DET,47,DAL,9,Home,0,-3.5,13,7,0
2024_06_CIN_NYG,2024,REG,6,2024-10-13,Sunday,20:20,CIN,17,NYG,7,Home,0,-4.5,7,7,0
2024_06_BUF_NYJ,2024,REG,6,2024-10-14,Monday,20:15,BUF,23,NYJ,20,Home,0,-1,8,8,1
2024_07_DEN_NO,2024,REG,7,2024-10-17,Thursday,20:15,DEN,33,NO,10,Home,0,-2.5,4,4,0
2024_07_NE_JAX,2024,REG,7,2024-10-20,Sunday,09:30,NE,16,JAX,32,Neutral,0,6.5,7,7,0
2024_07_SEA_ATL,2024,REG,7,2024-10-20,Sunday,13:00,SEA,34,ATL,14,Home,0,3,10,7,0
2024_07_TEN_BUF,2024,REG,7,2024-10-20,Sunday,13:00,TEN,10,BUF,34,Home,0,9.5,7,6,0
2024_07_CIN_CLE,2024,REG,7,2024-10-20,Sunday,13:00,CIN,21,CLE,14,Home,0,-5.5,7,7,1
2024_07_HOU_GB,2024,REG,7,2024-10-20,Sunday,13:00,HOU,22,GB,24,Home,0,3,7,7,0
2024_07_MIA_IND,2024,REG,7,2024-10-20,Sunday,13:00,MIA,10,IND,16,Home,0,3,14,7,0
2024_07_DET_MIN,2024,REG,7,2024-10-20,Sunday,13:00,DET,31,MIN,29,Home,0,1,7,14,1
2024_07_PHI_NYG,2024,REG,7,2024-10-20,Sunday,13:00,PHI,28,NYG,3,Home,0,-3,7,7,1
2024_07_LV_LA,2024,REG,7,2024-10-20,Sunday,16:05,LV,15,LA,20,Home,0,7,7,14,0
2024_07_CAR_WAS,2024,REG,7,2024-10-20,Sunday,16:05,CAR,7,WAS,40,Home,0,10,7,7,0
2024_07_KC_SF,2024,REG,7,2024-10-20,Sunday,16:25,KC,28,SF,18,Home,0,2.5,13,10,0
2024_07_NYJ_PIT,2024,REG,7,2024-10-20,Sunday,20:20,NYJ,15,PIT,37,Home,0,-3,6,7,0
2024_07_BAL_TB,2024,REG,7,2024-10-21,Monday,20:15,BAL,41,TB,31,Home,0,-4.5,8,8,0
2024_07_LAC_ARI,2024,REG,7,2024-10-21,Monday,21:00,LAC,15,ARI,17,Home,0,-1,8,8,0
2024_08_MIN_LA,2024,REG,8,2024-10-24,Thursday,20:15,MIN,20,LA,30,Home,0,-3,4,4,0
2024_08_PHI_CIN,2024,REG,8,2024-10-27,Sunday,13:00,PHI,37,CIN,17,Home,0,2.5,7,7,0
2024_08_BAL_CLE,2024,REG,8,2024-10-27,Sunday,13:00,BAL,24,CLE,29,Home,0,-7.5,6,7,1
2024_08_TEN_DET,2024,REG,8,2024-10-27,Sunday,13:00,TEN,14,DET,52,Home,0,12.5,7,7,0
2024_08_IND_HOU,2024,REG,8,2024-10-27,Sunday,13:00,IND,20,HOU,23,Home,0,5,7,7,1
2024_08_GB_JAX,2024,REG,8,2024-10-27,Sunday,13:00,GB,30,JAX,27,Home,0,-3.5,7,7,0
2024_08_ARI_MIA,2024,REG,8,2024-10-27,Sunday,13:00,ARI,28,MIA,27,Home,0,4,6,7,0
2024_08_NYJ_NE,2024,REG,8,2024-10-27,Sunday,13:00,NYJ,22,NE,25,Home,0,-7,7,7,1
2024_08_ATL_TB,2024,REG,8,2024-10-27,Sunday,13:00,ATL,31,TB,26,Home,0,-1.5,7,6,1
2024_08_NO_LAC,2024,REG,8,2024-10-27,Sunday,16:05,NO,8,LAC,26,Home,0,7,10,6,0
2024_08_BUF_SEA,2024,REG,8,2024-10-27,Sunday,16:05,BUF,31,SEA,10,Home,0,-3,7,7,0
2024_08_CAR_DEN,2024,REG,8,2024-10-27,Sunday,16:25,CAR,14,DEN,28,Home,0,13,7,10,0
2024_08_KC_LV,2024,REG,8,2024-10-27,Sunday,16:25,KC,27,LV,20,Home,0,-9,7,7,1
2024_08_CHI_WAS,2024,REG,8,2024-10-27,Sunday,16:25,CHI,15,WAS,18,Home,0,1.5,14,7,0
2024_08_DAL_SF,2024,REG,8,2024-10-27,Sunday,20:20,DAL,24,SF,30,Home,0,5.5,14,7,0
2024_08_NYG_PIT,2024,REG,8,2024-10-28,Monday,20:15,NYG,18,PIT,26,Home,0,6,8,8,0
2024_09_HOU_NYJ,2024,REG,9,2024-10-31,Thursday,20:15,HOU,13,NYJ,21,Home,0,2.5,4,4,0
2024_09_DAL_ATL,2024,REG,9,2024-11-03,Sunday,13:00,DAL,21,ATL,27,Home,0,3,7,7,0
2024_09_DEN_BAL,2024,REG,9,2024-11-03,Sunday,13:00,DEN,10,BAL,41,Home,0,9,7,7,0
2024_09_MIA_BUF,2024,REG,9,2024-11-03,Sunday,13:00,MIA,27,BUF,30,Home,0,6.5,7,7,1
2024_09_NO_CAR,2024,REG,9,2024-11-03,Sunday,13:00,NO,22,CAR,23,Home,0,-7,7,7,1
2024_09_LV_CIN,2024,REG,9,2024-11-03,Sunday,13:00,LV,24,CIN,41,Home,0,8,7,7,0
2024_09_LAC_CLE,2024,REG,9,2024-11-03,Sunday,13:00,LAC,27,CLE,10,Home,0,-2,7,7,0
2024_09_WAS_NYG,2024,REG,9,2024-11-03,Sunday,13:00,WAS,27,NYG,22,Home,0,-4.5,7,6,1
2024_09_NE_TEN,2024,REG,9,2024-11-03,Sunday,13:00,NE,17,TEN,20,Home,1,3,7,7,0
2024_09_CHI_ARI,2024,REG,9,2024-11-03,Sunday,16:05,CHI,9,ARI,29,Home,0,1.5,7,7,0
2024_09_JAX_PHI,2024,REG,9,2024-11-03,Sunday,16:05,JAX,23,PHI,28,Home,0,7.5,7,7,0
2024_09_DET_GB,2024,REG,9,2024-11-03,Sunday,16:25,DET,24,GB,14,Home,0,-2.5,7,7,1
2024_09_LA_SEA,2024,REG,9,2024-11-03,Sunday,16:25,LA,26,SEA,20,Home,1,-1.5,10,7,1
2024_09_IND_MIN,2024,REG,9,2024-11-03,Sunday,20:20,IND,13,MIN,21,Home,0,6.5,7,10,0
2024_09_TB_KC,2024,REG,9,2024-11-04,Monday,20:15,TB,24,KC,30,Home,1,9,8,8,0
2024_10_CIN_BAL,2024,REG,10,2024-11-07,Thursday,20:15,CIN,34,BAL,35,Home,0,6,4,4,1
2024_10_NYG_CAR,2024,REG,10,2024-11-10,Sunday,09:30,NYG,17,CAR,20,Neutral,1,-6.5,7,7,0
2024_10_NE_CHI,2024,REG,10,2024-11-10,Sunday,13:00,NE,19,CHI,3,Home,0,6.5,7,7,0
2024_10_BUF_IND,2024,REG,10,2024-11-10,Sunday,13:00,BUF,30,IND,20,Home,0,-4.5,7,7,0
2024_10_MIN_JAX,2024,REG,10,2024-11-10,Sunday,13:00,MIN,12,JAX,7,Home,0,-7,7,7,0
2024_10_DEN_KC,2024,REG,10,2024-11-10,Sunday,13:00,DEN,14,KC,16,Home,0,7.5,7,6,1
2024_10_ATL_NO,2024,REG,10,2024-11-10,Sunday,13:00,ATL,17,NO,20,Home,0,-3.5,7,7,1
2024_10_SF_TB,2024,REG,10,2024-11-10,Sunday,13:00,SF,23,TB,20,Home,0,-6.5,14,6,0
2024_10_PIT_WAS,2024,REG,10,2024-11-10,Sunday,13:00,PIT,28,WAS,27,Home,0,1.5,13,7,0
2024_10_TEN_LAC,2024,REG,10,2024-11-10,Sunday,16:05,TEN,17,LAC,27,Home,0,8,7,7,0
2024_10_NYJ_ARI,2024,REG,10,2024-11-10,Sunday,16:25,NYJ,6,ARI,31,Home,0,-2,10,7,0
2024_10_PHI_DAL,2024,REG,10,2024-11-10,Sunday,16:25,PHI,34,DAL,6,Home,0,-7.5,7,7,1
2024_10_DET_HOU,2024,REG,10,2024-11-10,Sunday,20:20,DET,26,HOU,23,Home,0,-4.5,7,10,0
2024_10_MIA_LA,2024,REG,10,2024-11-11,Monday,20:15,MIA,23,LA,15,Home,0,2.5,8,8,0
2024_11_WAS_PHI,2024,REG,11,2024-11-14,Thursday,20:15,WAS,18,PHI,26,Home,0,4.5,4,4,1
2024_11_GB_CHI,2024,REG,11,2024-11-17,Sunday,13:00,GB,20,CHI,19,Home,0,-6,14,7,1
2024_11_JAX_DET,2024,REG,11,2024-11-17,Sunday,13:00,JAX,6,DET,52,Home,0,14,7,7,0
2024_11_LV_MIA,2024,REG,11,2024-11-17,Sunday,13:00,LV,19,MIA,34,Home,0,8,14,6,0
2024_11_LA_NE,2024,REG,11,2024-11-17,Sunday,13:00,LA,28,NE,22,Home,0,-4,6,7,0
2024_11_CLE_NO,2024,REG,11,2024-11-17,Sunday,13:00,CLE,14,NO,35,Home,0,-1,14,7,0
2024_11_IND_NYJ,2024,REG,11,2024-11-17,Sunday,13:00,IND,28,NYJ,27,Home,0,4,7,7,0
2024_11_BAL_PIT,2024,REG,11,2024-11-17,Sunday,13:00,BAL,16,PIT,18,Home,0,-3,10,7,1
2024_11_MIN_TEN,2024,REG,11,2024-11-17,Sunday,13:00,MIN,23,TEN,13,Home,0,-6,7,7,0
2024_11_ATL_DEN,2024,REG,11,2024-11-17,Sunday,16:05,ATL,6,DEN,38,Home,0,2,7,7,0
2024_11_SEA_SF,2024,REG,11,2024-11-17,Sunday,16:05,SEA,20,SF,17,Home,0,6,14,7,1
2024_11_KC_BUF,2024,REG,11,2024-11-17,Sunday,16:25,KC,21,BUF,30,Home,0,2.5,7,7,0
2024_11_CIN_LAC,2024,REG,11,2024-11-17,Sunday,20:20,CIN,27,LAC,34,Home,0,1,10,7,0
2024_11_HOU_DAL,2024,REG,11,2024-11-18,Monday,20:15,HOU,34,DAL,10,Home,0,-7.5,8,8,0
2024_12_PIT_CLE,2024,REG,12,2024-11-21,Thursday,20:15,PIT,19,CLE,24,Home,0,-3.5,4,4,1
2024_12_KC_CAR,2024,REG,12,2024-11-24,Sunday,13:00,KC,30,CAR,27,Home,0,-11,7,14,0
2024_12_MIN_CHI,2024,REG,12,2024-11-24,Sunday,13:00,MIN,30,CHI,27,Home,1,-3,7,7,1
2024_12_TEN_HOU,2024,REG,12,2024-11-24,Sunday,13:00,TEN,32,HOU,27,Home,0,8,7,6,1
2024_12_DET_IND,2024,REG,12,2024-11-24,Sunday,13:00,DET,24,IND,6,Home,0,-7,7,7,0
2024_12_NE_MIA,2024,REG,12,2024-11-24,Sunday,13:00,NE,15,MIA,34,Home,0,7.5,7,7,1
2024_12_TB_NYG,2024,REG,12,2024-11-24,Sunday,13:00,TB,30,NYG,7,Home,0,-6.5,14,14,0
2024_12_DAL_WAS,2024,REG,12,2024-11-24,Sunday,13:00,DAL,34,WAS,26,Home,0,10.5,6,10,1
2024_12_DEN_LV,2024,REG,12,2024-11-24,Sunday,16:05,DEN,29,LV,19,Home,0,-6.5,7,7,1
2024_12_SF_GB,2024,REG,12,2024-11-24,Sunday,16:25,SF,10,GB,38,Home,0,6.5,7,7,0
2024_12_ARI_SEA,2024,REG,12,2024-11-24,Sunday,16:25,ARI,6,SEA,16,Home,0,-1,14,7,1
2024_12_PHI_LA,2024,REG,12,2024-11-24,Sunday,20:20,PHI,37,LA,20,Home,0,-3,10,7,0
2024_12_BAL_LAC,2024,REG,12,2024-11-25,Monday,20:15,BAL,30,LAC,23,Home,0,-3,8,8,0
2024_13_CHI_DET,2024,REG,13,2024-11-28,Thursday,12:30,CHI,20,DET,23,Home,0,9.5,4,4,1
2024_13_NYG_DAL,2024,REG,13,2024-11-28,Thursday,16:30,NYG,20,DAL,27,Home,0,4.5,4,4,1
2024_13_MIA_GB,2024,REG,13,2024-11-28,Thursday,20:20,MIA,17,GB,30,Home,0,3.5,4,4,0
2024_13_LV_KC,2024,REG,13,2024-11-29,Friday,15:00,LV,17,KC,19,Home,0,13.5,5,5,1
2024_13_LAC_ATL,2024,REG,13,2024-12-01,Sunday,13:00,LAC,17,ATL,13,Home,0,-1,6,14,0
2024_13_PIT_CIN,2024,REG,13,2024-12-01,Sunday,13:00,PIT,44,CIN,38,Home,0,3,10,14,1
2024_13_HOU_JAX,2024,REG,13,2024-12-01,Sunday,13:00,HOU,23,JAX,20,Home,0,-3.5,7,14,1
2024_13_ARI_MIN,2024,REG,13,2024-12-01,Sunday,13:00,ARI,22,MIN,23,Home,0,3.5,7,7,0
2024_13_IND_NE,2024,REG,13,2024-12-01,Sunday,13:00,IND,25,NE,24,Home,0,-2.5,7,7,0
2024_13_SEA_NYJ,2024,REG,13,2024-12-01,Sunday,13:00,SEA,26,NYJ,21,Home,0,1,7,14,0
2024_13_TEN_WAS,2024,REG,13,2024-12-01,Sunday,13:00,TEN,19,WAS,42,Home,0,6,7,7,0
2024_13_TB_CAR,2024,REG,13,2024-12-01,Sunday,16:05,TB,26,CAR,23,Home,1,-6.5,7,7,1
2024_13_LA_NO,2024,REG,13,2024-12-01,Sunday,16:05,LA,21,NO,14,Home,0,-2.5,7,14,0
2024_13_PHI_BAL,2024,REG,13,2024-12-01,Sunday,16:25,PHI,24,BAL,19,Home,0,3,7,6,0
2024_13_SF_BUF,2024,REG,13,2024-12-01,Sunday,20:20,SF,10,BUF,35,Home,0,6.5,7,14,0
2024_13_CLE_DEN,2024,REG,13,2024-12-02,Monday,20:15,CLE,32,DEN,41,Home,0,6.5,11,8,0
2024_14_GB_DET,2024,REG,14,2024-12-05,Thursday,20:15,GB,31,DET,34,Home,0,3,7,7,1
2024_14_NYJ_MIA,2024,REG,14,2024-12-08,Sunday,13:00,NYJ,26,MIA,32,Home,1,6.5,7,10,1
2024_14_ATL_MIN,2024,REG,14,2024-12-08,Sunday,13:00,ATL,21,MIN,42,Home,0,6,7,7,0
2024_14_NO_NYG,2024,REG,14,2024-12-08,Sunday,13:00,NO,14,NYG,11,Home,0,-5.5,7,10,0
2024_14_CAR_PHI,2024,REG,14,2024-12-08,Sunday,13:00,CAR,16,PHI,22,Home,0,14,7,7,0
2024_14_CLE_PIT,2024,REG,14,2024-12-08,Sunday,13:00,CLE,14,PIT,27,Home,0,6,6,7,1
2024_14_LV_TB,2024,REG,14,2024-12-08,Sunday,13:00,LV,13,TB,28,Home,0,7,9,7,0
2024_14_JAX_TEN,2024,REG,14,2024-12-08,Sunday,13:00,JAX,10,TEN,6,Home,0,3,7,7,1
2024_14_SEA_ARI,2024,REG,14,2024-12-08,Sunday,16:05,SEA,30,ARI,18,Home,0,3,7,7,1
2024_14_BUF_LA,2024,REG,14,2024-12-08,Sunday,16:25,BUF,42,LA,44,Home,0,-3.5,7,7,0
2024_14_CHI_SF,2024,REG,14,2024-12-08,Sunday,16:25,CHI,13,SF,38,Home,0,3,10,7,0
2024_14_LAC_KC,2024,REG,14,2024-12-08,Sunday,20:20,LAC,17,KC,19,Home,0,5,7,9,1
2024_14_CIN_DAL,2024,REG,14,2024-12-09,Monday,20:15,CIN,27,DAL,20,Home,0,-5,8,11,0
2024_15_LA_SF,2024,REG,15,2024-12-12,Thursday,20:15,LA,12,SF,6,Home,0,3,4,4,1
2024_15_DAL_CAR,2024,REG,15,2024-12-15,Sunday,13:00,DAL,30,CAR,14,Home,0,2.5,6,7,0
2024_15_KC_CLE,2024,REG,15,2024-12-15,Sunday,13:00,KC,21,CLE,7,Home,0,-4.5,7,7,0
2024_15_MIA_HOU,2024,REG,15,2024-12-15,Sunday,13:00,MIA,12,HOU,20,Home,0,2.5,7,14,0
2024_15_NYJ_JAX,2024,REG,15,2024-12-15,Sunday,13:00,NYJ,32,JAX,25,Home,0,-3.5,7,7,0
2024_15_WAS_NO,2024,REG,15,2024-12-15,Sunday,13:00,WAS,20,NO,19,Home,0,-7.5,14,7,0
2024_15_BAL_NYG,2024,REG,15,2024-12-15,Sunday,13:00,BAL,35,NYG,14,Home,0,-16.5,14,7,0
2024_15_CIN_TEN,2024,REG,15,2024-12-15,Sunday,13:00,CIN,37,TEN,27,Home,0,-6,6,7,0
2024_15_NE_ARI,2024,REG,15,2024-12-15,Sunday,16:25,NE,17,ARI,30,Home,0,6,14,7,0
2024_15_IND_DEN,2024,REG,15,2024-12-15,Sunday,16:25,IND,13,DEN,31,Home,0,4.5,14,13,0
2024_15_BUF_DET,2024,REG,15,2024-12-15,Sunday,16:25,BUF,48,DET,42,Home,0,2.5,7,10,0
2024_15_TB_LAC,2024,REG,15,2024-12-15,Sunday,16:25,TB,40,LAC,17,Home,0,3,7,7,0
2024_15_PIT_PHI,2024,REG,15,2024-12-15,Sunday,16:25,PIT,13,PHI,27,Home,0,5.5,7,7,0
2024_15_GB_SEA,2024,REG,15,2024-12-15,Sunday,20:20,GB,30,SEA,13,Home,0,-3,10,7,0
2024_15_CHI_MIN,2024,REG,15,2024-12-16,Monday,20:00,CHI,12,MIN,30,Home,0,7,8,8,1
2024_15_ATL_LV,2024,REG,15,2024-12-16,Monday,20:30,ATL,15,LV,9,Home,0,-6.5,8,8,0
2024_16_DEN_LAC,2024,REG,16,2024-12-19,Thursday,20:15,DEN,27,LAC,34,Home,0,3,4,4,1
2024_16_HOU_KC,2024,REG,16,2024-12-21,Saturday,13:00,HOU,19,KC,27,Home,0,3.5,6,6,0
2024_16_PIT_BAL,2024,REG,16,2024-12-21,Saturday,16:30,PIT,17,BAL,34,Home,0,7,6,6,1
2024_16_NYG_ATL,2024,REG,16,2024-12-22,Sunday,13:00,NYG,7,ATL,34,Home,0,9.5,7,6,0
2024_16_ARI_CAR,2024,REG,16,2024-12-22,Sunday,13:00,ARI,30,CAR,36,Home,1,-5.5,7,7,0
2024_16_DET_CHI,2024,REG,16,2024-12-22,Sunday,13:00,DET,34,CHI,17,Home,0,-7,7,6,1
2024_16_CLE_CIN,2024,REG,16,2024-12-22,Sunday,13:00,CLE,6,CIN,24,Home,0,10,7,7,1
2024_16_TEN_IND,2024,REG,16,2024-12-22,Sunday,13:00,TEN,30,IND,38,Home,0,4,7,7,1
2024_16_LA_NYJ,2024,REG,16,2024-12-22,Sunday,13:00,LA,19,NYJ,9,Home,0,-3,10,7,0
2024_16_PHI_WAS,2024,REG,16,2024-12-22,Sunday,13:00,PHI,33,WAS,36,Home,0,-4,7,7,1
2024_16_MIN_SEA,2024,REG,16,2024-12-22,Sunday,16:05,MIN,27,SEA,24,Home,0,-2.5,6,7,0
2024_16_NE_BUF,2024,REG,16,2024-12-22,Sunday,16:25,NE,21,BUF,24,Home,0,14,7,7,1
2024_16_JAX_LV,2024,REG,16,2024-12-22,Sunday,16:25,JAX,14,LV,19,Home,0,2.5,7,6,0
2024_16_SF_MIA,2024,REG,16,2024-12-22,Sunday,16:25,SF,17,MIA,29,Home,0,-2,10,7,0
2024_16_TB_DAL,2024,REG,16,2024-12-22,Sunday,20:20,TB,24,DAL,26,Home,0,-4.5,7,7,0
2024_16_NO_GB,2024,REG,16,2024-12-23,Monday,20:15,NO,0,GB,34,Home,0,14,8,8,0
2024_17_KC_PIT,2024,REG,17,2024-12-25,Wednesday,13:00,KC,29,PIT,10,Home,0,-3,4,4,0
2024_17_BAL_HOU,2024,REG,17,2024-12-25,Wednesday,16:30,BAL,31,HOU,2,Home,0,-5.5,4,4,0
2024_17_SEA_CHI,2024,REG,17,2024-12-26,Thursday,20:15,SEA,6,CHI,3,Home,0,-3.5,4,4,0
2024_17_LAC_NE,2024,REG,17,2024-12-28,Saturday,13:00,LAC,40,NE,7,Home,0,-6,9,6,0
2024_17_DEN_CIN,2024,REG,17,2024-12-28,Saturday,16:30,DEN,24,CIN,30,Home,1,3.5,9,6,0
2024_17_ARI_LA,2024,REG,17,2024-12-28,Saturday,20:15,ARI,9,LA,13,Home,0,6.5,6,6,1
2024_17_NYJ_BUF,2024,REG,17,2024-12-29,Sunday,13:00,NYJ,14,BUF,40,Home,0,10,7,7,1
2024_17_TEN_JAX,2024,REG,17,2024-12-29,Sunday,13:00,TEN,13,JAX,20,Home,0,-1,7,7,1
2024_17_LV_NO,2024,REG,17,2024-12-29,Sunday,13:00,LV,25,NO,10,Home,0,-2,7,6,0
2024_17_IND_NYG,2024,REG,17,2024-12-29,Sunday,13:00,IND,33,NYG,45,Home,0,-7.5,7,7,0
2024_17_DAL_PHI,2024,REG,17,2024-12-29,Sunday,13:00,DAL,7,PHI,41,Home,0,7.5,7,7,1
2024_17_CAR_TB,2024,REG,17,2024-12-29,Sunday,13:00,CAR,14,TB,48,Home,0,9.5,7,7,1
2024_17_MIA_CLE,2024,REG,17,2024-12-29,Sunday,16:05,MIA,20,CLE,3,Home,0,-3,7,7,0
2024_17_GB_MIN,2024,REG,17,2024-12-29,Sunday,16:25,GB,25,MIN,27,Home,0,-1,6,7,1
2024_17_ATL_WAS,2024,REG,17,2024-12-29,Sunday,20:20,ATL,24,WAS,30,Home,1,3.5,7,7,0
2024_17_DET_SF,2024,REG,17,2024-12-30,Monday,20:15,DET,40,SF,34,Home,0,-4,8,8,0
2024_18_CLE_BAL,2024,REG,18,2025-01-04,Saturday,16:30,CLE,10,BAL,35,Home,0,19.5,6,10,1
2024_18_CIN_PIT,2024,REG,18,2025-01-04,Saturday,20:00,CIN,19,PIT,17,Home,0,-2.5,7,10,1
2024_18_CAR_ATL,2024,REG,18,2025-01-05,Sunday,13:00,CAR,44,ATL,38,Home,1,7.5,7,7,1
2024_18_WAS_DAL,2024,REG,18,2025-01-05,Sunday,13:00,WAS,23,DAL,19,Home,0,-7,7,7,1
2024_18_CHI_GB,2024,REG,18,2025-01-05,Sunday,13:00,CHI,24,GB,22,Home,0,10,10,7,1
2024_18_JAX_IND,2024,REG,18,2025-01-05,Sunday,13:00,JAX,23,IND,26,Home,1,3.5,7,7,1
2024_18_BUF_NE,2024,REG,18,2025-01-05,Sunday,13:00,BUF,16,NE,23,Home,0,-3,7,8,1
2024_18_NYG_PHI,2024,REG,18,2025-01-05,Sunday,13:00,NYG,13,PHI,20,Home,0,3,7,7,1
2024_18_NO_TB,2024,REG,18,2025-01-05,Sunday,13:00,NO,19,TB,27,Home,0,14.5,7,7,1
2024_18_HOU_TEN,2024,REG,18,2025-01-05,Sunday,13:00,HOU,23,TEN,14,Home,0,2.5,11,7,1
2024_18_SF_ARI,2024,REG,18,2025-01-05,Sunday,16:25,SF,24,ARI,47,Home,0,4.5,6,8,1
2024_18_KC_DEN,2024,REG,18,2025-01-05,Sunday,16:25,KC,0,DEN,38,Home,0,10.5,11,8,1
2024_18_SEA_LA,2024,REG,18,2025-01-05,Sunday,16:25,SEA,30,LA,25,Home,0,-7.5,10,8,1
2024_18_LAC_LV,2024,REG,18,2025-01-05,Sunday,16:25,LAC,34,LV,20,Home,0,-7,8,7,1
2024_18_MIA_NYJ,2024,REG,18,2025-01-05,Sunday,16:25,MIA,20,NYJ,32,Home,0,1.5,7,7,1
2024_18_MIN_DET,2024,REG,18,2025-01-05,Sunday,20:20,MIN,9,DET,31,Home,0,3,7,6,1
2024_19_LAC_HOU,2024,WC,19,2025-01-11,Saturday,16:30,LAC,12,HOU,32,Home,0,-3,6,6,0
2024_19_PIT_BAL,2024,WC,19,2025-01-11,Saturday,20:00,PIT,14,BAL,28,Home,0,9.5,7,7,1
2024_19_DEN_BUF,2024,WC,19,2025-01-12,Sunday,13:00,DEN,7,BUF,31,Home,0,7.5,7,7,0
2024_19_GB_PHI,2024,WC,19,2025-01-12,Sunday,16:30,GB,10,PHI,22,Home,0,5.5,7,7,0
2024_19_WAS_TB,2024,WC,19,2025-01-12,Sunday,20:00,WAS,23,TB,20,Home,0,3,7,7,0
2024_19_MIN_LA,2024,WC,19,2025-01-13,Monday,20:00,MIN,9,LA,27,Neutral,0,-2.5,8,8,0
2024_20_HOU_KC,2024,DIV,20,2025-01-18,Saturday,16:30,HOU,14,KC,23,Home,0,9.5,7,13,0
2024_20_WAS_DET,2024,DIV,20,2025-01-18,Saturday,20:00,WAS,45,DET,31,Home,0,8.5,6,13,0
2024_20_LA_PHI,2024,DIV,20,2025-01-19,Sunday,15:00,LA,22,PHI,28,Home,0,7,6,7,0
2024_20_BAL_BUF,2024,DIV,20,2025-01-19,Sunday,18:30,BAL,25,BUF,27,Home,0,-1.5,8,7,0
2024_21_WAS_PHI,2024,CON,21,2025-01-26,Sunday,15:00,WAS,23,PHI,55,Home,0,6,8,7,1
2024_21_BUF_KC,2024,CON,21,2025-01-26,Sunday,18:30,BUF,29,KC,32,Home,0,1.5,7,8,0
2024_22_KC_PHI,2024,SB,22,2025-02-09,Sunday,18:30,KC,22,PHI,40,Neutral,0,-1.5,14,14,0
2025_01_DAL_PHI,2025,REG,1,2025-09-04,Thursday,20:20,DAL,20,PHI,24,Home,0,8.5,7,7,1
2025_01_KC_LAC,2025,REG,1,2025-09-05,Friday,20:00,KC,21,LAC,27,Neutral,0,-3,7,7,1
2025_01_TB_ATL,2025,REG,1,2025-09-07,Sunday,13:00,TB,23,ATL,20,Home,0,-1.5,7,7,1
2025_01_CIN_CLE,2025,REG,1,2025-09-07,Sunday,13:00,CIN,17,CLE,16,Home,0,-5.5,7,7,1
2025_01_MIA_IND,2025,REG,1,2025-09-07,Sunday,13:00,MIA,8,IND,33,Home,0,1.5,7,7,0
2025_01_CAR_JAX,2025,REG,1,2025-09-07,Sunday,13:00,CAR,10,JAX,26,Home,0,4.5,7,7,0
2025_01_LV_NE,2025,REG,1,2025-09-07,Sunday,13:00,LV,20,NE,13,Home,0,2.5,7,7,0
2025_01_ARI_NO,2025,REG,1,2025-09-07,Sunday,13:00,ARI,20,NO,13,Home,0,-6,7,7,0
2025_01_PIT_NYJ,2025,REG,1,2025-09-07,Sunday,13:00,PIT,34,NYJ,32,Home,0,-3,7,7,0
2025_01_NYG_WAS,2025,REG,1,2025-09-07,Sunday,13:00,NYG,6,WAS,21,Home,0,6,7,7,1
2025_01_TEN_DEN,2025,REG,1,2025-09-07,Sunday,16:05,TEN,12,DEN,20,Home,0,8.5,7,7,0
2025_01_SF_SEA,2025,REG,1,2025-09-07,Sunday,16:05,SF,17,SEA,13,Home,0,-2.5,7,7,1
2025_01_DET_GB,2025,REG,1,2025-09-07,Sunday,16:25,DET,13,GB,27,Home,0,1.5,7,7,1
2025_01_HOU_LA,2025,REG,1,2025-09-07,Sunday,16:25,HOU,9,LA,14,Home,0,3.5,7,7,0
2025_01_BAL_BUF,2025,REG,1,2025-09-07,Sunday,20:20,BAL,40,BUF,41,Home,0,-1.5,7,7,0
2025_01_MIN_CHI,2025,REG,1,2025-09-08,Monday,20:15,MIN,27,CHI,24,Home,0,-1.5,7,7,1
2025_02_WAS_GB,2025,REG,2,2025-09-11,Thursday,20:15,WAS,18,GB,27,Home,0,3.5,4,4,0
2025_02_CLE_BAL,2025,REG,2,2025-09-14,Sunday,13:00,CLE,17,BAL,41,Home,0,12.5,7,7,1
2025_02_JAX_CIN,2025,REG,2,2025-09-14,Sunday,13:00,JAX,27,CIN,31,Home,0,3.5,7,7,0
2025_02_NYG_DAL,2025,REG,2,2025-09-14,Sunday,13:00,NYG,37,DAL,40,Home,1,4.5,7,10,1
2025_02_CHI_DET,2025,REG,2,2025-09-14,Sunday,13:00,CHI,21,DET,52,Home,0,6,6,7,1
2025_02_NE_MIA,2025,REG,2,2025-09-14,Sunday,13:00,NE,33,MIA,27,Home,0,1.5,7,7,1
2025_02_SF_NO,2025,REG,2,2025-09-14,Sunday,13:00,SF,26,NO,21,Home,0,-3,7,7,0
2025_02_BUF_NYJ,2025,REG,2,2025-09-14,Sunday,13:00,BUF,30,NYJ,10,Home,0,-6,7,7,1
2025_02_SEA_PIT,2025,REG,2,2025-09-14,Sunday,13:00,SEA,31,PIT,17,Home,0,3.5,7,7,0
2025_02_LA_TEN,2025,REG,2,2025-09-14,Sunday,13:00,LA,33,TEN,19,Home,0,-5.5,7,7,0
2025_02_CAR_ARI,2025,REG,2,2025-09-14,Sunday,16:05,CAR,22,ARI,27,Home,0,7,7,7,0
2025_02_DEN_IND,2025,REG,2,2025-09-14,Sunday,16:05,DEN,28,IND,29,Home,0,-2.5,7,7,0
2025_02_PHI_KC,2025,REG,2,2025-09-14,Sunday,16:25,PHI,20,KC,17,Home,0,-1.5,10,9,0
2025_02_ATL_MIN,2025,REG,2,2025-09-14,Sunday,20:20,ATL,22,MIN,6,Home,0,3.5,7,6,0
2025_02_TB_HOU,2025,REG,2,2025-09-15,Monday,19:00,TB,20,HOU,19,Home,0,2.5,8,8,0
2025_02_LAC_LV,2025,REG,2,2025-09-15,Monday,22:00,LAC,20,LV,9,Home,0,-3.5,10,8,1
2025_03_MIA_BUF,2025,REG,3,2025-09-18,Thursday,20:15,MIA,21,BUF,31,Home,0,12.5,4,4,1
2025_03_ATL_CAR,2025,REG,3,2025-09-21,Sunday,13:00,ATL,0,CAR,30,Home,0,-5.5,7,7,1
2025_03_GB_CLE,2025,REG,3,2025-09-21,Sunday,13:00,GB,10,CLE,13,Home,0,-8.5,10,7,0
2025_03_HOU_JAX,2025,REG,3,2025-09-21,Sunday,13:00,HOU,10,JAX,17,Home,0,1.5,6,7,1
2025_03_CIN_MIN,2025,REG,3,2025-09-21,Sunday,13:00,CIN,10,MIN,48,Home,0,3,7,7,0
2025_03_PIT_NE,2025,REG,3,2025-09-21,Sunday,13:00,PIT,21,NE,14,Home,0,-1.5,7,7,0
2025_03_LA_PHI,2025,REG,3,2025-09-21,Sunday,13:00,LA,26,PHI,33,Home,0,3.5,7,7,0
2025_03_NYJ_TB,2025,REG,3,2025-09-21,Sunday,13:00,NYJ,27,TB,29,Home,0,6.5,7,6,0
2025_03_IND_TEN,2025,REG,3,2025-09-21,Sunday,13:00,IND,41,TEN,20,Home,0,-6,7,7,1
2025_03_LV_WAS,2025,REG,3,2025-09-21,Sunday,13:00,LV,24,WAS,41,Home,0,2.5,6,10,0
2025_03_DEN_LAC,2025,REG,3,2025-09-21,Sunday,16:05,DEN,20,LAC,23,Home,0,2.5,7,6,1
2025_03_NO_SEA,2025,REG,3,2025-09-21,Sunday,16:05,NO,13,SEA,44,Home,0,7.5,7,7,0
2025_03_DAL_CHI,2025,REG,3,2025-09-21,Sunday,16:25,DAL,14,CHI,31,Home,0,-1.5,7,7,0
2025_03_ARI_SF,2025,REG,3,2025-09-21,Sunday,16:25,ARI,15,SF,16,Home,0,1.5,7,7,1
2025_03_KC_NYG,2025,REG,3,2025-09-21,Sunday,20:20,KC,22,NYG,9,Home,0,-6,7,7,0
2025_03_DET_BAL,2025,REG,3,2025-09-22,Monday,20:15,DET,38,BAL,30,Home,0,4.5,8,8,0
2025_04_SEA_ARI,2025,REG,4,2025-09-25,Thursday,20:15,SEA,23,ARI,20,Home,0,-1.5,4,4,1
2025_04_MIN_PIT,2025,REG,4,2025-09-28,Sunday,09:30,MIN,21,PIT,24,Neutral,0,-2.5,7,7,0
2025_04_WAS_ATL,2025,REG,4,2025-09-28,Sunday,13:00,WAS,27,ATL,34,Home,0,2.5,7,7,0
2025_04_NO_BUF,2025,REG,4,2025-09-28,Sunday,13:00,NO,19,BUF,31,Home,0,15.5,7,10,0
2025_04_CLE_DET,2025,REG,4,2025-09-28,Sunday,13:00,CLE,10,DET,34,Home,0,10,7,6,0
2025_04_TEN_HOU,2025,REG,4,2025-09-28,Sunday,13:00,TEN,0,HOU,26,Home,0,7.5,7,7,1
2025_04_CAR_NE,2025,REG,4,2025-09-28,Sunday,13:00,CAR,13,NE,42,Home,0,5.5,7,7,0
2025_04_LAC_NYG,2025,REG,4,2025-09-28,Sunday,13:00,LAC,18,NYG,21,Home,0,-6,7,7,0
2025_04_PHI_TB,2025,REG,4,2025-09-28,Sunday,13:00,PHI,31,TB,25,Home,0,-3.5,7,7,0
2025_04_IND_LA,2025,REG,4,2025-09-28,Sunday,16:05,IND,20,LA,27,Home,0,3.5,7,7,0
2025_04_JAX_SF,2025,REG,4,2025-09-28,Sunday,16:05,JAX,26,SF,21,Home,0,3.5,7,7,0
2025_04_BAL_KC,2025,REG,4,2025-09-28,Sunday,16:25,BAL,20,KC,37,Home,0,-2.5,6,7,0
2025_04_CHI_LV,2025,REG,4,2025-09-28,Sunday,16:25,CHI,25,LV,24,Home,0,1.5,7,7,0
2025_04_GB_DAL,2025,REG,4,2025-09-28,Sunday,20:20,GB,40,DAL,40,Home,1,-7,7,7,0
2025_04_NYJ_MIA,2025,REG,4,2025-09-29,Monday,19:15,NYJ,21,MIA,27,Home,0,2.5,8,11,1
2025_04_CIN_DEN,2025,REG,4,2025-09-29,Monday,20:15,CIN,3,DEN,28,Home,0,7.5,8,8,0
2025_05_SF_LA,2025,REG,5,2025-10-02,Thursday,20:15,SF,26,LA,23,Home,1,8.5,4,4,1
2025_05_MIN_CLE,2025,REG,5,2025-10-05,Sunday,09:30,MIN,21,CLE,17,Neutral,0,-3.5,7,7,0
2025_05_HOU_BAL,2025,REG,5,2025-10-05,Sunday,13:00,HOU,44,BAL,10,Home,0,-2.5,7,7,0
2025_05_MIA_CAR,2025,REG,5,2025-10-05,Sunday,13:00,MIA,24,CAR,27,Home,0,-1.5,6,7,0
2025_05_LV_IND,2025,REG,5,2025-10-05,Sunday,13:00,LV,6,IND,40,Home,0,7,7,7,0
2025_05_NYG_NO,2025,REG,5,2025-10-05,Sunday,13:00,NYG,14,NO,26,Home,0,1.5,7,7,0
2025_05_DAL_NYJ,2025,REG,5,2025-10-05,Sunday,13:00,DAL,37,NYJ,22,Home,0,1.5,7,6,0
2025_05_DEN_PHI,2025,REG,5,2025-10-05,Sunday,13:00,DEN,21,PHI,17,Home,0,3.5,6,7,0
2025_05_TEN_ARI,2025,REG,5,2025-10-05,Sunday,16:05,TEN,22,ARI,21,Home,0,7.5,7,10,0
2025_05_TB_SEA,2025,REG,5,2025-10-05,Sunday,16:05,TB,38,SEA,35,Home,0,3.5,7,10,0
2025_05_DET_CIN,2025,REG,5,2025-10-05,Sunday,16:25,DET,37,CIN,24,Home,0,-10.5,7,6,0
2025_05_WAS_LAC,2025,REG,5,2025-10-05,Sunday,16:25,WAS,27,LAC,10,Home,0,2.5,7,7,0
2025_05_NE_BUF,2025,REG,5,2025-10-05,Sunday,20:20,NE,23,BUF,20,Home,0,7.5,7,7,1
2025_05_KC_JAX,2025,REG,5,2025-10-06,Monday,20:15,KC,28,JAX,31,Home,0,-3.5,8,8,0
2025_06_PHI_NYG,2025,REG,6,2025-10-09,Thursday,20:15,PHI,17,NYG,34,Home,0,-7,4,4,1
2025_06_DEN_NYJ,2025,REG,6,2025-10-12,Sunday,09:30,DEN,13,NYJ,11,Neutral,0,-7.5,7,7,0
2025_06_LA_BAL,2025,REG,6,2025-10-12,Sunday,13:00,LA,17,BAL,3,Home,0,-7,10,7,0
2025_06_DAL_CAR,2025,REG,6,2025-10-12,Sunday,13:00,DAL,27,CAR,30,Home,0,-3,7,7,0
2025_06_ARI_IND,2025,REG,6,2025-10-12,Sunday,13:00,ARI,27,IND,31,Home,0,8.5,7,7,0
2025_06_SEA_JAX,2025,REG,6,2025-10-12,Sunday,13:00,SEA,20,JAX,12,Home,0,-1.5,7,6,0
2025_06_LAC_MIA,2025,REG,6,2025-10-12,Sunday,13:00,LAC,29,MIA,27,Home,0,-3.5,7,7,0
2025_06_NE_NO,2025,REG,6,2025-10-12,Sunday,13:00,NE,25,NO,19,Home,0,-3.5,7,7,0
2025_06_CLE_PIT,2025,REG,6,2025-10-12,Sunday,13:00,CLE,9,PIT,23,Home,0,5.5,7,14,1
2025_06_TEN_LV,2025,REG,6,2025-10-12,Sunday,16:05,TEN,10,LV,20,Home,0,3.5,7,7,0
2025_06_CIN_GB,2025,REG,6,2025-10-12,Sunday,16:25,CIN,18,GB,27,Home,0,14,7,14,0
2025_06_SF_TB,2025,REG,6,2025-10-12,Sunday,16:25,SF,19,TB,30,Home,0,3.5,10,7,0
2025_06_DET_KC,2025,REG,6,2025-10-12,Sunday,20:20,DET,17,KC,30,Home,0,2.5,7,6,0
2025_06_BUF_ATL,2025,REG,6,2025-10-13,Monday,19:15,BUF,14,ATL,24,Home,0,-3.5,8,15,0
2025_06_CHI_WAS,2025,REG,6,2025-10-13,Monday,20:15,CHI,25,WAS,24,Home,0,5.5,15,8,0
2025_07_PIT_CIN,2025,REG,7,2025-10-16,Thursday,20:15,PIT,31,CIN,33,Home,0,-5.5,4,4,1
2025_07_LA_JAX,2025,REG,7,2025-10-19,Sunday,09:30,LA,35,JAX,7,Neutral,0,-3,7,7,0
2025_07_NO_CHI,2025,REG,7,2025-10-19,Sunday,13:00,NO,14,CHI,26,Home,0,4.5,7,6,0
2025_07_MIA_CLE,2025,REG,7,2025-10-19,Sunday,13:00,MIA,6,CLE,31,Home,0,2.5,7,7,0
2025_07_LV_KC,2025,REG,7,2025-10-19,Sunday,13:00,LV,0,KC,31,Home,0,13.5,7,7,1
2025_07_PHI_MIN,2025,REG,7,2025-10-19,Sunday,13:00,PHI,28,MIN,22,Home,0,-2.5,10,14,0
2025_07_CAR_NYJ,2025,REG,7,2025-10-19,Sunday,13:00,CAR,13,NYJ,6,Home,0,1.5,7,7,0
2025_07_NE_TEN,2025,REG,7,2025-10-19,Sunday,13:00,NE,31,TEN,13,Home,0,-6.5,7,7,0
2025_07_NYG_DEN,2025,REG,7,2025-10-19,Sunday,16:05,NYG,32,DEN,33,Home,0,7.5,10,7,0
2025_07_IND_LAC,2025,REG,7,2025-10-19,Sunday,16:05,IND,38,LAC,24,Home,0,2.5,7,7,0
2025_07_GB_ARI,2025,REG,7,2025-10-19,Sunday,16:25,GB,27,ARI,23,Home,0,-7,7,7,0
2025_07_WAS_DAL,2025,REG,7,2025-10-19,Sunday,16:25,WAS,22,DAL,44,Home,0,1.5,6,7,1
2025_07_ATL_SF,2025,REG,7,2025-10-19,Sunday,20:20,ATL,10,SF,20,Home,0,1.5,6,7,0
2025_07_TB_DET,2025,REG,7,2025-10-20,Monday,19:00,TB,9,DET,24,Home,0,6,8,8,0
2025_07_HOU_SEA,2025,REG,7,2025-10-20,Monday,22:00,HOU,19,SEA,27,Home,0,3,15,8,0
2025_08_MIN_LAC,2025,REG,8,2025-10-23,Thursday,20:15,MIN,10,LAC,37,Home,0,3,4,4,0
2025_08_MIA_ATL,2025,REG,8,2025-10-26,Sunday,13:00,MIA,34,ATL,10,Home,0,7,7,7,0
2025_08_CHI_BAL,2025,REG,8,2025-10-26,Sunday,13:00,CHI,16,BAL,30,Home,0,2.5,7,14,0
2025_08_BUF_CAR,2025,REG,8,2025-10-26,Sunday,13:00,BUF,40,CAR,9,Home,0,-7,13,7,0
2025_08_NYJ_CIN,2025,REG,8,2025-10-26,Sunday,13:00,NYJ,39,CIN,38,Home,0,5.5,7,10,0
2025_08_SF_HOU,2025,REG,8,2025-10-26,Sunday,13:00,SF,15,HOU,26,Home,0,2.5,7,6,0
2025_08_CLE_NE,2025,REG,8,2025-10-26,Sunday,13:00,CLE,13,NE,32,Home,0,7,7,7,0
2025_08_NYG_PHI,2025,REG,8,2025-10-26,Sunday,13:00,NYG,20,PHI,38,Home,0,7,7,7,1
2025_08_TB_NO,2025,REG,8,2025-10-26,Sunday,16:05,TB,23,NO,3,Home,0,-4.5,6,7,1
2025_08_DAL_DEN,2025,REG,8,2025-10-26,Sunday,16:25,DAL,24,DEN,44,Home,0,3.5,7,7,0
2025_08_TEN_IND,2025,REG,8,2025-10-26,Sunday,16:25,TEN,14,IND,38,Home,0,15.5,7,7,1
2025_08_GB_PIT,2025,REG,8,2025-10-26,Sunday,20:20,GB,35,PIT,25,Home,0,-3,7,10,0
2025_08_WAS_KC,2025,REG,8,2025-10-27,Monday,20:15,WAS,7,KC,28,Home,0,10.5,8,8,0
2025_09_BAL_MIA,2025,REG,9,2025-10-30,Thursday,20:15,BAL,28,MIA,6,Home,0,-7.5,4,4,0
2025_09_CHI_CIN,2025,REG,9,2025-11-02,Sunday,13:00,CHI,47,CIN,42,Home,0,-3,7,7,0
2025_09_MIN_DET,2025,REG,9,2025-11-02,Sunday,13:00,MIN,27,DET,24,Home,0,9.5,10,13,1
2025_09_CAR_GB,2025,REG,9,2025-11-02,Sunday,13:00,CAR,16,GB,13,Home,0,12.5,7,7,0
2025_09_DEN_HOU,2025,REG,9,2025-11-02,Sunday,13:00,DEN,18,HOU,15,Home,0,1.5,7,7,0
2025_09_ATL_NE,2025,REG,9,2025-11-02,Sunday,13:00,ATL,23,NE,24,Home,0,5.5,7,7,0
2025_09_SF_NYG,2025,REG,9,2025-11-02,Sunday,13:00,SF,34,NYG,24,Home,0,-2.5,7,7,0
2025_09_IND_PIT,2025,REG,9,2025-11-02,Sunday,13:00,IND,20,PIT,27,Home,0,-3.5,7,7,0
2025_09_LAC_TEN,2025,REG,9,2025-11-02,Sunday,13:00,LAC,27,TEN,20,Home,0,-10,10,7,0
2025_09_NO_LA,2025,REG,9,2025-11-02,Sunday,16:05,NO,10,LA,34,Home,0,14,7,14,0
2025_09_JAX_LV,2025,REG,9,2025-11-02,Sunday,16:05,JAX,30,LV,29,Home,1,-2.5,14,14,0
2025_09_KC_BUF,2025,REG,9,2025-11-02,Sunday,16:25,KC,21,BUF,28,Home,0,-2.5,6,7,0
2025_09_SEA_WAS,2025,REG,9,2025-11-02,Sunday,20:20,SEA,38,WAS,14,Home,0,-2.5,13,6,0
2025_09_ARI_DAL,2025,REG,9,2025-11-03,Monday,20:15,ARI,27,DAL,17,Home,0,3.5,15,8,0
2025_10_LV_DEN,2025,REG,10,2025-11-06,Thursday,20:15,LV,7,DEN,10,Home,0,9.5,4,4,1
2025_10_ATL_IND,2025,REG,10,2025-11-09,Sunday,09:30,ATL,25,IND,31,Neutral,1,6.5,7,7,0
2025_10_NO_CAR,2025,REG,10,2025-11-09,Sunday,13:00,NO,17,CAR,7,Home,0,5.5,7,7,1
2025_10_NYG_CHI,2025,REG,10,2025-11-09,Sunday,13:00,NYG,20,CHI,24,Home,0,4.5,7,7,0
2025_10_JAX_HOU,2025,REG,10,2025-11-09,Sunday,13:00,JAX,29,HOU,36,Home,0,-1.5,7,7,1
2025_10_BUF_MIA,2025,REG,10,2025-11-09,Sunday,13:00,BUF,13,MIA,30,Home,0,-8.5,7,10,1
2025_10_BAL_MIN,2025,REG,10,2025-11-09,Sunday,13:00,BAL,27,MIN,19,Home,0,-4.5,10,7,0
2025_10_CLE_NYJ,2025,REG,10,2025-11-09,Sunday,13:00,CLE,20,NYJ,27,Home,0,-1.5,14,14,0
2025_10_NE_TB,2025,REG,10,2025-11-09,Sunday,13:00,NE,28,TB,23,Home,0,2.5,7,14,0
2025_10_ARI_SEA,2025,REG,10,2025-11-09,Sunday,16:05,ARI,22,SEA,44,Home,0,7,6,7,1
2025_10_LA_SF,2025,REG,10,2025-11-09,Sunday,16:25,LA,42,SF,26,Home,0,-5.5,7,7,1
2025_10_DET_WAS,2025,REG,10,2025-11-09,Sunday,16:25,DET,44,WAS,22,Home,0,-8.5,7,7,0
2025_10_PIT_LAC,2025,REG,10,2025-11-09,Sunday,20:20,PIT,10,LAC,25,Home,0,3,7,7,0
2025_10_PHI_GB,2025,REG,10,2025-11-10,Monday,20:15,PHI,10,GB,7,Home,0,1.5,15,8,0
2025_11_NYJ_NE,2025,REG,11,2025-11-13,Thursday,20:15,NYJ,14,NE,27,Home,0,12.5,4,4,1
2025_11_WAS_MIA,2025,REG,11,2025-11-16,Sunday,09:30,WAS,13,MIA,16,Neutral,1,2.5,7,7,0
2025_11_CAR_ATL,2025,REG,11,2025-11-16,Sunday,13:00,CAR,30,ATL,27,Home,1,4.5,7,7,1
2025_11_TB_BUF,2025,REG,11,2025-11-16,Sunday,13:00,TB,32,BUF,44,Home,0,6,7,7,0
2025_11_LAC_JAX,2025,REG,11,2025-11-16,Sunday,13:00,LAC,6,JAX,35,Home,0,-3,7,7,0
2025_11_CHI_MIN,2025,REG,11,2025-11-16,Sunday,13:00,CHI,19,MIN,17,Home,0,3,7,7,1
2025_11_GB_NYG,2025,REG,11,2025-11-16,Sunday,13:00,GB,27,NYG,20,Home,0,-7.5,6,7,0
2025_11_CIN_PIT,2025,REG,11,2025-11-16,Sunday,13:00,CIN,12,PIT,34,Home,0,5.5,14,7,1
2025_11_HOU_TEN,2025,REG,11,2025-11-16,Sunday,13:00,HOU,16,TEN,13,Home,0,-5.5,7,14,1
2025_11_SF_ARI,2025,REG,11,2025-11-16,Sunday,16:05,SF,41,ARI,22,Home,0,-3.5,7,7,1
2025_11_SEA_LA,2025,REG,11,2025-11-16,Sunday,16:05,SEA,19,LA,21,Home,0,3,7,7,1
2025_11_BAL_CLE,2025,REG,11,2025-11-16,Sunday,16:25,BAL,23,CLE,16,Home,0,-7.5,7,7,1
2025_11_KC_DEN,2025,REG,11,2025-11-16,Sunday,16:25,KC,19,DEN,22,Home,0,-3.5,14,10,1
2025_11_DET_PHI,2025,REG,11,2025-11-16,Sunday,20:20,DET,9,PHI,16,Home,0,2.5,7,6,0
2025_11_DAL_LV,2025,REG,11,2025-11-17,Monday,20:15,DAL,33,LV,16,Home,0,-3.5,14,11,0
2025_12_BUF_HOU,2025,REG,12,2025-11-20,Thursday,20:15,BUF,19,HOU,23,Home,0,-5.5,4,4,0
2025_12_NYJ_BAL,2025,REG,12,2025-11-23,Sunday,13:00,NYJ,10,BAL,23,Home,0,14,10,7,0
2025_12_PIT_CHI,2025,REG,12,2025-11-23,Sunday,13:00,PIT,28,CHI,31,Home,0,3,7,7,0
2025_12_NE_CIN,2025,REG,12,2025-11-23,Sunday,13:00,NE,26,CIN,20,Home,0,-7.5,10,7,0
2025_12_NYG_DET,2025,REG,12,2025-11-23,Sunday,13:00,NYG,27,DET,34,Home,1,14,7,7,0
2025_12_MIN_GB,2025,REG,12,2025-11-23,Sunday,13:00,MIN,6,GB,23,Home,0,6.5,7,7,1
2025_12_IND_KC,2025,REG,12,2025-11-23,Sunday,13:00,IND,20,KC,23,Home,1,3.5,14,7,0
2025_12_SEA_TEN,2025,REG,12,2025-11-23,Sunday,13:00,SEA,30,TEN,24,Home,0,-12.5,7,7,0
2025_12_JAX_ARI,2025,REG,12,2025-11-23,Sunday,16:05,JAX,27,ARI,24,Home,1,-2.5,7,7,0
2025_12_CLE_LV,2025,REG,12,2025-11-23,Sunday,16:05,CLE,24,LV,10,Home,0,3,7,6,0
2025_12_PHI_DAL,2025,REG,12,2025-11-23,Sunday,16:25,PHI,21,DAL,24,Home,0,-3,7,6,1
2025_12_ATL_NO,2025,REG,12,2025-11-23,Sunday,16:25,ATL,24,NO,10,Home,0,1.5,7,14,1
2025_12_TB_LA,2025,REG,12,2025-11-23,Sunday,20:20,TB,7,LA,34,Home,0,7,7,7,0
2025_12_CAR_SF,2025,REG,12,2025-11-24,Monday,20:15,CAR,9,SF,20,Home,0,7.5,8,8,0
2025_13_GB_DET,2025,REG,13,2025-11-27,Thursday,13:00,GB,31,DET,24,Home,0,2.5,4,4,1
2025_13_KC_DAL,2025,REG,13,2025-11-27,Thursday,16:30,KC,28,DAL,31,Home,0,-3.5,4,4,0
2025_13_CIN_BAL,2025,REG,13,2025-11-27,Thursday,20:20,CIN,32,BAL,14,Home,0,7,4,4,1
2025_13_CHI_PHI,2025,REG,13,2025-11-28,Friday,15:00,CHI,24,PHI,15,Home,0,7,5,5,0
2025_13_LA_CAR,2025,REG,13,2025-11-30,Sunday,13:00,LA,28,CAR,31,Home,0,-10,7,6,0
2025_13_SF_CLE,2025,REG,13,2025-11-30,Sunday,13:00,SF,26,CLE,8,Home,0,-5.5,6,7,0
2025_13_HOU_IND,2025,REG,13,2025-11-30,Sunday,13:00,HOU,20,IND,16,Home,0,3,10,7,1
2025_13_NO_MIA,2025,REG,13,2025-11-30,Sunday,13:00,NO,17,MIA,21,Home,0,5.5,7,14,0
2025_13_ATL_NYJ,2025,REG,13,2025-11-30,Sunday,13:00,ATL,24,NYJ,27,Home,0,-3,7,7,0
2025_13_ARI_TB,2025,REG,13,2025-11-30,Sunday,13:00,ARI,17,TB,20,Home,0,4.5,7,7,0
2025_13_JAX_TEN,2025,REG,13,2025-11-30,Sunday,13:00,JAX,25,TEN,3,Home,0,-6,7,7,1
2025_13_MIN_SEA,2025,REG,13,2025-11-30,Sunday,16:05,MIN,0,SEA,26,Home,0,12.5,7,7,0
2025_13_LV_LAC,2025,REG,13,2025-11-30,Sunday,16:25,LV,14,LAC,31,Home,0,10,7,14,1
2025_13_BUF_PIT,2025,REG,13,2025-11-30,Sunday,16:25,BUF,26,PIT,7,Home,0,-3,10,7,0
2025_13_DEN_WAS,2025,REG,13,2025-11-30,Sunday,20:20,DEN,27,WAS,26,Home,1,-6.5,14,14,0
2025_13_NYG_NE,2025,REG,13,2025-12-01,Monday,20:15,NYG,15,NE,33,Home,0,7,8,8,0
2025_14_DAL_DET,2025,REG,14,2025-12-04,Thursday,20:15,DAL,30,DET,44,Home,0,3.5,7,7,0
2025_14_SEA_ATL,2025,REG,14,2025-12-07,Sunday,13:00,SEA,37,ATL,9,Home,0,-7,7,7,0
2025_14_PIT_BAL,2025,REG,14,2025-12-07,Sunday,13:00,PIT,27,BAL,22,Home,0,5.5,7,10,1
2025_14_CIN_BUF,2025,REG,14,2025-12-07,Sunday,13:00,CIN,34,BUF,39,Home,0,6,10,7,0
2025_14_TEN_CLE,2025,REG,14,2025-12-07,Sunday,13:00,TEN,31,CLE,29,Home,0,4.5,7,7,0
2025_14_IND_JAX,2025,REG,14,2025-12-07,Sunday,13:00,IND,19,JAX,36,Home,0,-2.5,7,7,1
2025_14_WAS_MIN,2025,REG,14,2025-12-07,Sunday,13:00,WAS,0,MIN,31,Home,0,-1.5,7,7,0
2025_14_MIA_NYJ,2025,REG,14,2025-12-07,Sunday,13:00,MIA,34,NYJ,10,Home,0,-2.5,7,7,1
2025_14_NO_TB,2025,REG,14,2025-12-07,Sunday,13:00,NO,24,TB,20,Home,0,7.5,7,7,1
2025_14_DEN_LV,2025,REG,14,2025-12-07,Sunday,16:05,DEN,24,LV,17,Home,0,-8.5,7,7,1
2025_14_LA_ARI,2025,REG,14,2025-12-07,Sunday,16:25,LA,45,ARI,17,Home,0,-9.5,7,7,1
2025_14_CHI_GB,2025,REG,14,2025-12-07,Sunday,16:25,CHI,21,GB,28,Home,0,6.5,9,10,1
2025_14_HOU_KC,2025,REG,14,2025-12-07,Sunday,20:20,HOU,20,KC,10,Home,0,4.5,7,10,0
2025_14_PHI_LAC,2025,REG,14,2025-12-08,Monday,20:15,PHI,19,LAC,22,Home,1,-1.5,10,8,0
2025_15_ATL_TB,2025,REG,15,2025-12-11,Thursday,20:15,ATL,29,TB,28,Home,0,6,4,4,1
2025_15_CLE_CHI,2025,REG,15,2025-12-14,Sunday,13:00,CLE,3,CHI,31,Home,0,7.5,7,7,0
2025_15_BAL_CIN,2025,REG,15,2025-12-14,Sunday,13:00,BAL,24,CIN,0,Home,0,-2.5,7,7,1
2025_15_ARI_HOU,2025,REG,15,2025-12-14,Sunday,13:00,ARI,20,HOU,40,Home,0,10.5,7,7,0
2025_15_NYJ_JAX,2025,REG,15,2025-12-14,Sunday,13:00,NYJ,20,JAX,48,Home,0,13.5,7,7,0
2025_15_LAC_KC,2025,REG,15,2025-12-14,Sunday,13:00,LAC,16,KC,13,Home,0,5.5,6,7,1
2025_15_BUF_NE,2025,REG,15,2025-12-14,Sunday,13:00,BUF,35,NE,31,Home,0,-2.5,7,13,1
2025_15_WAS_NYG,2025,REG,15,2025-12-14,Sunday,13:00,WAS,29,NYG,21,Home,0,2.5,7,13,1
2025_15_LV_PHI,2025,REG,15,2025-12-14,Sunday,13:00,LV,0,PHI,31,Home,0,12.5,7,6,0
2025_15_GB_DEN,2025,REG,15,2025-12-14,Sunday,16:25,GB,26,DEN,34,Home,0,-1.5,7,7,0
2025_15_DET_LA,2025,REG,15,2025-12-14,Sunday,16:25,DET,34,LA,41,Home,0,5.5,10,7,0
2025_15_CAR_NO,2025,REG,15,2025-12-14,Sunday,16:25,CAR,17,NO,20,Home,0,-2.5,14,7,1
2025_15_IND_SEA,2025,REG,15,2025-12-14,Sunday,16:25,IND,16,SEA,18,Home,0,13.5,7,7,0
2025_15_TEN_SF,2025,REG,15,2025-12-14,Sunday,16:25,TEN,24,SF,37,Home,0,12.5,7,14,0
2025_15_MIN_DAL,2025,REG,15,2025-12-14,Sunday,20:20,MIN,34,DAL,26,Home,0,5.5,7,10,0
2025_15_MIA_PIT,2025,REG,15,2025-12-15,Monday,20:15,MIA,15,PIT,28,Home,0,3,8,8,0
2025_16_LA_SEA,2025,REG,16,2025-12-18,Thursday,20:15,LA,37,SEA,38,Home,1,1.5,4,4,1
2025_16_PHI_WAS,2025,REG,16,2025-12-20,Saturday,17:00,PHI,29,WAS,18,Home,0,-7,6,6,1
2025_16_GB_CHI,2025,REG,16,2025-12-20,Saturday,20:20,GB,16,CHI,22,Home,1,1.5,6,6,1
2025_16_TB_CAR,2025,REG,16,2025-12-21,Sunday,13:00,TB,20,CAR,23,Home,0,-3,10,7,1
2025_16_BUF_CLE,2025,REG,16,2025-12-21,Sunday,13:00,BUF,23,CLE,20,Home,0,-10.5,7,7,0
2025_16_LAC_DAL,2025,REG,16,2025-12-21,Sunday,13:00,LAC,34,DAL,17,Home,0,1.5,7,7,0
2025_16_CIN_MIA,2025,REG,16,2025-12-21,Sunday,13:00,CIN,45,MIA,21,Home,0,-3.5,7,6,0
2025_16_NYJ_NO,2025,REG,16,2025-12-21,Sunday,13:00,NYJ,6,NO,29,Home,0,6.5,7,7,0
2025_16_MIN_NYG,2025,REG,16,2025-12-21,Sunday,13:00,MIN,16,NYG,13,Home,0,-2.5,7,7,0
2025_16_KC_TEN,2025,REG,16,2025-12-21,Sunday,13:00,KC,9,TEN,26,Home,0,-3.5,7,7,0
2025_16_ATL_ARI,2025,REG,16,2025-12-21,Sunday,16:05,ATL,26,ARI,19,Home,0,-2.5,10,7,0
2025_16_JAX_DEN,2025,REG,16,2025-12-21,Sunday,16:05,JAX,34,DEN,20,Home,0,3.5,7,7,0
2025_16_PIT_DET,2025,REG,16,2025-12-21,Sunday,16:25,PIT,29,DET,24,Home,0,7.5,6,7,0
2025_16_LV_HOU,2025,REG,16,2025-12-21,Sunday,16:25,LV,21,HOU,23,Home,0,14.5,7,7,0
2025_16_NE_BAL,2025,REG,16,2025-12-21,Sunday,20:20,NE,28,BAL,24,Home,0,3.5,7,7,0
2025_16_SF_IND,2025,REG,16,2025-12-22,Monday,20:15,SF,48,IND,27,Home,0,-4.5,8,8,0
2025_17_DAL_WAS,2025,REG,17,2025-12-25,Thursday,13:00,DAL,30,WAS,23,Home,0,-8.5,4,5,1
2025_17_DET_MIN,2025,REG,17,2025-12-25,Thursday,16:30,DET,10,MIN,23,Home,0,-7,4,4,1
2025_17_DEN_KC,2025,REG,17,2025-12-25,Thursday,20:15,DEN,20,KC,13,Home,0,-13.5,4,4,1
2025_17_HOU_LAC,2025,REG,17,2025-12-27,Saturday,16:30,HOU,20,LAC,16,Home,0,1.5,6,6,0
2025_17_BAL_GB,2025,REG,17,2025-12-27,Saturday,20:00,BAL,41,GB,24,Home,0,2.5,6,7,0
2025_17_SEA_CAR,2025,REG,17,2025-12-28,Sunday,13:00,SEA,27,CAR,10,Home,0,-6.5,10,7,0
2025_17_ARI_CIN,2025,REG,17,2025-12-28,Sunday,13:00,ARI,14,CIN,37,Home,0,7,7,7,0
2025_17_PIT_CLE,2025,REG,17,2025-12-28,Sunday,13:00,PIT,6,CLE,13,Home,0,-4.5,7,7,1
2025_17_JAX_IND,2025,REG,17,2025-12-28,Sunday,13:00,JAX,23,IND,17,Home,0,-3.5,7,6,1
2025_17_TB_MIA,2025,REG,17,2025-12-28,Sunday,13:00,TB,17,MIA,20,Home,0,-5.5,7,7,0
2025_17_NE_NYJ,2025,REG,17,2025-12-28,Sunday,13:00,NE,42,NYJ,10,Home,0,-12.5,7,7,1
2025_17_NO_TEN,2025,REG,17,2025-12-28,Sunday,13:00,NO,34,TEN,26,Home,0,-1.5,7,7,0
2025_17_NYG_LV,2025,REG,17,2025-12-28,Sunday,16:05,NYG,34,LV,10,Home,0,-3,7,7,0
2025_17_PHI_BUF,2025,REG,17,2025-12-28,Sunday,16:25,PHI,13,BUF,12,Home,0,3,8,7,0
2025_17_CHI_SF,2025,REG,17,2025-12-28,Sunday,20:20,CHI,38,SF,42,Home,0,3.5,8,6,0
2025_17_LA_ATL,2025,REG,17,2025-12-29,Monday,20:15,LA,24,ATL,27,Home,0,-7.5,11,8,0
2025_18_CAR_TB,2025,REG,18,2026-01-03,Saturday,16:30,CAR,14,TB,16,Home,0,3,6,6,1
2025_18_SEA_SF,2025,REG,18,2026-01-03,Saturday,20:00,SEA,13,SF,3,Home,0,-2.5,6,6,1
2025_18_NO_ATL,2025,REG,18,2026-01-04,Sunday,13:00,NO,17,ATL,19,Home,0,4.5,7,6,1
2025_18_CLE_CIN,2025,REG,18,2026-01-04,Sunday,13:00,CLE,20,CIN,18,Home,0,9.5,7,7,1
2025_18_IND_HOU,2025,REG,18,2026-01-04,Sunday,13:00,IND,30,HOU,38,Home,0,9.5,7,8,1
2025_18_TEN_JAX,2025,REG,18,2026-01-04,Sunday,13:00,TEN,7,JAX,41,Home,0,12.5,7,7,1
2025_18_GB_MIN,2025,REG,18,2026-01-04,Sunday,13:00,GB,3,MIN,16,Home,0,12.5,8,10,1
2025_18_DAL_NYG,2025,REG,18,2026-01-04,Sunday,13:00,DAL,17,NYG,34,Home,0,-3,10,7,1
2025_18_NYJ_BUF,2025,REG,18,2026-01-04,Sunday,16:25,NYJ,8,BUF,35,Home,0,12.5,7,7,1
2025_18_DET_CHI,2025,REG,18,2026-01-04,Sunday,16:25,DET,19,CHI,16,Home,0,3.5,10,7,1
2025_18_LAC_DEN,2025,REG,18,2026-01-04,Sunday,16:25,LAC,3,DEN,19,Home,0,14.5,8,10,1
2025_18_ARI_LA,2025,REG,18,2026-01-04,Sunday,16:25,ARI,20,LA,37,Home,0,14.5,7,6,1
2025_18_KC_LV,2025,REG,18,2026-01-04,Sunday,16:25,KC,12,LV,14,Home,0,-3.5,10,7,1
2025_18_MIA_NE,2025,REG,18,2026-01-04,Sunday,16:25,MIA,10,NE,38,Home,0,14,7,7,1
2025_18_WAS_PHI,2025,REG,18,2026-01-04,Sunday,16:25,WAS,24,PHI,17,Home,0,3,10,7,1
2025_18_BAL_PIT,2025,REG,18,2026-01-04,Sunday,20:20,BAL,24,PIT,26,Home,0,-4.5,8,7,1
2025_19_LA_CAR,2025,WC,19,2026-01-10,Saturday,16:30,LA,34,CAR,31,Home,0,-10,6,7,0
2025_19_GB_CHI,2025,WC,19,2026-01-10,Saturday,20:00,GB,27,CHI,31,Home,0,-2.5,6,6,1
2025_19_BUF_JAX,2025,WC,19,2026-01-11,Sunday,13:00,BUF,27,JAX,24,Home,0,1.5,7,7,0
2025_19_SF_PHI,2025,WC,19,2026-01-11,Sunday,16:30,SF,23,PHI,19,Home,0,6,8,7,0
2025_19_LAC_NE,2025,WC,19,2026-01-11,Sunday,20:00,LAC,3,NE,16,Home,0,3.5,7,7,0
2025_19_HOU_PIT,2025,WC,19,2026-01-12,Monday,20:00,HOU,30,PIT,6,Home,0,-3,8,8,0
2025_20_BUF_DEN,2025,DIV,20,2026-01-17,Saturday,16:30,BUF,30,DEN,33,Home,1,1.5,6,13,0
2025_20_SF_SEA,2025,DIV,20,2026-01-17,Saturday,20:00,SF,6,SEA,41,Home,0,6.5,6,14,1
2025_20_HOU_NE,2025,DIV,20,2026-01-18,Sunday,15:00,HOU,16,NE,28,Home,0,3,6,7,0
2025_20_LA_CHI,2025,DIV,20,2026-01-18,Sunday,18:30,LA,20,CHI,17,Home,1,-3.5,8,8,0
2025_21_NE_DEN,2025,CON,21,2026-01-25,Sunday,15:00,NE,10,DEN,7,Home,0,-3.5,7,8,0
2025_21_LA_SEA,2025,CON,21,2026-01-25,Sunday,18:30,LA,27,SEA,31,Home,0,2.5,7,8,1
2025_22_SEA_NE,2025,SB,22,2026-02-08,Sunday,18:30,SEA,29,NE,13,Neutral,0,-4.5,14,14,0
2026_01_NE_SEA,2026,REG,1,2026-09-09,Wednesday,20:20,NE,10,SEA,13,Home,0,3,7,7,0
2026_01_SF_LA,2026,REG,1,2026-09-10,Thursday,20:35,SF,27,LA,7,Neutral,0,3.5,7,7,1
2026_01_CHI_CAR,2026,REG,1,2026-09-13,Sunday,13:00,CHI,59,CAR,37,Home,0,-3,7,7,0
2026_01_TB_CIN,2026,REG,1,2026-09-13,Sunday,13:00,TB,27,CIN,33,Home,0,3.5,7,7,0
2026_01_NO_DET,2026,REG,1,2026-09-13,Sunday,13:00,NO,30,DET,31,Home,1,7,7,7,0
2026_01_BUF_HOU,2026,REG,1,2026-09-13,Sunday,13:00,BUF,36,HOU,31,Home,0,-1.5,7,7,0
2026_01_BAL_IND,2026,REG,1,2026-09-13,Sunday,13:00,BAL,41,IND,23,Home,0,-3,7,7,0
2026_01_CLE_JAX,2026,REG,1,2026-09-13,Sunday,13:00,CLE,10,JAX,34,Home,0,8.5,7,7,0
2026_01_ATL_PIT,2026,REG,1,2026-09-13,Sunday,13:00,ATL,13,PIT,20,Home,0,6.5,7,7,0
2026_01_NYJ_TEN,2026,REG,1,2026-09-13,Sunday,13:00,NYJ,23,TEN,10,Home,0,1.5,7,7,0
2026_01_ARI_LAC,2026,REG,1,2026-09-13,Sunday,16:25,ARI,26,LAC,14,Home,0,8.5,7,7,0
2026_01_MIA_LV,2026,REG,1,2026-09-13,Sunday,16:25,MIA,13,LV,27,Home,0,3,7,7,0
2026_01_GB_MIN,2026,REG,1,2026-09-13,Sunday,16:25,GB,22,MIN,39,Home,0,1.5,7,7,1
2026_01_WAS_PHI,2026,REG,1,2026-09-13,Sunday,16:25,WAS,22,PHI,24,Home,0,6,7,7,1
2026_01_DAL_NYG,2026,REG,1,2026-09-13,Sunday,20:20,DAL,20,NYG,28,Home,0,-3,7,7,1
2026_01_DEN_KC,2026,REG,1,2026-09-14,Monday,20:15,DEN,10,KC,31,Home,0,2.5,7,7,1
2026_02_DET_BUF,2026,REG,2,2026-09-17,Thursday,20:15,DET,31,BUF,41,Home,0,5.5,4,4,0
2026_02_CAR_ATL,2026,REG,2,2026-09-20,Sunday,13:00,CAR,34,ATL,3,Home,0,-2.5,7,7,1
2026_02_NO_BAL,2026,REG,2,2026-09-20,Sunday,13:00,NO,24,BAL,17,Home,0,8.5,7,7,0
2026_02_MIN_CHI,2026,REG,2,2026-09-20,Sunday,13:00,MIN,9,CHI,3,Home,0,4.5,7,7,1
2026_02_CIN_HOU,2026,REG,2,2026-09-20,Sunday,13:00,CIN,20,HOU,6,Home,0,3,7,7,0
2026_02_PIT_NE,2026,REG,2,2026-09-20,Sunday,13:00,PIT,3,NE,20,Home,0,4.5,7,11,0
2026_02_GB_NYJ,2026,REG,2,2026-09-20,Sunday,13:00,GB,20,NYJ,17,Home,1,-3.5,7,7,0
2026_02_CLE_TB,2026,REG,2,2026-09-20,Sunday,13:00,CLE,23,TB,19,Home,0,8.5,7,7,0
2026_02_PHI_TEN,2026,REG,2,2026-09-20,Sunday,13:00,PHI,24,TEN,20,Home,0,-7,7,7,0
2026_02_JAX_DEN,2026,REG,2,2026-09-20,Sunday,16:05,JAX,13,DEN,20,Home,0,2.5,7,6,0
2026_02_LV_LAC,2026,REG,2,2026-09-20,Sunday,16:05,LV,26,LAC,14,Home,0,6.5,7,7,1
2026_02_SEA_ARI,2026,REG,2,2026-09-20,Sunday,16:25,SEA,31,ARI,7,Home,0,-3.5,11,7,1
2026_02_WAS_DAL,2026,REG,2,2026-09-20,Sunday,16:25,WAS,20,DAL,37,Home,0,3.5,7,7,1
2026_02_MIA_SF,2026,REG,2,2026-09-20,Sunday,16:25,MIA,13,SF,35,Home,0,12.5,7,10,0
2026_02_IND_KC,2026,REG,2,2026-09-20,Sunday,20:20,IND,30,KC,33,Home,1,6,7,6,0
2026_02_NYG_LA,2026,REG,2,2026-09-21,Monday,20:15,NYG,6,LA,28,Home,0,6.5,8,11,0
2026_03_ATL_GB,2026,REG,3,2026-09-24,Thursday,20:15,ATL,35,GB,14,Home,0,4.5,4,4,0
2026_03_LAC_BUF,2026,REG,3,2026-09-27,Sunday,13:00,LAC,16,BUF,24,Home,0,7,7,10,0
2026_03_CAR_CLE,2026,REG,3,2026-09-27,Sunday,13:00,CAR,18,CLE,21,Home,0,-2.5,7,7,0
2026_03_NYJ_DET,2026,REG,3,2026-09-27,Sunday,13:00,NYJ,24,DET,31,Home,0,7,7,10,0
2026_03_HOU_IND,2026,REG,3,2026-09-27,Sunday,13:00,HOU,17,IND,19,Home,0,-1.5,7,7,1
2026_03_NE_JAX,2026,REG,3,2026-09-27,Sunday,13:00,NE,6,JAX,35,Home,0,3,7,7,0
2026_03_KC_MIA,2026,REG,3,2026-09-27,Sunday,13:00,KC,24,MIA,10,Home,0,-10,7,7,0
2026_03_TEN_NYG,2026,REG,3,2026-09-27,Sunday,13:00,TEN,7,NYG,12,Home,0,2.5,7,6,0
2026_03_CIN_PIT,2026,REG,3,2026-09-27,Sunday,13:00,CIN,27,PIT,30,Home,0,-3.5,7,7,1
2026_03_SEA_WAS,2026,REG,3,2026-09-27,Sunday,13:00,SEA,31,WAS,33,Home,0,-8.5,7,7,0
2026_03_ARI_SF,2026,REG,3,2026-09-27,Sunday,16:05,ARI,30,SF,36,Home,0,7.5,7,7,1
2026_03_MIN_TB,2026,REG,3,2026-09-27,Sunday,16:05,MIN,23,TB,16,Home,0,-1.5,7,7,0
2026_03_BAL_DAL,2026,REG,3,2026-09-27,Sunday,16:25,BAL,34,DAL,31,Neutral,0,-3,7,7,0
2026_03_LV_NO,2026,REG,3,2026-09-27,Sunday,16:25,LV,35,NO,27,Home,0,3.5,7,7,0
2026_03_LA_DEN,2026,REG,3,2026-09-27,Sunday,20:20,LA,,DEN,,Home,,1.5,6,7,0
2026_03_PHI_CHI,2026,REG,3,2026-09-28,Monday,20:15,PHI,,CHI,,Home,,-4.5,8,8,0
2026_04_PIT_CLE,2026,REG,4,2026-10-01,Thursday,20:15,PIT,,CLE,,Home,,-2.5,4,4,1
2026_04_IND_WAS,2026,REG,4,2026-10-04,Sunday,09:30,IND,,WAS,,Neutral,,-3.5,7,7,0
2026_04_TEN_BAL,2026,REG,4,2026-10-04,Sunday,13:00,TEN,,BAL,,Home,,11.5,7,7,0
2026_04_NE_BUF,2026,REG,4,2026-10-04,Sunday,13:00,NE,,BUF,,Home,,7,7,7,1
2026_04_NYJ_CHI,2026,REG,4,2026-10-04,Sunday,13:00,NYJ,,CHI,,Home,,3,7,6,0
2026_04_JAX_CIN,2026,REG,4,2026-10-04,Sunday,13:00,JAX,,CIN,,Home,,2.5,7,7,0
2026_04_DAL_HOU,2026,REG,4,2026-10-04,Sunday,13:00,DAL,,HOU,,Home,,2.5,7,7,0
2026_04_ARI_NYG,2026,REG,4,2026-10-04,Sunday,13:00,ARI,,NYG,,Home,,1.5,7,7,0
2026_04_LA_PHI,2026,REG,4,2026-10-04,Sunday,13:00,LA,,PHI,,Home,,,7,6,0
2026_04_GB_TB,2026,REG,4,2026-10-04,Sunday,13:00,GB,,TB,,Home,,-3,10,7,0
2026_04_MIA_MIN,2026,REG,4,2026-10-04,Sunday,16:05,MIA,,MIN,,Home,,10.5,7,7,0
2026_04_KC_LV,2026,REG,4,2026-10-04,Sunday,16:25,KC,,LV,,Home,,-5.5,7,7,1
2026_04_LAC_SEA,2026,REG,4,2026-10-04,Sunday,16:25,LAC,,SEA,,Home,,6.5,7,7,0
2026_04_DEN_SF,2026,REG,4,2026-10-04,Sunday,16:25,DEN,,SF,,Home,,,7,7,0
2026_04_DET_CAR,2026,REG,4,2026-10-04,Sunday,20:20,DET,,CAR,,Home,,-3,7,7,0
2026_04_ATL_NO,2026,REG,4,2026-10-05,Monday,20:15,ATL,,NO,,Home,,2.5,11,8,1
2026_05_TB_DAL,2026,REG,5,2026-10-08,Thursday,20:15,TB,,DAL,,Home,,,4,4,0
2026_05_PHI_JAX,2026,REG,5,2026-10-11,Sunday,09:30,PHI,,JAX,,Home,,,7,7,0
2026_05_CIN_MIA,2026,REG,5,2026-10-11,Sunday,13:00,CIN,,MIA,,Home,,,7,7,0
2026_05_LV_NE,2026,REG,5,2026-10-11,Sunday,13:00,LV,,NE,,Home,,,7,7,0
2026_05_MIN_NO,2026,REG,5,2026-10-11,Sunday,13:00,MIN,,NO,,Home,,,7,6,0
2026_05_CLE_NYJ,2026,REG,5,2026-10-11,Sunday,13:00,CLE,,NYJ,,Home,,,10,7,0
2026_05_IND_PIT,2026,REG,5,2026-10-11,Sunday,13:00,IND,,PIT,,Home,,,7,10,0
2026_05_HOU_TEN,2026,REG,5,2026-10-11,Sunday,13:00,HOU,,TEN,,Home,,,7,7,1
2026_05_NYG_WAS,2026,REG,5,2026-10-11,Sunday,13:00,NYG,,WAS,,Home,,,7,7,1
2026_05_DEN_LAC,2026,REG,5,2026-10-11,Sunday,16:05,DEN,,LAC,,Home,,,7,7,1
2026_05_DET_ARI,2026,REG,5,2026-10-11,Sunday,16:25,DET,,ARI,,Home,,,7,7,0
2026_05_CHI_GB,2026,REG,5,2026-10-11,Sunday,16:25,CHI,,GB,,Home,,,7,7,1
2026_05_SF_SEA,2026,REG,5,2026-10-11,Sunday,16:25,SF,,SEA,,Home,,,7,7,1
2026_05_BAL_ATL,2026,REG,5,2026-10-11,Sunday,20:20,BAL,,ATL,,Home,,,7,6,0
2026_05_BUF_LA,2026,REG,5,2026-10-12,Monday,20:15,BUF,,LA,,Home,,,8,8,0
2026_06_SEA_DEN,2026,REG,6,2026-10-15,Thursday,20:15,SEA,,DEN,,Home,,,4,4,0
2026_06_HOU_JAX,2026,REG,6,2026-10-18,Sunday,09:30,HOU,,JAX,,Neutral,,,7,7,1
2026_06_CHI_ATL,2026,REG,6,2026-10-18,Sunday,13:00,CHI,,ATL,,Home,,,7,7,0
2026_06_BAL_CLE,2026,REG,6,2026-10-18,Sunday,13:00,BAL,,CLE,,Home,,,7,7,1
2026_06_TEN_IND,2026,REG,6,2026-10-18,Sunday,13:00,TEN,,IND,,Home,,,7,7,1
2026_06_NYJ_NE,2026,REG,6,2026-10-18,Sunday,13:00,NYJ,,NE,,Home,,,7,7,1
2026_06_NO_NYG,2026,REG,6,2026-10-18,Sunday,13:00,NO,,NYG,,Home,,,7,7,0
2026_06_CAR_PHI,2026,REG,6,2026-10-18,Sunday,13:00,CAR,,PHI,,Home,,,14,7,0
2026_06_PIT_TB,2026,REG,6,2026-10-18,Sunday,13:00,PIT,,TB,,Home,,,7,10,0
2026_06_ARI_LA,2026,REG,6,2026-10-18,Sunday,16:05,ARI,,LA,,Home,,,7,6,1
2026_06_LAC_KC,2026,REG,6,2026-10-18,Sunday,16:25,LAC,,KC,,Home,,,7,14,1
2026_06_BUF_LV,2026,REG,6,2026-10-18,Sunday,16:25,BUF,,LV,,Home,,,6,7,0
2026_06_DAL_GB,2026,REG,6,2026-10-18,Sunday,20:20,DAL,,GB,,Home,,,10,7,0
2026_06_WAS_SF,2026,REG,6,2026-10-19,Monday,20:15,WAS,,SF,,Home,,,8,8,0
2026_07_NE_CHI,2026,REG,7,2026-10-22,Thursday,20:15,NE,,CHI,,Home,,,4,4,0
2026_07_PIT_NO,2026,REG,7,2026-10-25,Sunday,09:30,PIT,,NO,,Neutral,,,7,7,0
2026_07_SF_ATL,2026,REG,7,2026-10-25,Sunday,13:00,SF,,ATL,,Home,,,6,7,0
2026_07_CIN_BAL,2026,REG,7,2026-10-25,Sunday,13:00,CIN,,BAL,,Home,,,14,7,1
2026_07_TB_CAR,2026,REG,7,2026-10-25,Sunday,13:00,TB,,CAR,,Home,,,7,7,1
2026_07_NYG_HOU,2026,REG,7,2026-10-25,Sunday,13:00,NYG,,HOU,,Home,,,7,7,0
2026_07_IND_MIN,2026,REG,7,2026-10-25,Sunday,13:00,IND,,MIN,,Home,,,7,14,0
2026_07_MIA_NYJ,2026,REG,7,2026-10-25,Sunday,13:00,MIA,,NYJ,,Home,,,14,7,1
2026_07_CLE_TEN,2026,REG,7,2026-10-25,Sunday,13:00,CLE,,TEN,,Home,,,7,7,0
2026_07_DEN_ARI,2026,REG,7,2026-10-25,Sunday,16:05,DEN,,ARI,,Home,,,10,7,0
2026_07_GB_DET,2026,REG,7,2026-10-25,Sunday,16:25,GB,,DET,,Home,,,7,14,1
2026_07_LA_LV,2026,REG,7,2026-10-25,Sunday,16:25,LA,,LV,,Home,,,7,7,0
2026_07_KC_SEA,2026,REG,7,2026-10-25,Sunday,20:20,KC,,SEA,,Home,,,7,10,0
2026_07_DAL_PHI,2026,REG,7,2026-10-26,Monday,20:15,DAL,,PHI,,Home,,,8,8,1
2026_08_CAR_GB,2026,REG,8,2026-10-29,Thursday,20:15,CAR,,GB,,Home,,,4,4,0
2026_08_BAL_BUF,2026,REG,8,2026-11-01,Sunday,13:00,BAL,,BUF,,Home,,,7,14,0
2026_08_TEN_CIN,2026,REG,8,2026-11-01,Sunday,13:00,TEN,,CIN,,Home,,,7,7,0
2026_08_ARI_DAL,2026,REG,8,2026-11-01,Sunday,13:00,ARI,,DAL,,Home,,,7,6,0
2026_08_MIN_DET,2026,REG,8,2026-11-01,Sunday,13:00,MIN,,DET,,Home,,,7,7,1
2026_08_IND_JAX,2026,REG,8,2026-11-01,Sunday,13:00,IND,,JAX,,Home,,,7,14,1
2026_08_LV_NYJ,2026,REG,8,2026-11-01,Sunday,13:00,LV,,NYJ,,Home,,,7,7,0
2026_08_CLE_PIT,2026,REG,8,2026-11-01,Sunday,13:00,CLE,,PIT,,Home,,,7,7,1
2026_08_ATL_TB,2026,REG,8,2026-11-01,Sunday,13:00,ATL,,TB,,Home,,,7,7,1
2026_08_LAC_LA,2026,REG,8,2026-11-01,Sunday,16:05,LAC,,LA,,Home,,,14,7,0
2026_08_KC_DEN,2026,REG,8,2026-11-01,Sunday,16:25,KC,,DEN,,Home,,,7,7,1
2026_08_NE_MIA,2026,REG,8,2026-11-01,Sunday,16:25,NE,,MIA,,Home,,,10,7,1
2026_08_PHI_WAS,2026,REG,8,2026-11-01,Sunday,20:20,PHI,,WAS,,Home,,,6,13,1
2026_08_CHI_SEA,2026,REG,8,2026-11-02,Monday,20:15,CHI,,SEA,,Home,,,11,8,0
2026_09_JAX_BAL,2026,REG,9,2026-11-05,Thursday,20:15,JAX,,BAL,,Home,,,4,4,0
2026_09_CIN_ATL,2026,REG,9,2026-11-08,Sunday,09:30,CIN,,ATL,,Neutral,,,7,7,0
2026_09_DEN_CAR,2026,REG,9,2026-11-08,Sunday,13:00,DEN,,CAR,,Home,,,7,10,0
2026_09_DAL_IND,2026,REG,9,2026-11-08,Sunday,13:00,DAL,,IND,,Home,,,7,7,0
2026_09_NYJ_KC,2026,REG,9,2026-11-08,Sunday,13:00,NYJ,,KC,,Home,,,7,7,0
2026_09_DET_MIA,2026,REG,9,2026-11-08,Sunday,13:00,DET,,MIA,,Home,,,7,7,0
2026_09_CLE_NO,2026,REG,9,2026-11-08,Sunday,13:00,CLE,,NO,,Home,,,7,14,0
2026_09_NYG_PHI,2026,REG,9,2026-11-08,Sunday,13:00,NYG,,PHI,,Home,,,14,7,1
2026_09_LA_WAS,2026,REG,9,2026-11-08,Sunday,13:00,LA,,WAS,,Home,,,7,7,0
2026_09_HOU_LAC,2026,REG,9,2026-11-08,Sunday,16:05,HOU,,LAC,,Home,,,14,7,0
2026_09_LV_SF,2026,REG,9,2026-11-08,Sunday,16:05,LV,,SF,,Home,,,7,14,0
2026_09_GB_NE,2026,REG,9,2026-11-08,Sunday,16:25,GB,,NE,,Home,,,10,7,0
2026_09_ARI_SEA,2026,REG,9,2026-11-08,Sunday,16:25,ARI,,SEA,,Home,,,7,6,1
2026_09_TB_CHI,2026,REG,9,2026-11-08,Sunday,20:20,TB,,CHI,,Home,,,7,6,0
2026_09_BUF_MIN,2026,REG,9,2026-11-09,Monday,20:15,BUF,,MIN,,Home,,,8,8,0
2026_10_WAS_NYG,2026,REG,10,2026-11-12,Thursday,20:15,WAS,,NYG,,Home,,,4,4,1
2026_10_NE_DET,2026,REG,10,2026-11-15,Sunday,09:30,NE,,DET,,Neutral,,,7,7,0
2026_10_KC_ATL,2026,REG,10,2026-11-15,Sunday,13:00,KC,,ATL,,Home,,,7,7,0
2026_10_HOU_CLE,2026,REG,10,2026-11-15,Sunday,13:00,HOU,,CLE,,Home,,,7,7,0
2026_10_MIN_GB,2026,REG,10,2026-11-15,Sunday,13:00,MIN,,GB,,Home,,,6,7,1
2026_10_MIA_IND,2026,REG,10,2026-11-15,Sunday,13:00,MIA,,IND,,Home,,,7,7,0
2026_10_CAR_NO,2026,REG,10,2026-11-15,Sunday,13:00,CAR,,NO,,Home,,,7,7,1
2026_10_BUF_NYJ,2026,REG,10,2026-11-15,Sunday,13:00,BUF,,NYJ,,Home,,,6,7,1
2026_10_JAX_TEN,2026,REG,10,2026-11-15,Sunday,13:00,JAX,,TEN,,Home,,,10,14,1
2026_10_LA_ARI,2026,REG,10,2026-11-15,Sunday,16:05,LA,,ARI,,Home,,,7,7,1
2026_10_SEA_LV,2026,REG,10,2026-11-15,Sunday,16:05,SEA,,LV,,Home,,,7,7,0
2026_10_SF_DAL,2026,REG,10,2026-11-15,Sunday,16:25,SF,,DAL,,Home,,,7,7,0
2026_10_PIT_CIN,2026,REG,10,2026-11-15,Sunday,20:20,PIT,,CIN,,Home,,,14,7,1
2026_10_LAC_BAL,2026,REG,10,2026-11-16,Monday,20:15,LAC,,BAL,,Home,,,8,11,0
2026_11_IND_HOU,2026,REG,11,2026-11-19,Thursday,20:15,IND,,HOU,,Home,,,4,4,1
2026_11_MIA_BUF,2026,REG,11,2026-11-22,Sunday,13:00,MIA,,BUF,,Home,,,7,7,1
2026_11_BAL_CAR,2026,REG,11,2026-11-22,Sunday,13:00,BAL,,CAR,,Home,,,6,7,0
2026_11_NO_CHI,2026,REG,11,2026-11-22,Sunday,13:00,NO,,CHI,,Home,,,7,14,0
2026_11_TEN_DAL,2026,REG,11,2026-11-22,Sunday,13:00,TEN,,DAL,,Home,,,7,7,0
2026_11_TB_DET,2026,REG,11,2026-11-22,Sunday,13:00,TB,,DET,,Home,,,14,7,0
2026_11_ARI_KC,2026,REG,11,2026-11-22,Sunday,13:00,ARI,,KC,,Home,,,7,7,0
2026_11_JAX_NYG,2026,REG,11,2026-11-22,Sunday,13:00,JAX,,NYG,,Home,,,7,10,0
2026_11_NYJ_LAC,2026,REG,11,2026-11-22,Sunday,16:05,NYJ,,LAC,,Home,,,7,6,0
2026_11_LV_DEN,2026,REG,11,2026-11-22,Sunday,16:25,LV,,DEN,,Home,,,7,14,1
2026_11_PIT_PHI,2026,REG,11,2026-11-22,Sunday,16:25,PIT,,PHI,,Home,,,7,14,0
2026_11_MIN_SF,2026,REG,11,2026-11-22,Sunday,20:20,MIN,,SF,,Neutral,,,7,7,0
2026_11_CIN_WAS,2026,REG,11,2026-11-23,Monday,20:15,CIN,,WAS,,Home,,,8,11,0
2026_12_GB_LA,2026,REG,12,2026-11-25,Wednesday,20:00,GB,,LA,,Home,,,10,10,0
2026_12_CHI_DET,2026,REG,12,2026-11-26,Thursday,13:00,CHI,,DET,,Home,,,4,4,1
2026_12_PHI_DAL,2026,REG,12,2026-11-26,Thursday,16:30,PHI,,DAL,,Home,,,4,4,1
2026_12_KC_BUF,2026,REG,12,2026-11-26,Thursday,20:20,KC,,BUF,,Home,,,4,4,0
2026_12_DEN_PIT,2026,REG,12,2026-11-27,Friday,15:00,DEN,,PIT,,Home,,,5,5,0
2026_12_NO_CIN,2026,REG,12,2026-11-29,Sunday,13:00,NO,,CIN,,Home,,,7,6,0
2026_12_LV_CLE,2026,REG,12,2026-11-29,Sunday,13:00,LV,,CLE,,Home,,,7,14,0
2026_12_BAL_HOU,2026,REG,12,2026-11-29,Sunday,13:00,BAL,,HOU,,Home,,,7,10,0
2026_12_NYG_IND,2026,REG,12,2026-11-29,Sunday,13:00,NYG,,IND,,Home,,,7,10,0
2026_12_NYJ_MIA,2026,REG,12,2026-11-29,Sunday,13:00,NYJ,,MIA,,Home,,,7,7,1
2026_12_ATL_MIN,2026,REG,12,2026-11-29,Sunday,13:00,ATL,,MIN,,Home,,,14,7,0
2026_12_TEN_JAX,2026,REG,12,2026-11-29,Sunday,16:05,TEN,,JAX,,Home,,,7,7,1
2026_12_WAS_ARI,2026,REG,12,2026-11-29,Sunday,16:25,WAS,,ARI,,Home,,,6,7,0
2026_12_SEA_SF,2026,REG,12,2026-11-29,Sunday,16:25,SEA,,SF,,Home,,,14,7,1
2026_12_NE_LAC,2026,REG,12,2026-11-29,Sunday,20:20,NE,,LAC,,Home,,,14,7,0
2026_12_CAR_TB,2026,REG,12,2026-11-30,Monday,20:15,CAR,,TB,,Home,,,8,8,1
2026_13_KC_LA,2026,REG,13,2026-12-03,Thursday,20:15,KC,,LA,,Home,,,7,8,0
2026_13_DET_ATL,2026,REG,13,2026-12-06,Sunday,13:00,DET,,ATL,,Home,,,10,7,0
2026_13_JAX_CHI,2026,REG,13,2026-12-06,Sunday,13:00,JAX,,CHI,,Home,,,7,10,0
2026_13_CIN_CLE,2026,REG,13,2026-12-06,Sunday,13:00,CIN,,CLE,,Home,,,7,7,1
2026_13_GB_NO,2026,REG,13,2026-12-06,Sunday,13:00,GB,,NO,,Home,,,11,7,0
2026_13_SF_NYG,2026,REG,13,2026-12-06,Sunday,13:00,SF,,NYG,,Home,,,7,7,0
2026_13_LAC_TB,2026,REG,13,2026-12-06,Sunday,13:00,LAC,,TB,,Home,,,7,6,0
2026_13_WAS_TEN,2026,REG,13,2026-12-06,Sunday,13:00,WAS,,TEN,,Home,,,7,7,0
2026_13_PHI_ARI,2026,REG,13,2026-12-06,Sunday,16:05,PHI,,ARI,,Home,,,10,7,0
2026_13_MIA_DEN,2026,REG,13,2026-12-06,Sunday,16:05,MIA,,DEN,,Home,,,7,9,0
2026_13_CAR_MIN,2026,REG,13,2026-12-06,Sunday,16:25,CAR,,MIN,,Home,,,6,7,0
2026_13_BUF_NE,2026,REG,13,2026-12-06,Sunday,16:25,BUF,,NE,,Home,,,10,7,1
2026_13_HOU_PIT,2026,REG,13,2026-12-06,Sunday,20:20,HOU,,PIT,,Home,,,7,9,0
2026_13_DAL_SEA,2026,REG,13,2026-12-07,Monday,20:15,DAL,,SEA,,Home,,,11,8,0
2026_14_MIN_NE,2026,REG,14,2026-12-10,Thursday,20:15,MIN,,NE,,Home,,,4,4,0
2026_14_TB_BAL,2026,REG,14,2026-12-13,Sunday,13:00,TB,,BAL,,Home,,,7,14,0
2026_14_NO_CAR,2026,REG,14,2026-12-13,Sunday,13:00,NO,,CAR,,Home,,,7,7,1
2026_14_ATL_CLE,2026,REG,14,2026-12-13,Sunday,13:00,ATL,,CLE,,Home,,,7,7,0
2026_14_TEN_DET,2026,REG,14,2026-12-13,Sunday,13:00,TEN,,DET,,Home,,,7,7,0
2026_14_CHI_MIA,2026,REG,14,2026-12-13,Sunday,13:00,CHI,,MIA,,Home,,,7,7,0
2026_14_DEN_NYJ,2026,REG,14,2026-12-13,Sunday,13:00,DEN,,NYJ,,Home,,,7,14,0
2026_14_IND_PHI,2026,REG,14,2026-12-13,Sunday,13:00,IND,,PHI,,Home,,,14,7,0
2026_14_HOU_WAS,2026,REG,14,2026-12-13,Sunday,13:00,HOU,,WAS,,Home,,,7,7,0
2026_14_LAC_LV,2026,REG,14,2026-12-13,Sunday,16:05,LAC,,LV,,Home,,,7,14,1
2026_14_KC_CIN,2026,REG,14,2026-12-13,Sunday,16:25,KC,,CIN,,Home,,,10,7,0
2026_14_NYG_SEA,2026,REG,14,2026-12-13,Sunday,16:25,NYG,,SEA,,Home,,,7,6,0
2026_14_LA_SF,2026,REG,14,2026-12-13,Sunday,16:25,LA,,SF,,Home,,,10,7,1
2026_14_BUF_GB,2026,REG,14,2026-12-13,Sunday,20:20,BUF,,GB,,Home,,,7,7,0
2026_14_PIT_JAX,2026,REG,14,2026-12-14,Monday,20:15,PIT,,JAX,,Home,,,8,8,0
2026_15_SF_LAC,2026,REG,15,2026-12-17,Thursday,20:15,SF,,LAC,,Home,,,4,4,0
2026_15_SEA_PHI,2026,REG,15,2026-12-19,Saturday,17:00,SEA,,PHI,,Home,,,6,6,0
2026_15_CHI_BUF,2026,REG,15,2026-12-19,Saturday,20:20,CHI,,BUF,,Home,,,6,6,0
2026_15_CIN_CAR,2026,REG,15,2026-12-20,Sunday,13:00,CIN,,CAR,,Home,,,7,7,0
2026_15_MIA_GB,2026,REG,15,2026-12-20,Sunday,13:00,MIA,,GB,,Home,,,7,7,0
2026_15_JAX_HOU,2026,REG,15,2026-12-20,Sunday,13:00,JAX,,HOU,,Home,,,6,7,1
2026_15_CLE_NYG,2026,REG,15,2026-12-20,Sunday,13:00,CLE,,NYG,,Home,,,7,7,0
2026_15_BAL_PIT,2026,REG,15,2026-12-20,Sunday,13:00,BAL,,PIT,,Home,,,7,6,1
2026_15_NO_TB,2026,REG,15,2026-12-20,Sunday,13:00,NO,,TB,,Home,,,7,7,1
2026_15_IND_TEN,2026,REG,15,2026-12-20,Sunday,13:00,IND,,TEN,,Home,,,7,7,1
2026_15_ATL_WAS,2026,REG,15,2026-12-20,Sunday,13:00,ATL,,WAS,,Home,,,7,7,0
2026_15_NYJ_ARI,2026,REG,15,2026-12-20,Sunday,16:05,NYJ,,ARI,,Home,,,7,14,0
2026_15_DAL_LA,2026,REG,15,2026-12-20,Sunday,16:25,DAL,,LA,,Home,,,13,7,0
2026_15_DEN_LV,2026,REG,15,2026-12-20,Sunday,16:25,DEN,,LV,,Home,,,7,7,1
2026_15_DET_MIN,2026,REG,15,2026-12-20,Sunday,20:20,DET,,MIN,,Home,,,7,10,1
2026_15_NE_KC,2026,REG,15,2026-12-21,Monday,20:15,NE,,KC,,Home,,,11,8,0
2026_16_HOU_PHI,2026,REG,16,2026-12-24,Thursday,20:15,HOU,,PHI,,Home,,,4,5,0
2026_16_GB_CHI,2026,REG,16,2026-12-25,Friday,13:00,GB,,CHI,,Home,,,5,6,1
2026_16_BUF_DEN,2026,REG,16,2026-12-25,Friday,16:30,BUF,,DEN,,Home,,,6,5,0
2026_16_LA_SEA,2026,REG,16,2026-12-25,Friday,20:15,LA,,SEA,,Home,,,5,6,1
2026_16_TB_ATL,2026,REG,16,2026-12-27,Sunday,13:00,TB,,ATL,,Home,,,7,7,1
2026_16_CLE_BAL,2026,REG,16,2026-12-27,Sunday,13:00,CLE,,BAL,,Home,,,7,7,1
2026_16_CIN_IND,2026,REG,16,2026-12-27,Sunday,13:00,CIN,,IND,,Home,,,7,7,0
2026_16_LAC_MIA,2026,REG,16,2026-12-27,Sunday,13:00,LAC,,MIA,,Home,,,10,7,0
2026_16_WAS_MIN,2026,REG,16,2026-12-27,Sunday,13:00,WAS,,MIN,,Home,,,7,7,0
2026_16_ARI_NO,2026,REG,16,2026-12-27,Sunday,13:00,ARI,,NO,,Home,,,7,7,0
2026_16_NE_NYJ,2026,REG,16,2026-12-27,Sunday,13:00,NE,,NYJ,,Home,,,6,7,1
2026_16_CAR_PIT,2026,REG,16,2026-12-27,Sunday,13:00,CAR,,PIT,,Home,,,7,7,0
2026_16_TEN_LV,2026,REG,16,2026-12-27,Sunday,16:05,TEN,,LV,,Home,,,7,7,0
2026_16_SF_KC,2026,REG,16,2026-12-27,Sunday,16:25,SF,,KC,,Home,,,10,6,0
2026_16_JAX_DAL,2026,REG,16,2026-12-27,Sunday,20:20,JAX,,DAL,,Home,,,7,7,0
2026_16_NYG_DET,2026,REG,16,2026-12-28,Monday,20:15,NYG,,DET,,Home,,,8,8,0
2026_17_BAL_CIN,2026,REG,17,2026-12-31,Thursday,20:15,BAL,,CIN,,Home,,,4,4,1
2026_17_NO_ATL,2026,REG,17,2027-01-03,Sunday,13:00,NO,,ATL,,Home,,,7,7,1
2026_17_SEA_CAR,2026,REG,17,2027-01-03,Sunday,13:00,SEA,,CAR,,Home,,,9,7,0
2026_17_IND_CLE,2026,REG,17,2027-01-03,Sunday,13:00,IND,,CLE,,Home,,,7,7,0
2026_17_NYG_DAL,2026,REG,17,2027-01-03,Sunday,13:00,NYG,,DAL,,Home,,,6,7,1
2026_17_WAS_JAX,2026,REG,17,2027-01-03,Sunday,13:00,WAS,,JAX,,Home,,,7,7,0
2026_17_KC_LAC,2026,REG,17,2027-01-03,Sunday,13:00,KC,,LAC,,Home,,,7,7,1
2026_17_BUF_MIA,2026,REG,17,2027-01-03,Sunday,13:00,BUF,,MIA,,Home,,,9,7,1
2026_17_DEN_NE,2026,REG,17,2027-01-03,Sunday,13:00,DEN,,NE,,Home,,,9,7,0
2026_17_MIN_NYJ,2026,REG,17,2027-01-03,Sunday,13:00,MIN,,NYJ,,Home,,,7,7,0
2026_17_LA_TB,2026,REG,17,2027-01-03,Sunday,13:00,LA,,TB,,Home,,,9,7,0
2026_17_PIT_TEN,2026,REG,17,2027-01-03,Sunday,13:00,PIT,,TEN,,Home,,,7,7,0
2026_17_LV_ARI,2026,REG,17,2027-01-03,Sunday,16:05,LV,,ARI,,Home,,,7,7,0
2026_17_DET_CHI,2026,REG,17,2027-01-03,Sunday,16:25,DET,,CHI,,Home,,,6,9,1
2026_17_PHI_SF,2026,REG,17,2027-01-03,Sunday,20:20,PHI,,SF,,Home,,,10,7,0
2026_17_HOU_GB,2026,REG,17,2027-01-04,Monday,20:15,HOU,,GB,,Home,,,11,10,0
2026_18_SF_ARI,2026,REG,18,2027-01-10,Sunday,13:00,SF,,ARI,,Home,,,7,7,1
2026_18_PIT_BAL,2026,REG,18,2027-01-10,Sunday,13:00,PIT,,BAL,,Home,,,7,10,1
2026_18_NYJ_BUF,2026,REG,18,2027-01-10,Sunday,13:00,NYJ,,BUF,,Home,,,7,7,1
2026_18_ATL_CAR,2026,REG,18,2027-01-10,Sunday,13:00,ATL,,CAR,,Home,,,7,7,1
2026_18_CLE_CIN,2026,REG,18,2027-01-10,Sunday,13:00,CLE,,CIN,,Home,,,7,10,1
2026_18_LAC_DEN,2026,REG,18,2027-01-10,Sunday,13:00,LAC,,DEN,,Home,,,7,7,1
2026_18_DET_GB,2026,REG,18,2027-01-10,Sunday,13:00,DET,,GB,,Home,,,7,6,1
2026_18_TEN_HOU,2026,REG,18,2027-01-10,Sunday,13:00,TEN,,HOU,,Home,,,7,6,1
2026_18_JAX_IND,2026,REG,18,2027-01-10,Sunday,13:00,JAX,,IND,,Home,,,7,7,1
2026_18_LV_KC,2026,REG,18,2027-01-10,Sunday,13:00,LV,,KC,,Home,,,7,7,1
2026_18_SEA_LA,2026,REG,18,2027-01-10,Sunday,13:00,SEA,,LA,,Home,,,7,7,1
2026_18_CHI_MIN,2026,REG,18,2027-01-10,Sunday,13:00,CHI,,MIN,,Home,,,7,7,1
2026_18_MIA_NE,2026,REG,18,2027-01-10,Sunday,13:00,MIA,,NE,,Home,,,7,7,1
2026_18_TB_NO,2026,REG,18,2027-01-10,Sunday,13:00,TB,,NO,,Home,,,7,7,1
2026_18_PHI_NYG,2026,REG,18,2027-01-10,Sunday,13:00,PHI,,NYG,,Home,,,7,7,1
2026_18_DAL_WAS,2026,REG,18,2027-01-10,Sunday,13:00,DAL,,WAS,,Home,,,7,7,1
